"n","p","test","rep","seed","time_sec","mem_bytes","glm_iter","refit_iter","refit_converged","n_events","event_rate"
200,4,"DEF.poly3",1,20360707,0.0066913000000568,107872,4,NA,NA,91,0.455
200,4,"DEF.poly3",2,20360708,0.00413790000015979,107872,4,NA,NA,96,0.48
200,4,"DEF.poly3",3,20360709,0.00537240000016936,107872,4,NA,NA,104,0.52
200,4,"DEF.poly3",4,20360710,0.00636940000026698,107872,4,NA,NA,103,0.515
200,4,"DEF.poly3",5,20360711,0.00481380000019271,107872,4,NA,NA,90,0.45
200,4,"DEF.poly3",6,20360712,0.00428800000008778,107872,4,NA,NA,88,0.44
200,4,"DEF.poly3",7,20360713,0.0106957000000421,107872,4,NA,NA,104,0.52
200,4,"DEF.poly3",8,20360714,0.0116299000001163,107872,4,NA,NA,90,0.45
200,4,"DEF.poly3",9,20360715,0.0112036000000444,107872,4,NA,NA,96,0.48
200,4,"DEF.poly3",10,20360716,0.010922599999958,107872,4,NA,NA,101,0.505
200,4,"DEF.poly3",11,20360717,0.0043046000000686,107872,4,NA,NA,113,0.565
200,4,"DEF.poly3",12,20360718,0.0125123000000258,107872,4,NA,NA,112,0.56
200,4,"DEF.poly3",13,20360719,0.0177817000001141,107872,4,NA,NA,110,0.55
200,4,"DEF.poly3",14,20360720,0.0105838000001768,107872,4,NA,NA,102,0.51
200,4,"DEF.poly3",15,20360721,0.0105118000001312,107872,4,NA,NA,96,0.48
200,4,"DEF.poly3",16,20360722,0.00381040000024768,107872,4,NA,NA,94,0.47
200,4,"DEF.poly3",17,20360723,0.0148581000003105,107872,4,NA,NA,108,0.54
200,4,"DEF.poly3",18,20360724,0.015456100000165,107872,4,NA,NA,91,0.455
200,4,"DEF.poly3",19,20360725,0.0108557000003202,107872,4,NA,NA,109,0.545
200,4,"DEF.poly3",20,20360726,0.0116143000002467,107872,4,NA,NA,96,0.48
200,4,"DEF.poly3",21,20360727,0.00364040000022214,107872,4,NA,NA,107,0.535
200,4,"DEF.poly3",22,20360728,0.01158310000028,107872,4,NA,NA,111,0.555
200,4,"DEF.poly3",23,20360729,0.0112812000002123,107872,4,NA,NA,102,0.51
200,4,"DEF.poly3",24,20360730,0.0163303000001633,107872,4,NA,NA,102,0.51
200,4,"DEF.poly3",25,20360731,0.0198047000001225,107872,4,NA,NA,113,0.565
200,4,"DEF.poly3",26,20360732,0.00418980000017655,107872,4,NA,NA,86,0.43
200,4,"DEF.poly3",27,20360733,0.00468270000010307,107872,3,NA,NA,107,0.535
200,4,"DEF.poly3",28,20360734,0.010326200000236,107872,4,NA,NA,95,0.475
200,4,"DEF.poly3",29,20360735,0.0129052000002048,107872,4,NA,NA,94,0.47
200,4,"DEF.poly3",30,20360736,0.00337630000012723,107896,3,NA,NA,108,0.54
200,4,"DEF.stukel",1,20360707,0.00415650000013557,100968,4,NA,NA,91,0.455
200,4,"DEF.stukel",2,20360708,0.00383750000014516,100968,4,NA,NA,96,0.48
200,4,"DEF.stukel",3,20360709,0.00840800000014497,100968,4,NA,NA,104,0.52
200,4,"DEF.stukel",4,20360710,0.0070815000001403,100968,4,NA,NA,103,0.515
200,4,"DEF.stukel",5,20360711,0.00459070000010797,100968,4,NA,NA,90,0.45
200,4,"DEF.stukel",6,20360712,0.00417320000019572,100968,4,NA,NA,88,0.44
200,4,"DEF.stukel",7,20360713,0.00409330000002228,100968,4,NA,NA,104,0.52
200,4,"DEF.stukel",8,20360714,0.0064396000002489,100968,4,NA,NA,90,0.45
200,4,"DEF.stukel",9,20360715,0.00447529999996732,100968,4,NA,NA,96,0.48
200,4,"DEF.stukel",10,20360716,0.00503380000009201,100968,4,NA,NA,101,0.505
200,4,"DEF.stukel",11,20360717,0.00355330000002141,100968,4,NA,NA,113,0.565
200,4,"DEF.stukel",12,20360718,0.0075237000000925,100968,4,NA,NA,112,0.56
200,4,"DEF.stukel",13,20360719,0.00510960000019622,100968,4,NA,NA,110,0.55
200,4,"DEF.stukel",14,20360720,0.00472630000012941,100968,4,NA,NA,102,0.51
200,4,"DEF.stukel",15,20360721,0.00440350000008038,100968,4,NA,NA,96,0.48
200,4,"DEF.stukel",16,20360722,0.00366780000013023,100968,4,NA,NA,94,0.47
200,4,"DEF.stukel",17,20360723,0.00422939999998562,100968,4,NA,NA,108,0.54
200,4,"DEF.stukel",18,20360724,0.00404590000016469,100968,4,NA,NA,91,0.455
200,4,"DEF.stukel",19,20360725,0.00401000000010754,100968,4,NA,NA,109,0.545
200,4,"DEF.stukel",20,20360726,0.00436770000010256,100968,4,NA,NA,96,0.48
200,4,"DEF.stukel",21,20360727,0.00307560000010199,100968,4,NA,NA,107,0.535
200,4,"DEF.stukel",22,20360728,0.0044444000002386,100968,4,NA,NA,111,0.555
200,4,"DEF.stukel",23,20360729,0.00406850000013037,100968,4,NA,NA,102,0.51
200,4,"DEF.stukel",24,20360730,0.00435010000001057,100968,4,NA,NA,102,0.51
200,4,"DEF.stukel",25,20360731,0.00471260000017537,100968,4,NA,NA,113,0.565
200,4,"DEF.stukel",26,20360732,0.00376800000026378,100968,4,NA,NA,86,0.43
200,4,"DEF.stukel",27,20360733,0.00413490000005368,100968,3,NA,NA,107,0.535
200,4,"DEF.stukel",28,20360734,0.00750940000011724,100968,4,NA,NA,95,0.475
200,4,"DEF.stukel",29,20360735,0.0111923000001752,100968,4,NA,NA,94,0.47
200,4,"DEF.stukel",30,20360736,0.00384080000003451,100968,3,NA,NA,108,0.54
200,4,"EF",1,20360707,0.00277790000018285,55768,4,NA,NA,91,0.455
200,4,"EF",2,20360708,0.00242840000032629,55768,4,NA,NA,96,0.48
200,4,"EF",3,20360709,0.0033766999999898,55768,4,NA,NA,104,0.52
200,4,"EF",4,20360710,0.00246510000033595,55768,4,NA,NA,103,0.515
200,4,"EF",5,20360711,0.00263760000029833,55768,4,NA,NA,90,0.45
200,4,"EF",6,20360712,0.00178430000028129,55768,4,NA,NA,88,0.44
200,4,"EF",7,20360713,0.00278330000014648,55768,4,NA,NA,104,0.52
200,4,"EF",8,20360714,0.00322929999992994,55768,4,NA,NA,90,0.45
200,4,"EF",9,20360715,0.00253080000015871,55768,4,NA,NA,96,0.48
200,4,"EF",10,20360716,0.00253050000014809,55768,4,NA,NA,101,0.505
200,4,"EF",11,20360717,0.00228790000005574,55768,4,NA,NA,113,0.565
200,4,"EF",12,20360718,0.002190800000335,55768,4,NA,NA,112,0.56
200,4,"EF",13,20360719,0.00347759999999653,55768,4,NA,NA,110,0.55
200,4,"EF",14,20360720,0.00246660000016163,55768,4,NA,NA,102,0.51
200,4,"EF",15,20360721,0.00258000000030734,55768,4,NA,NA,96,0.48
200,4,"EF",16,20360722,0.00241600000026665,55768,4,NA,NA,94,0.47
200,4,"EF",17,20360723,0.00296500000013111,55768,4,NA,NA,108,0.54
200,4,"EF",18,20360724,0.00266460000034385,55768,4,NA,NA,91,0.455
200,4,"EF",19,20360725,0.00252440000031129,55768,4,NA,NA,109,0.545
200,4,"EF",20,20360726,0.00289429999997992,55768,4,NA,NA,96,0.48
200,4,"EF",21,20360727,0.002791100000195,55768,4,NA,NA,107,0.535
200,4,"EF",22,20360728,0.00281270000004952,55768,4,NA,NA,111,0.555
200,4,"EF",23,20360729,0.0024166000000605,55768,4,NA,NA,102,0.51
200,4,"EF",24,20360730,0.00484420000020691,55768,4,NA,NA,102,0.51
200,4,"EF",25,20360731,0.00252610000006825,55768,4,NA,NA,113,0.565
200,4,"EF",26,20360732,0.0022180000003118,55768,4,NA,NA,86,0.43
200,4,"EF",27,20360733,0.00576620000015282,55768,3,NA,NA,107,0.535
200,4,"EF",28,20360734,0.00252250000016829,55768,4,NA,NA,95,0.475
200,4,"EF",29,20360735,0.00242600000001403,55768,4,NA,NA,94,0.47
200,4,"EF",30,20360736,0.00218380000023899,55768,3,NA,NA,108,0.54
200,4,"HL",1,20360707,0.00236010000003262,43472,4,NA,NA,91,0.455
200,4,"HL",2,20360708,0.00156180000021777,43472,4,NA,NA,96,0.48
200,4,"HL",3,20360709,0.0024231999998392,43472,4,NA,NA,104,0.52
200,4,"HL",4,20360710,0.00385110000001987,43472,4,NA,NA,103,0.515
200,4,"HL",5,20360711,0.00207190000014634,43472,4,NA,NA,90,0.45
200,4,"HL",6,20360712,0.00186070000017935,43472,4,NA,NA,88,0.44
200,4,"HL",7,20360713,0.00227020000033917,43472,4,NA,NA,104,0.52
200,4,"HL",8,20360714,0.00362590000008822,43472,4,NA,NA,90,0.45
200,4,"HL",9,20360715,0.00236760000007052,43472,4,NA,NA,96,0.48
200,4,"HL",10,20360716,0.00239960000021711,43472,4,NA,NA,101,0.505
200,4,"HL",11,20360717,0.00151790000018082,43472,4,NA,NA,113,0.565
200,4,"HL",12,20360718,0.00240560000020196,43472,4,NA,NA,112,0.56
200,4,"HL",13,20360719,0.00219710000010309,43472,4,NA,NA,110,0.55
200,4,"HL",14,20360720,0.00260610000009365,43472,4,NA,NA,102,0.51
200,4,"HL",15,20360721,0.00239780000015344,43472,4,NA,NA,96,0.48
200,4,"HL",16,20360722,0.00198810000006233,43472,4,NA,NA,94,0.47
200,4,"HL",17,20360723,0.0025273000001107,43472,4,NA,NA,108,0.54
200,4,"HL",18,20360724,0.00199740000016391,43472,4,NA,NA,91,0.455
200,4,"HL",19,20360725,0.00232920000007653,43472,4,NA,NA,109,0.545
200,4,"HL",20,20360726,0.0020742000001519,43472,4,NA,NA,96,0.48
200,4,"HL",21,20360727,0.00257090000013704,43472,4,NA,NA,107,0.535
200,4,"HL",22,20360728,0.00237990000027821,43472,4,NA,NA,111,0.555
200,4,"HL",23,20360729,0.00254350000000159,43472,4,NA,NA,102,0.51
200,4,"HL",24,20360730,0.00234000000000378,43472,4,NA,NA,102,0.51
200,4,"HL",25,20360731,0.00237740000011399,43472,4,NA,NA,113,0.565
200,4,"HL",26,20360732,0.00218760000007023,43472,4,NA,NA,86,0.43
200,4,"HL",27,20360733,0.0024345000001631,43472,3,NA,NA,107,0.535
200,4,"HL",28,20360734,0.00228720000018257,43472,4,NA,NA,95,0.475
200,4,"HL",29,20360735,0.00231040000016947,43472,4,NA,NA,94,0.47
200,4,"HL",30,20360736,0.00195220000000518,43472,3,NA,NA,108,0.54
200,4,"Pigeon-Heyse",1,20360707,0.00234450000016295,45792,4,NA,NA,91,0.455
200,4,"Pigeon-Heyse",2,20360708,0.00211090000016156,45792,4,NA,NA,96,0.48
200,4,"Pigeon-Heyse",3,20360709,0.00312480000025062,45792,4,NA,NA,104,0.52
200,4,"Pigeon-Heyse",4,20360710,0.0030223000001115,45792,4,NA,NA,103,0.515
200,4,"Pigeon-Heyse",5,20360711,0.00243990000012673,45792,4,NA,NA,90,0.45
200,4,"Pigeon-Heyse",6,20360712,0.00152180000009139,45792,4,NA,NA,88,0.44
200,4,"Pigeon-Heyse",7,20360713,0.00291190000007191,45792,4,NA,NA,104,0.52
200,4,"Pigeon-Heyse",8,20360714,0.00234550000004674,45792,4,NA,NA,90,0.45
200,4,"Pigeon-Heyse",9,20360715,0.00268540000024586,45792,4,NA,NA,96,0.48
200,4,"Pigeon-Heyse",10,20360716,0.00249200000030214,45792,4,NA,NA,101,0.505
200,4,"Pigeon-Heyse",11,20360717,0.00193400000011934,45792,4,NA,NA,113,0.565
200,4,"Pigeon-Heyse",12,20360718,0.00268400000027214,45792,4,NA,NA,112,0.56
200,4,"Pigeon-Heyse",13,20360719,0.00383800000008705,45792,4,NA,NA,110,0.55
200,4,"Pigeon-Heyse",14,20360720,0.00248570000007931,45792,4,NA,NA,102,0.51
200,4,"Pigeon-Heyse",15,20360721,0.0026791000002504,45792,4,NA,NA,96,0.48
200,4,"Pigeon-Heyse",16,20360722,0.00635630000010678,45792,4,NA,NA,94,0.47
200,4,"Pigeon-Heyse",17,20360723,0.00585790000013731,45792,4,NA,NA,108,0.54
200,4,"Pigeon-Heyse",18,20360724,0.00254260000019713,45792,4,NA,NA,91,0.455
200,4,"Pigeon-Heyse",19,20360725,0.00273910000009892,45792,4,NA,NA,109,0.545
200,4,"Pigeon-Heyse",20,20360726,0.00283090000016273,45792,4,NA,NA,96,0.48
200,4,"Pigeon-Heyse",21,20360727,0.00219790000028297,45792,4,NA,NA,107,0.535
200,4,"Pigeon-Heyse",22,20360728,0.00318640000023152,45792,4,NA,NA,111,0.555
200,4,"Pigeon-Heyse",23,20360729,0.00248030000011568,45792,4,NA,NA,102,0.51
200,4,"Pigeon-Heyse",24,20360730,0.0024327000003268,45792,4,NA,NA,102,0.51
200,4,"Pigeon-Heyse",25,20360731,0.00236880000011297,45792,4,NA,NA,113,0.565
200,4,"Pigeon-Heyse",26,20360732,0.00195770000004813,45792,4,NA,NA,86,0.43
200,4,"Pigeon-Heyse",27,20360733,0.00252080000018395,45792,3,NA,NA,107,0.535
200,4,"Pigeon-Heyse",28,20360734,0.00301530000024286,45792,4,NA,NA,95,0.475
200,4,"Pigeon-Heyse",29,20360735,0.00247670000021571,45792,4,NA,NA,94,0.47
200,4,"Pigeon-Heyse",30,20360736,0.00215750000006665,45792,3,NA,NA,108,0.54
200,4,"Osius-Rojek",1,20360707,0.00178480000022319,58168,4,NA,NA,91,0.455
200,4,"Osius-Rojek",2,20360708,0.00144160000013471,58168,4,NA,NA,96,0.48
200,4,"Osius-Rojek",3,20360709,0.0017520000001241,58168,4,NA,NA,104,0.52
200,4,"Osius-Rojek",4,20360710,0.00173660000018572,58168,4,NA,NA,103,0.515
200,4,"Osius-Rojek",5,20360711,0.00163169999996171,58168,4,NA,NA,90,0.45
200,4,"Osius-Rojek",6,20360712,0.00155080000013186,58168,4,NA,NA,88,0.44
200,4,"Osius-Rojek",7,20360713,0.00207390000014129,58168,4,NA,NA,104,0.52
200,4,"Osius-Rojek",8,20360714,0.00153999999997723,58168,4,NA,NA,90,0.45
200,4,"Osius-Rojek",9,20360715,0.00209720000020752,58168,4,NA,NA,96,0.48
200,4,"Osius-Rojek",10,20360716,0.00217790000033347,58168,4,NA,NA,101,0.505
200,4,"Osius-Rojek",11,20360717,0.00149680000026819,58168,4,NA,NA,113,0.565
200,4,"Osius-Rojek",12,20360718,0.0015493000000788,58168,4,NA,NA,112,0.56
200,4,"Osius-Rojek",13,20360719,0.00199080000015783,58168,4,NA,NA,110,0.55
200,4,"Osius-Rojek",14,20360720,0.00170900000011898,58168,4,NA,NA,102,0.51
200,4,"Osius-Rojek",15,20360721,0.00174209999977393,58168,4,NA,NA,96,0.48
200,4,"Osius-Rojek",16,20360722,0.00121390000026622,58168,4,NA,NA,94,0.47
200,4,"Osius-Rojek",17,20360723,0.00176520000013625,58168,4,NA,NA,108,0.54
200,4,"Osius-Rojek",18,20360724,0.00164960000029168,58168,4,NA,NA,91,0.455
200,4,"Osius-Rojek",19,20360725,0.00206440000010844,58168,4,NA,NA,109,0.545
200,4,"Osius-Rojek",20,20360726,0.00187940000023445,58168,4,NA,NA,96,0.48
200,4,"Osius-Rojek",21,20360727,0.0014426000000185,58168,4,NA,NA,107,0.535
200,4,"Osius-Rojek",22,20360728,0.00166860000013003,58168,4,NA,NA,111,0.555
200,4,"Osius-Rojek",23,20360729,0.00246629999992365,58168,4,NA,NA,102,0.51
200,4,"Osius-Rojek",24,20360730,0.00175930000023072,58168,4,NA,NA,102,0.51
200,4,"Osius-Rojek",25,20360731,0.00166820000004009,58168,4,NA,NA,113,0.565
200,4,"Osius-Rojek",26,20360732,0.00117360000012923,58168,4,NA,NA,86,0.43
200,4,"Osius-Rojek",27,20360733,0.00187590000018645,58168,3,NA,NA,107,0.535
200,4,"Osius-Rojek",28,20360734,0.00171710000017811,58168,4,NA,NA,95,0.475
200,4,"Osius-Rojek",29,20360735,0.0019595000001118,58168,4,NA,NA,94,0.47
200,4,"Osius-Rojek",30,20360736,0.00146070000027976,58168,3,NA,NA,108,0.54
200,4,"Stukel",1,20360707,0.00183080000033442,72184,4,5,1,91,0.455
200,4,"Stukel",2,20360708,0.00150580000013179,72184,4,5,1,96,0.48
200,4,"Stukel",3,20360709,0.00169940000000679,72184,4,5,1,104,0.52
200,4,"Stukel",4,20360710,0.00221150000015768,72184,4,5,1,103,0.515
200,4,"Stukel",5,20360711,0.00164890000019113,72184,4,5,1,90,0.45
200,4,"Stukel",6,20360712,0.00179090000005999,72184,4,5,1,88,0.44
200,4,"Stukel",7,20360713,0.0022550000001047,72184,4,5,1,104,0.52
200,4,"Stukel",8,20360714,0.00233280000020386,72184,4,5,1,90,0.45
200,4,"Stukel",9,20360715,0.00581780000015897,72184,4,5,1,96,0.48
200,4,"Stukel",10,20360716,0.00158360000023094,72184,4,5,1,101,0.505
200,4,"Stukel",11,20360717,0.00106360000017958,72184,4,5,1,113,0.565
200,4,"Stukel",12,20360718,0.00201510000010785,72184,4,5,1,112,0.56
200,4,"Stukel",13,20360719,0.00159650000023248,72184,4,5,1,110,0.55
200,4,"Stukel",14,20360720,0.00208880000013778,72184,4,5,1,102,0.51
200,4,"Stukel",15,20360721,0.00191240000026482,72184,4,5,1,96,0.48
200,4,"Stukel",16,20360722,0.00183940000010807,72184,4,5,1,94,0.47
200,4,"Stukel",17,20360723,0.00186120000012124,72184,4,5,1,108,0.54
200,4,"Stukel",18,20360724,0.00196370000026036,72184,4,5,1,91,0.455
200,4,"Stukel",19,20360725,0.00300020000008772,72184,4,5,1,109,0.545
200,4,"Stukel",20,20360726,0.00260380000008809,72184,4,5,1,96,0.48
200,4,"Stukel",21,20360727,0.00263550000022406,72184,4,5,1,107,0.535
200,4,"Stukel",22,20360728,0.00257610000016939,72184,4,5,1,111,0.555
200,4,"Stukel",23,20360729,0.00194730000021082,72184,4,5,1,102,0.51
200,4,"Stukel",24,20360730,0.00364340000010088,72184,4,5,1,102,0.51
200,4,"Stukel",25,20360731,0.00182670000003782,72184,4,5,1,113,0.565
200,4,"Stukel",26,20360732,0.00156980000019757,72184,4,5,1,86,0.43
200,4,"Stukel",27,20360733,0.00425840000002609,72184,3,5,1,107,0.535
200,4,"Stukel",28,20360734,0.00249430000008033,72184,4,5,1,95,0.475
200,4,"Stukel",29,20360735,0.0018340999999964,72184,4,5,1,94,0.47
200,4,"Stukel",30,20360736,0.00161430000002838,72184,3,5,1,108,0.54
200,4,"Tsiatis",1,20360707,0.0131264000001465,189216,4,NA,NA,91,0.455
200,4,"Tsiatis",2,20360708,0.00266200000010031,189216,4,NA,NA,96,0.48
200,4,"Tsiatis",3,20360709,0.00345310000011523,189216,4,NA,NA,104,0.52
200,4,"Tsiatis",4,20360710,0.00936260000025868,189216,4,NA,NA,103,0.515
200,4,"Tsiatis",5,20360711,0.00347209999995357,189216,4,NA,NA,90,0.45
200,4,"Tsiatis",6,20360712,0.0032389000002695,189216,4,NA,NA,88,0.44
200,4,"Tsiatis",7,20360713,0.00363970000034897,189216,4,NA,NA,104,0.52
200,4,"Tsiatis",8,20360714,0.00350019999996221,189216,4,NA,NA,90,0.45
200,4,"Tsiatis",9,20360715,0.00343110000017077,189216,4,NA,NA,96,0.48
200,4,"Tsiatis",10,20360716,0.00371260000019902,189216,4,NA,NA,101,0.505
200,4,"Tsiatis",11,20360717,0.00272840000002361,189216,4,NA,NA,113,0.565
200,4,"Tsiatis",12,20360718,0.00495870000008836,189216,4,NA,NA,112,0.56
200,4,"Tsiatis",13,20360719,0.00337839999997414,189216,4,NA,NA,110,0.55
200,4,"Tsiatis",14,20360720,0.00371040000004541,189216,4,NA,NA,102,0.51
200,4,"Tsiatis",15,20360721,0.00367500000015752,189216,4,NA,NA,96,0.48
200,4,"Tsiatis",16,20360722,0.00308430000018234,189216,4,NA,NA,94,0.47
200,4,"Tsiatis",17,20360723,0.00334220000013374,189216,4,NA,NA,108,0.54
200,4,"Tsiatis",18,20360724,0.00338050000004841,189216,4,NA,NA,91,0.455
200,4,"Tsiatis",19,20360725,0.00330700000017714,189216,4,NA,NA,109,0.545
200,4,"Tsiatis",20,20360726,0.00341400000024805,189216,4,NA,NA,96,0.48
200,4,"Tsiatis",21,20360727,0.00298160000011194,189216,4,NA,NA,107,0.535
200,4,"Tsiatis",22,20360728,0.00367540000002009,189216,4,NA,NA,111,0.555
200,4,"Tsiatis",23,20360729,0.00364330000024893,189216,4,NA,NA,102,0.51
200,4,"Tsiatis",24,20360730,0.00718740000024809,189216,4,NA,NA,102,0.51
200,4,"Tsiatis",25,20360731,0.00384920000010425,189216,4,NA,NA,113,0.565
200,4,"Tsiatis",26,20360732,0.00218640000025516,189216,4,NA,NA,86,0.43
200,4,"Tsiatis",27,20360733,0.00433390000034706,189216,3,NA,NA,107,0.535
200,4,"Tsiatis",28,20360734,0.00334560000010242,189216,4,NA,NA,95,0.475
200,4,"Tsiatis",29,20360735,0.00337280000007922,189216,4,NA,NA,94,0.47
200,4,"Tsiatis",30,20360736,0.00265980000017407,189216,3,NA,NA,108,0.54
200,4,"Xie",1,20360707,0.00750540000012734,417464,4,NA,NA,91,0.455
200,4,"Xie",2,20360708,0.00689520000014454,417256,4,NA,NA,96,0.48
200,4,"Xie",3,20360709,0.00648139999998421,417048,4,NA,NA,104,0.52
200,4,"Xie",4,20360710,0.00848530000030223,417248,4,NA,NA,103,0.515
200,4,"Xie",5,20360711,0.00761650000004011,417080,4,NA,NA,90,0.45
200,4,"Xie",6,20360712,0.0062267000000702,417008,4,NA,NA,88,0.44
200,4,"Xie",7,20360713,0.0090802000001986,417144,4,NA,NA,104,0.52
200,4,"Xie",8,20360714,0.00876560000006066,417480,4,NA,NA,90,0.45
200,4,"Xie",9,20360715,0.00933560000021316,417464,4,NA,NA,96,0.48
200,4,"Xie",10,20360716,0.00729810000007092,417192,4,NA,NA,101,0.505
200,4,"Xie",11,20360717,0.00742400000035559,417352,4,NA,NA,113,0.565
200,4,"Xie",12,20360718,0.00916170000027705,417064,4,NA,NA,112,0.56
200,4,"Xie",13,20360719,0.00701010000011593,416712,4,NA,NA,110,0.55
200,4,"Xie",14,20360720,0.00820840000005774,417080,4,NA,NA,102,0.51
200,4,"Xie",15,20360721,0.00765130000013414,416776,4,NA,NA,96,0.48
200,4,"Xie",16,20360722,0.00711520000027122,417480,4,NA,NA,94,0.47
200,4,"Xie",17,20360723,0.00817950000032397,417144,4,NA,NA,108,0.54
200,4,"Xie",18,20360724,0.00699140000006082,417192,4,NA,NA,91,0.455
200,4,"Xie",19,20360725,0.0102943000001687,416904,4,NA,NA,109,0.545
200,4,"Xie",20,20360726,0.00904650000006768,417608,4,NA,NA,96,0.48
200,4,"Xie",21,20360727,0.00690159999999196,417280,4,NA,NA,107,0.535
200,4,"Xie",22,20360728,0.0102928999999676,417096,4,NA,NA,111,0.555
200,4,"Xie",23,20360729,0.00868860000014138,416656,4,NA,NA,102,0.51
200,4,"Xie",24,20360730,0.0125875000001088,417480,4,NA,NA,102,0.51
200,4,"Xie",25,20360731,0.00796340000010787,417448,4,NA,NA,113,0.565
200,4,"Xie",26,20360732,0.00709290000031615,417664,4,NA,NA,86,0.43
200,4,"Xie",27,20360733,0.00827390000017658,416744,3,NA,NA,107,0.535
200,4,"Xie",28,20360734,0.00880940000024566,417144,4,NA,NA,95,0.475
200,4,"Xie",29,20360735,0.00732360000006338,417432,4,NA,NA,94,0.47
200,4,"Xie",30,20360736,0.00654700000018238,417208,3,NA,NA,108,0.54
200,4,"Pulkstenis-Robinson",1,20360707,0.00327570000013111,85160,4,NA,NA,91,0.455
200,4,"Pulkstenis-Robinson",2,20360708,0.00208490000022721,85096,4,NA,NA,96,0.48
200,4,"Pulkstenis-Robinson",3,20360709,0.00222880000023906,85160,4,NA,NA,104,0.52
200,4,"Pulkstenis-Robinson",4,20360710,0.00412540000024819,85160,4,NA,NA,103,0.515
200,4,"Pulkstenis-Robinson",5,20360711,0.00185840000017379,85160,4,NA,NA,90,0.45
200,4,"Pulkstenis-Robinson",6,20360712,0.00173530000029132,85160,4,NA,NA,88,0.44
200,4,"Pulkstenis-Robinson",7,20360713,0.00219620000007126,85160,4,NA,NA,104,0.52
200,4,"Pulkstenis-Robinson",8,20360714,0.00246810000021469,85160,4,NA,NA,90,0.45
200,4,"Pulkstenis-Robinson",9,20360715,0.00236760000007052,85160,4,NA,NA,96,0.48
200,4,"Pulkstenis-Robinson",10,20360716,0.00223230000005969,85096,4,NA,NA,101,0.505
200,4,"Pulkstenis-Robinson",11,20360717,0.00346950000016477,85160,4,NA,NA,113,0.565
200,4,"Pulkstenis-Robinson",12,20360718,0.00468020000016622,85096,4,NA,NA,112,0.56
200,4,"Pulkstenis-Robinson",13,20360719,0.00244360000010602,85160,4,NA,NA,110,0.55
200,4,"Pulkstenis-Robinson",14,20360720,0.00315660000023854,85160,4,NA,NA,102,0.51
200,4,"Pulkstenis-Robinson",15,20360721,0.00390640000023268,85096,4,NA,NA,96,0.48
200,4,"Pulkstenis-Robinson",16,20360722,0.00208770000017466,85160,4,NA,NA,94,0.47
200,4,"Pulkstenis-Robinson",17,20360723,0.00254150000023401,85160,4,NA,NA,108,0.54
200,4,"Pulkstenis-Robinson",18,20360724,0.00206760000014583,85160,4,NA,NA,91,0.455
200,4,"Pulkstenis-Robinson",19,20360725,0.00275070000020605,85160,4,NA,NA,109,0.545
200,4,"Pulkstenis-Robinson",20,20360726,0.00267670000016551,85160,4,NA,NA,96,0.48
200,4,"Pulkstenis-Robinson",21,20360727,0.00234770000020035,85160,4,NA,NA,107,0.535
200,4,"Pulkstenis-Robinson",22,20360728,0.0021118000001934,85160,4,NA,NA,111,0.555
200,4,"Pulkstenis-Robinson",23,20360729,0.00204000000030646,85160,4,NA,NA,102,0.51
200,4,"Pulkstenis-Robinson",24,20360730,0.00246600000014041,85096,4,NA,NA,102,0.51
200,4,"Pulkstenis-Robinson",25,20360731,0.00252470000009453,85160,4,NA,NA,113,0.565
200,4,"Pulkstenis-Robinson",26,20360732,0.00214800000003379,85160,4,NA,NA,86,0.43
200,4,"Pulkstenis-Robinson",27,20360733,0.00331190000019888,85096,3,NA,NA,107,0.535
200,4,"Pulkstenis-Robinson",28,20360734,0.00266430000033324,85096,4,NA,NA,95,0.475
200,4,"Pulkstenis-Robinson",29,20360735,0.00218749999999091,85160,4,NA,NA,94,0.47
200,4,"Pulkstenis-Robinson",30,20360736,0.00194910000027448,85096,3,NA,NA,108,0.54
200,4,"le-Cessie",1,20360707,0.0232445999999982,5501632,4,NA,NA,91,0.455
200,4,"le-Cessie",2,20360708,0.0204969999999776,5501632,4,NA,NA,96,0.48
200,4,"le-Cessie",3,20360709,0.0239376999998058,5501632,4,NA,NA,104,0.52
200,4,"le-Cessie",4,20360710,0.024210800000219,5501632,4,NA,NA,103,0.515
200,4,"le-Cessie",5,20360711,0.0204836000002615,5501632,4,NA,NA,90,0.45
200,4,"glm_fit",1,20360707,0.00235730000031253,422040,4,NA,NA,91,0.455
200,4,"glm_fit",2,20360708,0.00200700000027609,422040,4,NA,NA,96,0.48
200,4,"glm_fit",3,20360709,0.00226549999979397,422040,4,NA,NA,104,0.52
200,4,"glm_fit",4,20360710,0.00231500000018059,422040,4,NA,NA,103,0.515
200,4,"glm_fit",5,20360711,0.00230929999997898,422040,4,NA,NA,90,0.45
200,4,"glm_fit",6,20360712,0.0019064000000526,422040,4,NA,NA,88,0.44
200,4,"glm_fit",7,20360713,0.00275039999996807,422040,4,NA,NA,104,0.52
200,4,"glm_fit",8,20360714,0.0023081000001639,422040,4,NA,NA,90,0.45
200,4,"glm_fit",9,20360715,0.00284320000014304,422040,4,NA,NA,96,0.48
200,4,"glm_fit",10,20360716,0.00177760000019589,422040,4,NA,NA,101,0.505
200,4,"glm_fit",11,20360717,0.00200900000027104,422040,4,NA,NA,113,0.565
200,4,"glm_fit",12,20360718,0.00256940000008399,422040,4,NA,NA,112,0.56
200,4,"glm_fit",13,20360719,0.00200570000015432,422040,4,NA,NA,110,0.55
200,4,"glm_fit",14,20360720,0.00216860000023189,422040,4,NA,NA,102,0.51
200,4,"glm_fit",15,20360721,0.00252030000001469,422040,4,NA,NA,96,0.48
200,4,"glm_fit",16,20360722,0.00331180000011955,422040,4,NA,NA,94,0.47
200,4,"glm_fit",17,20360723,0.00251010000010865,422040,4,NA,NA,108,0.54
200,4,"glm_fit",18,20360724,0.00237809999998717,422040,4,NA,NA,91,0.455
200,4,"glm_fit",19,20360725,0.0043118000000959,422040,4,NA,NA,109,0.545
200,4,"glm_fit",20,20360726,0.00308330000029855,422040,4,NA,NA,96,0.48
200,4,"glm_fit",21,20360727,0.00218330000006972,422040,4,NA,NA,107,0.535
200,4,"glm_fit",22,20360728,0.00284780000015417,422040,4,NA,NA,111,0.555
200,4,"glm_fit",23,20360729,0.0026161000000684,422040,4,NA,NA,102,0.51
200,4,"glm_fit",24,20360730,0.00272640000025604,422040,4,NA,NA,102,0.51
200,4,"glm_fit",25,20360731,0.00277649999998175,422040,4,NA,NA,113,0.565
200,4,"glm_fit",26,20360732,0.00169640000012805,422040,4,NA,NA,86,0.43
200,4,"glm_fit",27,20360733,0.0027313000000504,344736,3,NA,NA,107,0.535
200,4,"glm_fit",28,20360734,0.00276380000013887,422040,4,NA,NA,95,0.475
200,4,"glm_fit",29,20360735,0.00306580000028589,422040,4,NA,NA,94,0.47
200,4,"glm_fit",30,20360736,0.00206030000003921,344736,3,NA,NA,108,0.54
200,8,"DEF.poly3",1,20460707,0.00534489999995458,137488,4,NA,NA,118,0.59
200,8,"DEF.poly3",2,20460708,0.00429480000025251,137488,4,NA,NA,104,0.52
200,8,"DEF.poly3",3,20460709,0.00636290000011286,137488,4,NA,NA,102,0.51
200,8,"DEF.poly3",4,20460710,0.00523210000005747,137488,4,NA,NA,113,0.565
200,8,"DEF.poly3",5,20460711,0.00558730000011565,137488,4,NA,NA,108,0.54
200,8,"DEF.poly3",6,20460712,0.00369140000020707,137488,4,NA,NA,110,0.55
200,8,"DEF.poly3",7,20460713,0.0063142000001335,137488,4,NA,NA,104,0.52
200,8,"DEF.poly3",8,20460714,0.00492630000007921,137488,4,NA,NA,104,0.52
200,8,"DEF.poly3",9,20460715,0.00480860000016037,137488,4,NA,NA,104,0.52
200,8,"DEF.poly3",10,20460716,0.0104891000000862,137488,4,NA,NA,105,0.525
200,8,"DEF.poly3",11,20460717,0.00461790000031215,137488,4,NA,NA,117,0.585
200,8,"DEF.poly3",12,20460718,0.00452060000020538,137488,4,NA,NA,91,0.455
200,8,"DEF.poly3",13,20460719,0.00536980000015319,137488,4,NA,NA,97,0.485
200,8,"DEF.poly3",14,20460720,0.00531730000011521,137488,5,NA,NA,97,0.485
200,8,"DEF.poly3",15,20460721,0.00546890000032363,137488,4,NA,NA,106,0.53
200,8,"DEF.poly3",16,20460722,0.00466070000015861,137488,4,NA,NA,107,0.535
200,8,"DEF.poly3",17,20460723,0.00529820000019754,137488,4,NA,NA,96,0.48
200,8,"DEF.poly3",18,20460724,0.00459399999999732,137488,4,NA,NA,107,0.535
200,8,"DEF.poly3",19,20460725,0.00546650000001137,137488,4,NA,NA,93,0.465
200,8,"DEF.poly3",20,20460726,0.00465460000032181,137488,5,NA,NA,92,0.46
200,8,"DEF.poly3",21,20460727,0.0043257000002086,137488,4,NA,NA,107,0.535
200,8,"DEF.poly3",22,20460728,0.00495920000025762,137488,4,NA,NA,105,0.525
200,8,"DEF.poly3",23,20460729,0.00600710000003346,137488,4,NA,NA,101,0.505
200,8,"DEF.poly3",24,20460730,0.00557130000015604,137488,4,NA,NA,100,0.5
200,8,"DEF.poly3",25,20460731,0.00487180000027365,137488,4,NA,NA,110,0.55
200,8,"DEF.poly3",26,20460732,0.00997810000012578,137488,4,NA,NA,107,0.535
200,8,"DEF.poly3",27,20460733,0.00601750000032553,137488,3,NA,NA,92,0.46
200,8,"DEF.poly3",28,20460734,0.00466900000014903,137488,3,NA,NA,101,0.505
200,8,"DEF.poly3",29,20460735,0.00595960000032392,137488,4,NA,NA,101,0.505
200,8,"DEF.poly3",30,20460736,0.00465230000031625,137488,4,NA,NA,108,0.54
200,8,"DEF.stukel",1,20460707,0.0048850000002858,130584,4,NA,NA,118,0.59
200,8,"DEF.stukel",2,20460708,0.00398380000001453,130584,4,NA,NA,104,0.52
200,8,"DEF.stukel",3,20460709,0.00615700000025754,130584,4,NA,NA,102,0.51
200,8,"DEF.stukel",4,20460710,0.006548900000098,130584,4,NA,NA,113,0.565
200,8,"DEF.stukel",5,20460711,0.00505889999999454,130584,4,NA,NA,108,0.54
200,8,"DEF.stukel",6,20460712,0.00373770000010154,130584,4,NA,NA,110,0.55
200,8,"DEF.stukel",7,20460713,0.00518830000032722,130584,4,NA,NA,104,0.52
200,8,"DEF.stukel",8,20460714,0.00454690000015034,130584,4,NA,NA,104,0.52
200,8,"DEF.stukel",9,20460715,0.0043556000002809,130584,4,NA,NA,104,0.52
200,8,"DEF.stukel",10,20460716,0.00497300000006362,130584,4,NA,NA,105,0.525
200,8,"DEF.stukel",11,20460717,0.00425900000004731,130584,4,NA,NA,117,0.585
200,8,"DEF.stukel",12,20460718,0.00443690000020069,130584,4,NA,NA,91,0.455
200,8,"DEF.stukel",13,20460719,0.00601840000012999,130584,4,NA,NA,97,0.485
200,8,"DEF.stukel",14,20460720,0.00408670000001621,130584,5,NA,NA,97,0.485
200,8,"DEF.stukel",15,20460721,0.00472410000020318,130584,4,NA,NA,106,0.53
200,8,"DEF.stukel",16,20460722,0.00406420000012986,130584,4,NA,NA,107,0.535
200,8,"DEF.stukel",17,20460723,0.00511660000029224,130584,4,NA,NA,96,0.48
200,8,"DEF.stukel",18,20460724,0.00499680000007174,130584,4,NA,NA,107,0.535
200,8,"DEF.stukel",19,20460725,0.00646220000021458,130584,4,NA,NA,93,0.465
200,8,"DEF.stukel",20,20460726,0.00451840000027914,130584,5,NA,NA,92,0.46
200,8,"DEF.stukel",21,20460727,0.00316640000005464,130584,4,NA,NA,107,0.535
200,8,"DEF.stukel",22,20460728,0.00489220000008572,130584,4,NA,NA,105,0.525
200,8,"DEF.stukel",23,20460729,0.00488610000024892,130584,4,NA,NA,101,0.505
200,8,"DEF.stukel",24,20460730,0.00616580000018985,130584,4,NA,NA,100,0.5
200,8,"DEF.stukel",25,20460731,0.00430930000015906,130584,4,NA,NA,110,0.55
200,8,"DEF.stukel",26,20460732,0.00417630000015379,130584,4,NA,NA,107,0.535
200,8,"DEF.stukel",27,20460733,0.00439090000031683,130584,3,NA,NA,92,0.46
200,8,"DEF.stukel",28,20460734,0.00473109999984445,130584,3,NA,NA,101,0.505
200,8,"DEF.stukel",29,20460735,0.00552170000014485,130584,4,NA,NA,101,0.505
200,8,"DEF.stukel",30,20460736,0.00427680000007058,130584,4,NA,NA,108,0.54
200,8,"EF",1,20460707,0.00257250000026943,62440,4,NA,NA,118,0.59
200,8,"EF",2,20460708,0.00228119999974297,62440,4,NA,NA,104,0.52
200,8,"EF",3,20460709,0.00420870000016293,62440,4,NA,NA,102,0.51
200,8,"EF",4,20460710,0.00261120000004667,62440,4,NA,NA,113,0.565
200,8,"EF",5,20460711,0.00302580000015951,62440,4,NA,NA,108,0.54
200,8,"EF",6,20460712,0.00222800000005918,62440,4,NA,NA,110,0.55
200,8,"EF",7,20460713,0.00276060000032885,62440,4,NA,NA,104,0.52
200,8,"EF",8,20460714,0.00376250000022083,62440,4,NA,NA,104,0.52
200,8,"EF",9,20460715,0.00273719999995592,62440,4,NA,NA,104,0.52
200,8,"EF",10,20460716,0.00384900000017296,62440,4,NA,NA,105,0.525
200,8,"EF",11,20460717,0.00229080000008253,62440,4,NA,NA,117,0.585
200,8,"EF",12,20460718,0.00334450000013931,62440,4,NA,NA,91,0.455
200,8,"EF",13,20460719,0.00273770000012519,62440,4,NA,NA,97,0.485
200,8,"EF",14,20460720,0.00325560000010228,62440,5,NA,NA,97,0.485
200,8,"EF",15,20460721,0.00427230000013878,62440,4,NA,NA,106,0.53
200,8,"EF",16,20460722,0.00195910000024924,62440,4,NA,NA,107,0.535
200,8,"EF",17,20460723,0.00271130000010089,62440,4,NA,NA,96,0.48
200,8,"EF",18,20460724,0.0039003000001685,62440,4,NA,NA,107,0.535
200,8,"EF",19,20460725,0.00237520000018776,62440,4,NA,NA,93,0.465
200,8,"EF",20,20460726,0.00458960000014486,62440,5,NA,NA,92,0.46
200,8,"EF",21,20460727,0.00241760000017166,62440,4,NA,NA,107,0.535
200,8,"EF",22,20460728,0.00302740000006452,62440,4,NA,NA,105,0.525
200,8,"EF",23,20460729,0.00261940000018512,62440,4,NA,NA,101,0.505
200,8,"EF",24,20460730,0.00387420000015481,62440,4,NA,NA,100,0.5
200,8,"EF",25,20460731,0.00540910000017902,62440,4,NA,NA,110,0.55
200,8,"EF",26,20460732,0.00269390000016756,62440,4,NA,NA,107,0.535
200,8,"EF",27,20460733,0.00281119999999646,62440,3,NA,NA,92,0.46
200,8,"EF",28,20460734,0.00255210000000261,62440,3,NA,NA,101,0.505
200,8,"EF",29,20460735,0.00418430000013359,62440,4,NA,NA,101,0.505
200,8,"EF",30,20460736,0.00234400000022106,62440,4,NA,NA,108,0.54
200,8,"HL",1,20460707,0.00263359999985369,50144,4,NA,NA,118,0.59
200,8,"HL",2,20460708,0.00203490000012607,50144,4,NA,NA,104,0.52
200,8,"HL",3,20460709,0.00363930000003165,50144,4,NA,NA,102,0.51
200,8,"HL",4,20460710,0.00352929999985463,50144,4,NA,NA,113,0.565
200,8,"HL",5,20460711,0.00262980000002244,50144,4,NA,NA,108,0.54
200,8,"HL",6,20460712,0.00225990000012644,50144,4,NA,NA,110,0.55
200,8,"HL",7,20460713,0.00245940000013434,50144,4,NA,NA,104,0.52
200,8,"HL",8,20460714,0.00242990000015197,50144,4,NA,NA,104,0.52
200,8,"HL",9,20460715,0.00812970000015412,50144,4,NA,NA,104,0.52
200,8,"HL",10,20460716,0.00230890000011641,50144,4,NA,NA,105,0.525
200,8,"HL",11,20460717,0.00154510000015762,50144,4,NA,NA,117,0.585
200,8,"HL",12,20460718,0.00274839999997312,50144,4,NA,NA,91,0.455
200,8,"HL",13,20460719,0.0035253000000921,50144,4,NA,NA,97,0.485
200,8,"HL",14,20460720,0.00284530000021732,50144,5,NA,NA,97,0.485
200,8,"HL",15,20460721,0.00954019999971933,50144,4,NA,NA,106,0.53
200,8,"HL",16,20460722,0.00230469999996785,50144,4,NA,NA,107,0.535
200,8,"HL",17,20460723,0.00430020000021614,50144,4,NA,NA,96,0.48
200,8,"HL",18,20460724,0.00353390000009313,50144,4,NA,NA,107,0.535
200,8,"HL",19,20460725,0.00295840000012504,50144,4,NA,NA,93,0.465
200,8,"HL",20,20460726,0.00240390000021762,50144,5,NA,NA,92,0.46
200,8,"HL",21,20460727,0.00286690000029921,50144,4,NA,NA,107,0.535
200,8,"HL",22,20460728,0.0119417000000794,50144,4,NA,NA,105,0.525
200,8,"HL",23,20460729,0.00249990000020262,50144,4,NA,NA,101,0.505
200,8,"HL",24,20460730,0.0025241000000733,50144,4,NA,NA,100,0.5
200,8,"HL",25,20460731,0.00253860000020723,50144,4,NA,NA,110,0.55
200,8,"HL",26,20460732,0.00191480000012234,50144,4,NA,NA,107,0.535
200,8,"HL",27,20460733,0.0023874999999407,50144,3,NA,NA,92,0.46
200,8,"HL",28,20460734,0.00255000000015571,50144,3,NA,NA,101,0.505
200,8,"HL",29,20460735,0.00525690000017676,50144,4,NA,NA,101,0.505
200,8,"HL",30,20460736,0.00217970000016976,50144,4,NA,NA,108,0.54
200,8,"Pigeon-Heyse",1,20460707,0.00229730000000927,52464,4,NA,NA,118,0.59
200,8,"Pigeon-Heyse",2,20460708,0.00591190000022834,52464,4,NA,NA,104,0.52
200,8,"Pigeon-Heyse",3,20460709,0.0024902000000111,52464,4,NA,NA,102,0.51
200,8,"Pigeon-Heyse",4,20460710,0.002766500000007,52464,4,NA,NA,113,0.565
200,8,"Pigeon-Heyse",5,20460711,0.00245980000022428,52464,4,NA,NA,108,0.54
200,8,"Pigeon-Heyse",6,20460712,0.00218070000028092,52464,4,NA,NA,110,0.55
200,8,"Pigeon-Heyse",7,20460713,0.00281029999996463,52464,4,NA,NA,104,0.52
200,8,"Pigeon-Heyse",8,20460714,0.00241050000022369,52464,4,NA,NA,104,0.52
200,8,"Pigeon-Heyse",9,20460715,0.00332890000026964,52464,4,NA,NA,104,0.52
200,8,"Pigeon-Heyse",10,20460716,0.0026956000001519,52464,4,NA,NA,105,0.525
200,8,"Pigeon-Heyse",11,20460717,0.00161330000014459,52464,4,NA,NA,117,0.585
200,8,"Pigeon-Heyse",12,20460718,0.00275490000012724,52464,4,NA,NA,91,0.455
200,8,"Pigeon-Heyse",13,20460719,0.00753840000015771,52464,4,NA,NA,97,0.485
200,8,"Pigeon-Heyse",14,20460720,0.00274910000007367,52464,5,NA,NA,97,0.485
200,8,"Pigeon-Heyse",15,20460721,0.00259100000016588,52464,4,NA,NA,106,0.53
200,8,"Pigeon-Heyse",16,20460722,0.00173120000022209,52464,4,NA,NA,107,0.535
200,8,"Pigeon-Heyse",17,20460723,0.00271259999999529,52464,4,NA,NA,96,0.48
200,8,"Pigeon-Heyse",18,20460724,0.00245489999997517,52464,4,NA,NA,107,0.535
200,8,"Pigeon-Heyse",19,20460725,0.00253770000017539,52464,4,NA,NA,93,0.465
200,8,"Pigeon-Heyse",20,20460726,0.003740500000049,52464,5,NA,NA,92,0.46
200,8,"Pigeon-Heyse",21,20460727,0.00268879999998717,52464,4,NA,NA,107,0.535
200,8,"Pigeon-Heyse",22,20460728,0.00534670000001825,52464,4,NA,NA,105,0.525
200,8,"Pigeon-Heyse",23,20460729,0.00264140000012958,52464,4,NA,NA,101,0.505
200,8,"Pigeon-Heyse",24,20460730,0.00299670000003971,52464,4,NA,NA,100,0.5
200,8,"Pigeon-Heyse",25,20460731,0.00264150000020891,52464,4,NA,NA,110,0.55
200,8,"Pigeon-Heyse",26,20460732,0.00151910000022326,52464,4,NA,NA,107,0.535
200,8,"Pigeon-Heyse",27,20460733,0.00280650000013338,52464,3,NA,NA,92,0.46
200,8,"Pigeon-Heyse",28,20460734,0.00284240000019054,52464,3,NA,NA,101,0.505
200,8,"Pigeon-Heyse",29,20460735,0.00302890000011757,52464,4,NA,NA,101,0.505
200,8,"Pigeon-Heyse",30,20460736,0.00164450000011129,52464,4,NA,NA,108,0.54
200,8,"Osius-Rojek",1,20460707,0.00172989999987294,77792,4,NA,NA,118,0.59
200,8,"Osius-Rojek",2,20460708,0.00138780000020233,77792,4,NA,NA,104,0.52
200,8,"Osius-Rojek",3,20460709,0.00225980000027448,77792,4,NA,NA,102,0.51
200,8,"Osius-Rojek",4,20460710,0.0041043000001082,77792,4,NA,NA,113,0.565
200,8,"Osius-Rojek",5,20460711,0.00200330000006943,77792,4,NA,NA,108,0.54
200,8,"Osius-Rojek",6,20460712,0.00132460000008905,77792,4,NA,NA,110,0.55
200,8,"Osius-Rojek",7,20460713,0.00221830000009504,77792,4,NA,NA,104,0.52
200,8,"Osius-Rojek",8,20460714,0.00184469999999237,77792,4,NA,NA,104,0.52
200,8,"Osius-Rojek",9,20460715,0.00232789999995475,77792,4,NA,NA,104,0.52
200,8,"Osius-Rojek",10,20460716,0.00235070000007909,77792,4,NA,NA,105,0.525
200,8,"Osius-Rojek",11,20460717,0.00203140000007807,77792,4,NA,NA,117,0.585
200,8,"Osius-Rojek",12,20460718,0.00196860000028209,77792,4,NA,NA,91,0.455
200,8,"Osius-Rojek",13,20460719,0.0018806000002769,77792,4,NA,NA,97,0.485
200,8,"Osius-Rojek",14,20460720,0.00654010000016569,77792,5,NA,NA,97,0.485
200,8,"Osius-Rojek",15,20460721,0.00206419999994978,77792,4,NA,NA,106,0.53
200,8,"Osius-Rojek",16,20460722,0.00188660000003438,77792,4,NA,NA,107,0.535
200,8,"Osius-Rojek",17,20460723,0.00166340000009768,77792,4,NA,NA,96,0.48
200,8,"Osius-Rojek",18,20460724,0.00178580000010697,77792,4,NA,NA,107,0.535
200,8,"Osius-Rojek",19,20460725,0.00211740000031568,77792,4,NA,NA,93,0.465
200,8,"Osius-Rojek",20,20460726,0.00281829999994443,77792,5,NA,NA,92,0.46
200,8,"Osius-Rojek",21,20460727,0.00179140000022926,77792,4,NA,NA,107,0.535
200,8,"Osius-Rojek",22,20460728,0.00282760000027338,77792,4,NA,NA,105,0.525
200,8,"Osius-Rojek",23,20460729,0.00197560000015073,77792,4,NA,NA,101,0.505
200,8,"Osius-Rojek",24,20460730,0.00227769999992233,77792,4,NA,NA,100,0.5
200,8,"Osius-Rojek",25,20460731,0.00231390000021747,77792,4,NA,NA,110,0.55
200,8,"Osius-Rojek",26,20460732,0.00157810000018799,77792,4,NA,NA,107,0.535
200,8,"Osius-Rojek",27,20460733,0.00188660000003438,77792,3,NA,NA,92,0.46
200,8,"Osius-Rojek",28,20460734,0.00456850000023223,77792,3,NA,NA,101,0.505
200,8,"Osius-Rojek",29,20460735,0.00177320000011605,77792,4,NA,NA,101,0.505
200,8,"Osius-Rojek",30,20460736,0.00155730000028598,77792,4,NA,NA,108,0.54
200,8,"Stukel",1,20460707,0.00176420000025246,91656,4,5,1,118,0.59
200,8,"Stukel",2,20460708,0.00162580000005619,91656,4,5,1,104,0.52
200,8,"Stukel",3,20460709,0.00204980000012256,91656,4,5,1,102,0.51
200,8,"Stukel",4,20460710,0.00206040000011853,91656,4,5,1,113,0.565
200,8,"Stukel",5,20460711,0.00173050000012154,91656,4,5,1,108,0.54
200,8,"Stukel",6,20460712,0.00195030000031693,91656,4,5,1,110,0.55
200,8,"Stukel",7,20460713,0.00239740000029087,91656,4,5,1,104,0.52
200,8,"Stukel",8,20460714,0.00238640000020496,91656,4,5,1,104,0.52
200,8,"Stukel",9,20460715,0.00248550000014802,91656,4,5,1,104,0.52
200,8,"Stukel",10,20460716,0.00213840000014898,91656,4,5,1,105,0.525
200,8,"Stukel",11,20460717,0.0017382000003181,91656,4,5,1,117,0.585
200,8,"Stukel",12,20460718,0.00208390000011605,91656,4,5,1,91,0.455
200,8,"Stukel",13,20460719,0.00194440000018403,91656,4,5,1,97,0.485
200,8,"Stukel",14,20460720,0.00192070000002786,91656,5,5,1,97,0.485
200,8,"Stukel",15,20460721,0.00200690000019677,91656,4,5,1,106,0.53
200,8,"Stukel",16,20460722,0.00119210000002568,91656,4,5,1,107,0.535
200,8,"Stukel",17,20460723,0.00232520000008662,91656,4,5,1,96,0.48
200,8,"Stukel",18,20460724,0.00227050000012241,91656,4,5,1,107,0.535
200,8,"Stukel",19,20460725,0.00177030000008926,91656,4,5,1,93,0.465
200,8,"Stukel",20,20460726,0.00397880000014084,91656,5,5,1,92,0.46
200,8,"Stukel",21,20460727,0.0018654000002698,91656,4,5,1,107,0.535
200,8,"Stukel",22,20460728,0.0035624000001917,91656,4,5,1,105,0.525
200,8,"Stukel",23,20460729,0.00273690000017268,91656,4,5,1,101,0.505
200,8,"Stukel",24,20460730,0.00199690000022201,91656,4,5,1,100,0.5
200,8,"Stukel",25,20460731,0.00185910000027434,91656,4,5,1,110,0.55
200,8,"Stukel",26,20460732,0.00168560000020079,91656,4,5,1,107,0.535
200,8,"Stukel",27,20460733,0.00275830000009591,91656,3,5,1,92,0.46
200,8,"Stukel",28,20460734,0.00218580000000657,91656,3,5,1,101,0.505
200,8,"Stukel",29,20460735,0.00204690000009577,91656,4,5,1,101,0.505
200,8,"Stukel",30,20460736,0.0016653000000133,91656,4,5,1,108,0.54
200,8,"Tsiatis",1,20460707,0.0105172000000948,245104,4,NA,NA,118,0.59
200,8,"Tsiatis",2,20460708,0.00304240000014033,245104,4,NA,NA,104,0.52
200,8,"Tsiatis",3,20460709,0.00869580000016867,245104,4,NA,NA,102,0.51
200,8,"Tsiatis",4,20460710,0.00400920000015503,245104,4,NA,NA,113,0.565
200,8,"Tsiatis",5,20460711,0.00466860000028646,245104,4,NA,NA,108,0.54
200,8,"Tsiatis",6,20460712,0.00293600000009064,245104,4,NA,NA,110,0.55
200,8,"Tsiatis",7,20460713,0.00373820000004343,245104,4,NA,NA,104,0.52
200,8,"Tsiatis",8,20460714,0.00454290000016044,245104,4,NA,NA,104,0.52
200,8,"Tsiatis",9,20460715,0.00504190000015114,245104,4,NA,NA,104,0.52
200,8,"Tsiatis",10,20460716,0.00351000000023305,245104,4,NA,NA,105,0.525
200,8,"Tsiatis",11,20460717,0.00316170000019156,245104,4,NA,NA,117,0.585
200,8,"Tsiatis",12,20460718,0.00421459999984108,245104,4,NA,NA,91,0.455
200,8,"Tsiatis",13,20460719,0.00381610000022192,245104,4,NA,NA,97,0.485
200,8,"Tsiatis",14,20460720,0.00482820000001993,245104,5,NA,NA,97,0.485
200,8,"Tsiatis",15,20460721,0.00769770000010794,245104,4,NA,NA,106,0.53
200,8,"Tsiatis",16,20460722,0.00328179999996792,245104,4,NA,NA,107,0.535
200,8,"Tsiatis",17,20460723,0.00393149999990783,245104,4,NA,NA,96,0.48
200,8,"Tsiatis",18,20460724,0.00349300000016228,245104,4,NA,NA,107,0.535
200,8,"Tsiatis",19,20460725,0.00455020000026707,245104,4,NA,NA,93,0.465
200,8,"Tsiatis",20,20460726,0.00412600000026941,245104,5,NA,NA,92,0.46
200,8,"Tsiatis",21,20460727,0.00283900000022186,245104,4,NA,NA,107,0.535
200,8,"Tsiatis",22,20460728,0.00348410000015065,245104,4,NA,NA,105,0.525
200,8,"Tsiatis",23,20460729,0.00400950000016564,245104,4,NA,NA,101,0.505
200,8,"Tsiatis",24,20460730,0.00378950000026634,245104,4,NA,NA,100,0.5
200,8,"Tsiatis",25,20460731,0.0130862000000889,245104,4,NA,NA,110,0.55
200,8,"Tsiatis",26,20460732,0.00282990000027894,245104,4,NA,NA,107,0.535
200,8,"Tsiatis",27,20460733,0.00364390000004278,245104,3,NA,NA,92,0.46
200,8,"Tsiatis",28,20460734,0.00863360000016655,245104,3,NA,NA,101,0.505
200,8,"Tsiatis",29,20460735,0.00351860000023407,245104,4,NA,NA,101,0.505
200,8,"Tsiatis",30,20460736,0.00334830000019792,245104,4,NA,NA,108,0.54
200,8,"Xie",1,20460707,0.012643700000126,649912,4,NA,NA,118,0.59
200,8,"Xie",2,20460708,0.0100365000000693,650552,4,NA,NA,104,0.52
200,8,"Xie",3,20460709,0.0117616000002272,649816,4,NA,NA,102,0.51
200,8,"Xie",4,20460710,0.0182871000001796,649896,4,NA,NA,113,0.565
200,8,"Xie",5,20460711,0.012492199999997,649288,4,NA,NA,108,0.54
200,8,"Xie",6,20460712,0.00986190000003262,649240,4,NA,NA,110,0.55
200,8,"Xie",7,20460713,0.0137123000001793,650248,4,NA,NA,104,0.52
200,8,"Xie",8,20460714,0.0142597000003661,649528,4,NA,NA,104,0.52
200,8,"Xie",9,20460715,0.0143497000001389,649976,4,NA,NA,104,0.52
200,8,"Xie",10,20460716,0.0167220000000725,649624,4,NA,NA,105,0.525
200,8,"Xie",11,20460717,0.00930830000015703,649544,4,NA,NA,117,0.585
200,8,"Xie",12,20460718,0.0144780000000537,649512,4,NA,NA,91,0.455
200,8,"Xie",13,20460719,0.0194384000001264,649832,4,NA,NA,97,0.485
200,8,"Xie",14,20460720,0.0139113000000179,649768,5,NA,NA,97,0.485
200,8,"Xie",15,20460721,0.0164078000000245,650040,4,NA,NA,106,0.53
200,8,"Xie",16,20460722,0.0103858000002219,650008,4,NA,NA,107,0.535
200,8,"Xie",17,20460723,0.0133385000001454,649512,4,NA,NA,96,0.48
200,8,"Xie",18,20460724,0.0258799000002909,649464,4,NA,NA,107,0.535
200,8,"Xie",19,20460725,0.0121641000000636,650280,4,NA,NA,93,0.465
200,8,"Xie",20,20460726,0.017234400000234,649976,5,NA,NA,92,0.46
200,8,"Xie",21,20460727,0.0104283000000578,649512,4,NA,NA,107,0.535
200,8,"Xie",22,20460728,0.0129843000001983,650280,4,NA,NA,105,0.525
200,8,"Xie",23,20460729,0.0137110000000575,650248,4,NA,NA,101,0.505
200,8,"Xie",24,20460730,0.0133693000000221,649896,4,NA,NA,100,0.5
200,8,"Xie",25,20460731,0.0148713000000953,649992,4,NA,NA,110,0.55
200,8,"Xie",26,20460732,0.00904200000013589,650280,4,NA,NA,107,0.535
200,8,"Xie",27,20460733,0.0167757000001529,649928,3,NA,NA,92,0.46
200,8,"Xie",28,20460734,0.0148017000001346,649512,3,NA,NA,101,0.505
200,8,"Xie",29,20460735,0.0122075000001587,650200,4,NA,NA,101,0.505
200,8,"Xie",30,20460736,0.00981950000004872,649832,4,NA,NA,108,0.54
200,8,"Pulkstenis-Robinson",1,20460707,0.00430499999993117,110136,4,NA,NA,118,0.59
200,8,"Pulkstenis-Robinson",2,20460708,0.00150280000025305,110136,4,NA,NA,104,0.52
200,8,"Pulkstenis-Robinson",3,20460709,0.00168520000011085,110136,4,NA,NA,102,0.51
200,8,"Pulkstenis-Robinson",4,20460710,0.00257590000023811,110200,4,NA,NA,113,0.565
200,8,"Pulkstenis-Robinson",5,20460711,0.00374439999995957,110200,4,NA,NA,108,0.54
200,8,"Pulkstenis-Robinson",6,20460712,0.00150520000033794,110200,4,NA,NA,110,0.55
200,8,"Pulkstenis-Robinson",7,20460713,0.00304500000015651,110200,4,NA,NA,104,0.52
200,8,"Pulkstenis-Robinson",8,20460714,0.00554869999996299,110200,4,NA,NA,104,0.52
200,8,"Pulkstenis-Robinson",9,20460715,0.00290180000001783,110200,4,NA,NA,104,0.52
200,8,"Pulkstenis-Robinson",10,20460716,0.00387070000010681,110200,4,NA,NA,105,0.525
200,8,"Pulkstenis-Robinson",11,20460717,0.0023081000001639,110200,4,NA,NA,117,0.585
200,8,"Pulkstenis-Robinson",12,20460718,0.00263860000018212,110200,4,NA,NA,91,0.455
200,8,"Pulkstenis-Robinson",13,20460719,0.0086911000003056,110136,4,NA,NA,97,0.485
200,8,"Pulkstenis-Robinson",14,20460720,0.00272540000014487,110136,5,NA,NA,97,0.485
200,8,"Pulkstenis-Robinson",15,20460721,0.00499760000002425,110200,4,NA,NA,106,0.53
200,8,"Pulkstenis-Robinson",16,20460722,0.00218050000012227,110136,4,NA,NA,107,0.535
200,8,"Pulkstenis-Robinson",17,20460723,0.00266050000027462,110200,4,NA,NA,96,0.48
200,8,"Pulkstenis-Robinson",18,20460724,0.0035365000001093,110200,4,NA,NA,107,0.535
200,8,"Pulkstenis-Robinson",19,20460725,0.00270520000003671,110200,4,NA,NA,93,0.465
200,8,"Pulkstenis-Robinson",20,20460726,0.00273660000016207,110200,5,NA,NA,92,0.46
200,8,"Pulkstenis-Robinson",21,20460727,0.00221710000027997,110200,4,NA,NA,107,0.535
200,8,"Pulkstenis-Robinson",22,20460728,0.016941300000326,110200,4,NA,NA,105,0.525
200,8,"Pulkstenis-Robinson",23,20460729,0.00314450000018951,110136,4,NA,NA,101,0.505
200,8,"Pulkstenis-Robinson",24,20460730,0.0154118000002654,110200,4,NA,NA,100,0.5
200,8,"Pulkstenis-Robinson",25,20460731,0.00753380000014658,110136,4,NA,NA,110,0.55
200,8,"Pulkstenis-Robinson",26,20460732,0.00207880000016303,110136,4,NA,NA,107,0.535
200,8,"Pulkstenis-Robinson",27,20460733,0.00493800000026567,110200,3,NA,NA,92,0.46
200,8,"Pulkstenis-Robinson",28,20460734,0.00383510000028764,110200,3,NA,NA,101,0.505
200,8,"Pulkstenis-Robinson",29,20460735,0.00345130000005156,110200,4,NA,NA,101,0.505
200,8,"Pulkstenis-Robinson",30,20460736,0.0017203000002155,110136,4,NA,NA,108,0.54
200,8,"le-Cessie",1,20460707,0.0244010000001254,6886208,4,NA,NA,118,0.59
200,8,"le-Cessie",2,20460708,0.0176503000002413,6886208,4,NA,NA,104,0.52
200,8,"le-Cessie",3,20460709,0.026956600000176,6886208,4,NA,NA,102,0.51
200,8,"le-Cessie",4,20460710,0.0275848000001133,6886208,4,NA,NA,113,0.565
200,8,"le-Cessie",5,20460711,0.0278321000000687,6886208,4,NA,NA,108,0.54
200,8,"glm_fit",1,20460707,0.00246370000013485,509456,4,NA,NA,118,0.59
200,8,"glm_fit",2,20460708,0.00199610000004213,509456,4,NA,NA,104,0.52
200,8,"glm_fit",3,20460709,0.00330550000012408,509456,4,NA,NA,102,0.51
200,8,"glm_fit",4,20460710,0.00281530000006569,509456,4,NA,NA,113,0.565
200,8,"glm_fit",5,20460711,0.00336379999998826,509456,4,NA,NA,108,0.54
200,8,"glm_fit",6,20460712,0.00231240000016442,509456,4,NA,NA,110,0.55
200,8,"glm_fit",7,20460713,0.00332990000015343,509456,4,NA,NA,104,0.52
200,8,"glm_fit",8,20460714,0.00318910000009964,509456,4,NA,NA,104,0.52
200,8,"glm_fit",9,20460715,0.00328550000017458,509456,4,NA,NA,104,0.52
200,8,"glm_fit",10,20460716,0.00291930000025786,509456,4,NA,NA,105,0.525
200,8,"glm_fit",11,20460717,0.00232930000015585,509456,4,NA,NA,117,0.585
200,8,"glm_fit",12,20460718,0.0034995000003164,509456,4,NA,NA,91,0.455
200,8,"glm_fit",13,20460719,0.00276079999980539,509456,4,NA,NA,97,0.485
200,8,"glm_fit",14,20460720,0.00309099999981299,599744,5,NA,NA,97,0.485
200,8,"glm_fit",15,20460721,0.00298429999998007,509456,4,NA,NA,106,0.53
200,8,"glm_fit",16,20460722,0.00273640000023079,509456,4,NA,NA,107,0.535
200,8,"glm_fit",17,20460723,0.00291910000009921,509456,4,NA,NA,96,0.48
200,8,"glm_fit",18,20460724,0.00326190000009774,509456,4,NA,NA,107,0.535
200,8,"glm_fit",19,20460725,0.00330050000002302,509456,4,NA,NA,93,0.465
200,8,"glm_fit",20,20460726,0.00328420000028018,599744,5,NA,NA,92,0.46
200,8,"glm_fit",21,20460727,0.0018395000001874,509456,4,NA,NA,107,0.535
200,8,"glm_fit",22,20460728,0.00253490000000056,509456,4,NA,NA,105,0.525
200,8,"glm_fit",23,20460729,0.00292029999991428,509456,4,NA,NA,101,0.505
200,8,"glm_fit",24,20460730,0.00320150000015929,509456,4,NA,NA,100,0.5
200,8,"glm_fit",25,20460731,0.00477000000000771,509456,4,NA,NA,110,0.55
200,8,"glm_fit",26,20460732,0.00218720000020767,509456,4,NA,NA,107,0.535
200,8,"glm_fit",27,20460733,0.00316890000021885,419168,3,NA,NA,92,0.46
200,8,"glm_fit",28,20460734,0.00321540000027198,419168,3,NA,NA,101,0.505
200,8,"glm_fit",29,20460735,0.00276030000009087,509456,4,NA,NA,101,0.505
200,8,"glm_fit",30,20460736,0.00328300000001036,509456,4,NA,NA,108,0.54
200,16,"DEF.poly3",1,20560707,0.0070983000000524,199856,4,NA,NA,105,0.525
200,16,"DEF.poly3",2,20560708,0.00494020000019191,199856,4,NA,NA,109,0.545
200,16,"DEF.poly3",3,20560709,0.00806760000023132,199856,4,NA,NA,109,0.545
200,16,"DEF.poly3",4,20560710,0.00673900000015237,199856,4,NA,NA,107,0.535
200,16,"DEF.poly3",5,20560711,0.00511910000000171,199856,4,NA,NA,105,0.525
200,16,"DEF.poly3",6,20560712,0.00490610000019842,199856,4,NA,NA,91,0.455
200,16,"DEF.poly3",7,20560713,0.00756890000002386,199856,4,NA,NA,93,0.465
200,16,"DEF.poly3",8,20560714,0.00566090000029362,199856,4,NA,NA,105,0.525
200,16,"DEF.poly3",9,20560715,0.00599390000002131,199856,4,NA,NA,111,0.555
200,16,"DEF.poly3",10,20560716,0.0123881000001802,199856,4,NA,NA,99,0.495
200,16,"DEF.poly3",11,20560717,0.00472519999993892,199856,5,NA,NA,128,0.64
200,16,"DEF.poly3",12,20560718,0.00625490000015816,199856,4,NA,NA,97,0.485
200,16,"DEF.poly3",13,20560719,0.00541410000028009,199856,3,NA,NA,96,0.48
200,16,"DEF.poly3",14,20560720,0.00978920000011385,199856,4,NA,NA,108,0.54
200,16,"DEF.poly3",15,20560721,0.00731300000029478,199856,4,NA,NA,104,0.52
200,16,"DEF.poly3",16,20560722,0.00465480000025309,199856,4,NA,NA,109,0.545
200,16,"DEF.poly3",17,20560723,0.00553020000029392,199856,5,NA,NA,96,0.48
200,16,"DEF.poly3",18,20560724,0.00540820000014719,199856,5,NA,NA,102,0.51
200,16,"DEF.poly3",19,20560725,0.0055608000002394,199856,4,NA,NA,106,0.53
200,16,"DEF.poly3",20,20560726,0.00531849999993028,199856,5,NA,NA,103,0.515
200,16,"DEF.poly3",21,20560727,0.00476790000016081,199856,4,NA,NA,102,0.51
200,16,"DEF.poly3",22,20560728,0.00608860000033928,199856,4,NA,NA,102,0.51
200,16,"DEF.poly3",23,20560729,0.00619189999997616,199856,4,NA,NA,113,0.565
200,16,"DEF.poly3",24,20560730,0.00499330000025111,199856,4,NA,NA,116,0.58
200,16,"DEF.poly3",25,20560731,0.00530870000034156,199856,4,NA,NA,97,0.485
200,16,"DEF.poly3",26,20560732,0.00472000000013395,199856,5,NA,NA,104,0.52
200,16,"DEF.poly3",27,20560733,0.00530700000012985,199856,4,NA,NA,115,0.575
200,16,"DEF.poly3",28,20560734,0.005711200000178,199856,4,NA,NA,99,0.495
200,16,"DEF.poly3",29,20560735,0.00655170000027283,199856,4,NA,NA,100,0.5
200,16,"DEF.poly3",30,20560736,0.00385610000012093,199856,4,NA,NA,101,0.505
200,16,"DEF.stukel",1,20560707,0.00744099999997161,192952,4,NA,NA,105,0.525
200,16,"DEF.stukel",2,20560708,0.00918350000029022,192952,4,NA,NA,109,0.545
200,16,"DEF.stukel",3,20560709,0.00530780000008235,192952,4,NA,NA,109,0.545
200,16,"DEF.stukel",4,20560710,0.00539029999981722,192952,4,NA,NA,107,0.535
200,16,"DEF.stukel",5,20560711,0.00549510000018927,192952,4,NA,NA,105,0.525
200,16,"DEF.stukel",6,20560712,0.00427660000036667,192952,4,NA,NA,91,0.455
200,16,"DEF.stukel",7,20560713,0.0064852000002702,192952,4,NA,NA,93,0.465
200,16,"DEF.stukel",8,20560714,0.00596350000023449,192952,4,NA,NA,105,0.525
200,16,"DEF.stukel",9,20560715,0.00517800000034185,192952,4,NA,NA,111,0.555
200,16,"DEF.stukel",10,20560716,0.0061321000002863,192952,4,NA,NA,99,0.495
200,16,"DEF.stukel",11,20560717,0.00473570000008294,192952,5,NA,NA,128,0.64
200,16,"DEF.stukel",12,20560718,0.00550990000010643,192952,4,NA,NA,97,0.485
200,16,"DEF.stukel",13,20560719,0.004971100000148,192952,3,NA,NA,96,0.48
200,16,"DEF.stukel",14,20560720,0.00515170000016951,192952,4,NA,NA,108,0.54
200,16,"DEF.stukel",15,20560721,0.00741150000021662,192952,4,NA,NA,104,0.52
200,16,"DEF.stukel",16,20560722,0.00406960000009349,192952,4,NA,NA,109,0.545
200,16,"DEF.stukel",17,20560723,0.0151439000003393,192952,5,NA,NA,96,0.48
200,16,"DEF.stukel",18,20560724,0.01222880000023,192952,5,NA,NA,102,0.51
200,16,"DEF.stukel",19,20560725,0.00481660000014017,192952,4,NA,NA,106,0.53
200,16,"DEF.stukel",20,20560726,0.00512650000018766,192952,5,NA,NA,103,0.515
200,16,"DEF.stukel",21,20560727,0.00542910000012853,192952,4,NA,NA,102,0.51
200,16,"DEF.stukel",22,20560728,0.00572100000022147,192952,4,NA,NA,102,0.51
200,16,"DEF.stukel",23,20560729,0.00518090000014126,192952,4,NA,NA,113,0.565
200,16,"DEF.stukel",24,20560730,0.00572940000029121,192952,4,NA,NA,116,0.58
200,16,"DEF.stukel",25,20560731,0.00507119999997485,192952,4,NA,NA,97,0.485
200,16,"DEF.stukel",26,20560732,0.00974100000007638,192952,5,NA,NA,104,0.52
200,16,"DEF.stukel",27,20560733,0.00503420000018195,192952,4,NA,NA,115,0.575
200,16,"DEF.stukel",28,20560734,0.00918560000013713,192952,4,NA,NA,99,0.495
200,16,"DEF.stukel",29,20560735,0.00708159999999225,192952,4,NA,NA,100,0.5
200,16,"DEF.stukel",30,20560736,0.00458990000015547,192952,4,NA,NA,101,0.505
200,16,"EF",1,20560707,0.00302260000012211,76344,4,NA,NA,105,0.525
200,16,"EF",2,20560708,0.00192680000009204,76344,4,NA,NA,109,0.545
200,16,"EF",3,20560709,0.00288270000010016,76344,4,NA,NA,109,0.545
200,16,"EF",4,20560710,0.00291420000030485,76344,4,NA,NA,107,0.535
200,16,"EF",5,20560711,0.00409950000016579,76344,4,NA,NA,105,0.525
200,16,"EF",6,20560712,0.00247270000022581,76344,4,NA,NA,91,0.455
200,16,"EF",7,20560713,0.00339450000001307,76344,4,NA,NA,93,0.465
200,16,"EF",8,20560714,0.00296230000003561,76344,4,NA,NA,105,0.525
200,16,"EF",9,20560715,0.00795510000011745,76344,4,NA,NA,111,0.555
200,16,"EF",10,20560716,0.00359790000015892,76344,4,NA,NA,99,0.495
200,16,"EF",11,20560717,0.00170620000017152,76344,5,NA,NA,128,0.64
200,16,"EF",12,20560718,0.00305150000008325,76344,4,NA,NA,97,0.485
200,16,"EF",13,20560719,0.00335110000014538,76344,3,NA,NA,96,0.48
200,16,"EF",14,20560720,0.00299399999994421,76344,4,NA,NA,108,0.54
200,16,"EF",15,20560721,0.00298960000009174,76344,4,NA,NA,104,0.52
200,16,"EF",16,20560722,0.00264609999999266,76344,4,NA,NA,109,0.545
200,16,"EF",17,20560723,0.00440870000011273,76344,5,NA,NA,96,0.48
200,16,"EF",18,20560724,0.00522599999976592,76344,5,NA,NA,102,0.51
200,16,"EF",19,20560725,0.00324470000009569,76344,4,NA,NA,106,0.53
200,16,"EF",20,20560726,0.00410039999997025,76344,5,NA,NA,103,0.515
200,16,"EF",21,20560727,0.00199240000029022,76344,4,NA,NA,102,0.51
200,16,"EF",22,20560728,0.00390270000002602,76344,4,NA,NA,102,0.51
200,16,"EF",23,20560729,0.00344470000027286,76344,4,NA,NA,113,0.565
200,16,"EF",24,20560730,0.00582100000019636,76344,4,NA,NA,116,0.58
200,16,"EF",25,20560731,0.00345080000010967,76344,4,NA,NA,97,0.485
200,16,"EF",26,20560732,0.00261520000026394,76344,5,NA,NA,104,0.52
200,16,"EF",27,20560733,0.00316900000007081,76344,4,NA,NA,115,0.575
200,16,"EF",28,20560734,0.0114563000001908,76344,4,NA,NA,99,0.495
200,16,"EF",29,20560735,0.00320210000018051,76344,4,NA,NA,100,0.5
200,16,"EF",30,20560736,0.00229370000010931,76344,4,NA,NA,101,0.505
200,16,"HL",1,20560707,0.00232010000013361,64048,4,NA,NA,105,0.525
200,16,"HL",2,20560708,0.00229390000026797,64048,4,NA,NA,109,0.545
200,16,"HL",3,20560709,0.00248020000003635,64048,4,NA,NA,109,0.545
200,16,"HL",4,20560710,0.00250849999997627,64048,4,NA,NA,107,0.535
200,16,"HL",5,20560711,0.00248570000030668,64048,4,NA,NA,105,0.525
200,16,"HL",6,20560712,0.00467080000021269,64048,4,NA,NA,91,0.455
200,16,"HL",7,20560713,0.00280520000023898,64048,4,NA,NA,93,0.465
200,16,"HL",8,20560714,0.00313910000022588,64048,4,NA,NA,105,0.525
200,16,"HL",9,20560715,0.0033736000002591,64048,4,NA,NA,111,0.555
200,16,"HL",10,20560716,0.00238750000016807,64048,4,NA,NA,99,0.495
200,16,"HL",11,20560717,0.0023081000001639,64048,5,NA,NA,128,0.64
200,16,"HL",12,20560718,0.00306280000017978,64048,4,NA,NA,97,0.485
200,16,"HL",13,20560719,0.00282510000010916,64048,3,NA,NA,96,0.48
200,16,"HL",14,20560720,0.00823150000019268,64048,4,NA,NA,108,0.54
200,16,"HL",15,20560721,0.0025054000000182,64048,4,NA,NA,104,0.52
200,16,"HL",16,20560722,0.00253920000000107,64048,4,NA,NA,109,0.545
200,16,"HL",17,20560723,0.00293960000021798,64048,5,NA,NA,96,0.48
200,16,"HL",18,20560724,0.00324760000012247,64048,5,NA,NA,102,0.51
200,16,"HL",19,20560725,0.00318700000002536,64048,4,NA,NA,106,0.53
200,16,"HL",20,20560726,0.00282600000014099,64048,5,NA,NA,103,0.515
200,16,"HL",21,20560727,0.00235230000021147,64048,4,NA,NA,102,0.51
200,16,"HL",22,20560728,0.00362180000001899,64048,4,NA,NA,102,0.51
200,16,"HL",23,20560729,0.0027983000002223,64048,4,NA,NA,113,0.565
200,16,"HL",24,20560730,0.00289150000003247,64048,4,NA,NA,116,0.58
200,16,"HL",25,20560731,0.00249550000012277,64048,4,NA,NA,97,0.485
200,16,"HL",26,20560732,0.00237310000011348,64048,5,NA,NA,104,0.52
200,16,"HL",27,20560733,0.00245749999999134,64048,4,NA,NA,115,0.575
200,16,"HL",28,20560734,0.00287160000016229,64048,4,NA,NA,99,0.495
200,16,"HL",29,20560735,0.00270820000014282,64048,4,NA,NA,100,0.5
200,16,"HL",30,20560736,0.00239840000017466,64048,4,NA,NA,101,0.505
200,16,"Pigeon-Heyse",1,20560707,0.00275970000006964,66368,4,NA,NA,105,0.525
200,16,"Pigeon-Heyse",2,20560708,0.00166780000017752,66368,4,NA,NA,109,0.545
200,16,"Pigeon-Heyse",3,20560709,0.00250070000015512,66368,4,NA,NA,109,0.545
200,16,"Pigeon-Heyse",4,20560710,0.00369260000024951,66368,4,NA,NA,107,0.535
200,16,"Pigeon-Heyse",5,20560711,0.00312910000025113,66368,4,NA,NA,105,0.525
200,16,"Pigeon-Heyse",6,20560712,0.0023662000000968,66368,4,NA,NA,91,0.455
200,16,"Pigeon-Heyse",7,20560713,0.00324780000005376,66368,4,NA,NA,93,0.465
200,16,"Pigeon-Heyse",8,20560714,0.00528060000010555,66368,4,NA,NA,105,0.525
200,16,"Pigeon-Heyse",9,20560715,0.00351540000019668,66368,4,NA,NA,111,0.555
200,16,"Pigeon-Heyse",10,20560716,0.00268950000031509,66368,4,NA,NA,99,0.495
200,16,"Pigeon-Heyse",11,20560717,0.00177480000024843,66368,5,NA,NA,128,0.64
200,16,"Pigeon-Heyse",12,20560718,0.00286980000009862,66368,4,NA,NA,97,0.485
200,16,"Pigeon-Heyse",13,20560719,0.00264680000009321,66368,3,NA,NA,96,0.48
200,16,"Pigeon-Heyse",14,20560720,0.00637390000019877,66368,4,NA,NA,108,0.54
200,16,"Pigeon-Heyse",15,20560721,0.00349190000019917,66368,4,NA,NA,104,0.52
200,16,"Pigeon-Heyse",16,20560722,0.00252930000010565,66368,4,NA,NA,109,0.545
200,16,"Pigeon-Heyse",17,20560723,0.00265010000020993,66368,5,NA,NA,96,0.48
200,16,"Pigeon-Heyse",18,20560724,0.00290830000017195,66368,5,NA,NA,102,0.51
200,16,"Pigeon-Heyse",19,20560725,0.006468600000062,66368,4,NA,NA,106,0.53
200,16,"Pigeon-Heyse",20,20560726,0.00267870000016046,66368,5,NA,NA,103,0.515
200,16,"Pigeon-Heyse",21,20560727,0.00255950000018856,66368,4,NA,NA,102,0.51
200,16,"Pigeon-Heyse",22,20560728,0.00274540000009438,66368,4,NA,NA,102,0.51
200,16,"Pigeon-Heyse",23,20560729,0.00312990000020363,66368,4,NA,NA,113,0.565
200,16,"Pigeon-Heyse",24,20560730,0.00406330000009802,66368,4,NA,NA,116,0.58
200,16,"Pigeon-Heyse",25,20560731,0.00305100000014136,66368,4,NA,NA,97,0.485
200,16,"Pigeon-Heyse",26,20560732,0.0021948000003249,66368,5,NA,NA,104,0.52
200,16,"Pigeon-Heyse",27,20560733,0.00271229999998468,66368,4,NA,NA,115,0.575
200,16,"Pigeon-Heyse",28,20560734,0.00349870000013652,66368,4,NA,NA,99,0.495
200,16,"Pigeon-Heyse",29,20560735,0.00352300000008654,66368,4,NA,NA,100,0.5
200,16,"Pigeon-Heyse",30,20560736,0.00182319999998981,66368,4,NA,NA,101,0.505
200,16,"Osius-Rojek",1,20560707,0.00281500000028245,117360,4,NA,NA,105,0.525
200,16,"Osius-Rojek",2,20560708,0.00170730000013464,117360,4,NA,NA,109,0.545
200,16,"Osius-Rojek",3,20560709,0.00340390000019397,117360,4,NA,NA,109,0.545
200,16,"Osius-Rojek",4,20560710,0.00203350000015234,117360,4,NA,NA,107,0.535
200,16,"Osius-Rojek",5,20560711,0.00223350000032951,117360,4,NA,NA,105,0.525
200,16,"Osius-Rojek",6,20560712,0.00214290000008077,117360,4,NA,NA,91,0.455
200,16,"Osius-Rojek",7,20560713,0.00283060000015212,117360,4,NA,NA,93,0.465
200,16,"Osius-Rojek",8,20560714,0.00232390000019222,117360,4,NA,NA,105,0.525
200,16,"Osius-Rojek",9,20560715,0.0029362000002493,117360,4,NA,NA,111,0.555
200,16,"Osius-Rojek",10,20560716,0.00221320000014202,117360,4,NA,NA,99,0.495
200,16,"Osius-Rojek",11,20560717,0.00199030000021594,117360,5,NA,NA,128,0.64
200,16,"Osius-Rojek",12,20560718,0.00212090000013632,117360,4,NA,NA,97,0.485
200,16,"Osius-Rojek",13,20560719,0.00281590000008691,117360,3,NA,NA,96,0.48
200,16,"Osius-Rojek",14,20560720,0.00260810000031597,117360,4,NA,NA,108,0.54
200,16,"Osius-Rojek",15,20560721,0.00225530000011531,117360,4,NA,NA,104,0.52
200,16,"Osius-Rojek",16,20560722,0.00194190000024719,117360,4,NA,NA,109,0.545
200,16,"Osius-Rojek",17,20560723,0.00259990000017751,117360,5,NA,NA,96,0.48
200,16,"Osius-Rojek",18,20560724,0.00398340000015196,117360,5,NA,NA,102,0.51
200,16,"Osius-Rojek",19,20560725,0.00216870000008385,117360,4,NA,NA,106,0.53
200,16,"Osius-Rojek",20,20560726,0.0072850000001381,117360,5,NA,NA,103,0.515
200,16,"Osius-Rojek",21,20560727,0.00147999999990134,117360,4,NA,NA,102,0.51
200,16,"Osius-Rojek",22,20560728,0.0020654000002196,117360,4,NA,NA,102,0.51
200,16,"Osius-Rojek",23,20560729,0.00350150000008398,117360,4,NA,NA,113,0.565
200,16,"Osius-Rojek",24,20560730,0.00203340000007302,117360,4,NA,NA,116,0.58
200,16,"Osius-Rojek",25,20560731,0.00218100000029153,117360,4,NA,NA,97,0.485
200,16,"Osius-Rojek",26,20560732,0.00201470000024528,117360,5,NA,NA,104,0.52
200,16,"Osius-Rojek",27,20560733,0.00247950000016317,117360,4,NA,NA,115,0.575
200,16,"Osius-Rojek",28,20560734,0.00270790000013221,117360,4,NA,NA,99,0.495
200,16,"Osius-Rojek",29,20560735,0.00519530000019586,117360,4,NA,NA,100,0.5
200,16,"Osius-Rojek",30,20560736,0.00199280000015278,117360,4,NA,NA,101,0.505
200,16,"Stukel",1,20560707,0.0023126000000957,131160,4,5,1,105,0.525
200,16,"Stukel",2,20560708,0.001876600000287,131160,4,5,1,109,0.545
200,16,"Stukel",3,20560709,0.00333360000013272,131160,4,5,1,109,0.545
200,16,"Stukel",4,20560710,0.00219110000034561,131160,4,5,1,107,0.535
200,16,"Stukel",5,20560711,0.00208430000020599,131160,4,5,1,105,0.525
200,16,"Stukel",6,20560712,0.00188460000003943,131160,4,5,1,91,0.455
200,16,"Stukel",7,20560713,0.0026505000000725,131160,4,5,1,93,0.465
200,16,"Stukel",8,20560714,0.00378060000002733,131160,4,5,1,105,0.525
200,16,"Stukel",9,20560715,0.0025756000002275,131160,4,5,1,111,0.555
200,16,"Stukel",10,20560716,0.00327710000033221,131160,4,5,1,99,0.495
200,16,"Stukel",11,20560717,0.00194370000008348,131160,5,5,1,128,0.64
200,16,"Stukel",12,20560718,0.0040905000003022,131160,4,5,1,97,0.485
200,16,"Stukel",13,20560719,0.00332880000019031,131160,3,5,1,96,0.48
200,16,"Stukel",14,20560720,0.00360490000002756,131160,4,5,1,108,0.54
200,16,"Stukel",15,20560721,0.00304800000026262,131160,4,5,1,104,0.52
200,16,"Stukel",16,20560722,0.00218320000021777,131160,4,5,1,109,0.545
200,16,"Stukel",17,20560723,0.0027864999999565,131160,5,5,1,96,0.48
200,16,"Stukel",18,20560724,0.00222050000002127,131160,5,5,1,102,0.51
200,16,"Stukel",19,20560725,0.0024445999999898,131160,4,5,1,106,0.53
200,16,"Stukel",20,20560726,0.00281240000003891,131160,5,5,1,103,0.515
200,16,"Stukel",21,20560727,0.00137250000011591,131160,4,5,1,102,0.51
200,16,"Stukel",22,20560728,0.00370410000004995,131160,4,5,1,102,0.51
200,16,"Stukel",23,20560729,0.00442370000018855,131160,4,5,1,113,0.565
200,16,"Stukel",24,20560730,0.00228270000025077,131160,4,5,1,116,0.58
200,16,"Stukel",25,20560731,0.00233440000010887,131160,4,5,1,97,0.485
200,16,"Stukel",26,20560732,0.00199650000013207,131160,5,5,1,104,0.52
200,16,"Stukel",27,20560733,0.00268650000020898,131160,4,5,1,115,0.575
200,16,"Stukel",28,20560734,0.00220279999984996,131160,4,5,1,99,0.495
200,16,"Stukel",29,20560735,0.00369100000011713,131160,4,5,1,100,0.5
200,16,"Stukel",30,20560736,0.00191200000017488,131160,4,5,1,101,0.505
200,16,"Tsiatis",1,20560707,0.00862240000014936,362176,4,NA,NA,105,0.525
200,16,"Tsiatis",2,20560708,0.00291320000019368,362176,4,NA,NA,109,0.545
200,16,"Tsiatis",3,20560709,0.00780520000012075,362176,4,NA,NA,109,0.545
200,16,"Tsiatis",4,20560710,0.00730940000016744,362176,4,NA,NA,107,0.535
200,16,"Tsiatis",5,20560711,0.00465100000019447,362176,4,NA,NA,105,0.525
200,16,"Tsiatis",6,20560712,0.00400690000014947,362176,4,NA,NA,91,0.455
200,16,"Tsiatis",7,20560713,0.00466870000013841,362176,4,NA,NA,93,0.465
200,16,"Tsiatis",8,20560714,0.00440030000027036,362176,4,NA,NA,105,0.525
200,16,"Tsiatis",9,20560715,0.00486590000014075,362176,4,NA,NA,111,0.555
200,16,"Tsiatis",10,20560716,0.00642999999990934,362176,4,NA,NA,99,0.495
200,16,"Tsiatis",11,20560717,0.00282110000011926,362176,5,NA,NA,128,0.64
200,16,"Tsiatis",12,20560718,0.00439920000030725,362176,4,NA,NA,97,0.485
200,16,"Tsiatis",13,20560719,0.00922570000011547,362176,3,NA,NA,96,0.48
200,16,"Tsiatis",14,20560720,0.00615250000032574,362176,4,NA,NA,108,0.54
200,16,"Tsiatis",15,20560721,0.0072858000000906,362176,4,NA,NA,104,0.52
200,16,"Tsiatis",16,20560722,0.00371220000010908,362176,4,NA,NA,109,0.545
200,16,"Tsiatis",17,20560723,0.00415390000034677,362176,5,NA,NA,96,0.48
200,16,"Tsiatis",18,20560724,0.00556620000020303,362176,5,NA,NA,102,0.51
200,16,"Tsiatis",19,20560725,0.00387270000010176,362176,4,NA,NA,106,0.53
200,16,"Tsiatis",20,20560726,0.00421870000013769,362176,5,NA,NA,103,0.515
200,16,"Tsiatis",21,20560727,0.00325320000024476,362176,4,NA,NA,102,0.51
200,16,"Tsiatis",22,20560728,0.00554040000019995,362176,4,NA,NA,102,0.51
200,16,"Tsiatis",23,20560729,0.00480500000026041,362176,4,NA,NA,113,0.565
200,16,"Tsiatis",24,20560730,0.00418560000025536,362176,4,NA,NA,116,0.58
200,16,"Tsiatis",25,20560731,0.00389250000011998,362176,4,NA,NA,97,0.485
200,16,"Tsiatis",26,20560732,0.00312320000011823,362176,5,NA,NA,104,0.52
200,16,"Tsiatis",27,20560733,0.00468730000011419,362176,4,NA,NA,115,0.575
200,16,"Tsiatis",28,20560734,0.00453700000002755,362176,4,NA,NA,99,0.495
200,16,"Tsiatis",29,20560735,0.00515430000018569,362176,4,NA,NA,100,0.5
200,16,"Tsiatis",30,20560736,0.00312860000030923,362176,4,NA,NA,101,0.505
200,16,"Xie",1,20560707,0.0201051000001371,1191240,4,NA,NA,105,0.525
200,16,"Xie",2,20560708,0.0180853000001662,1191240,4,NA,NA,109,0.545
200,16,"Xie",3,20560709,0.0194269999999506,1191608,4,NA,NA,109,0.545
200,16,"Xie",4,20560710,0.0212707000000592,1192040,4,NA,NA,107,0.535
200,16,"Xie",5,20560711,0.0185811000001195,1191240,4,NA,NA,105,0.525
200,16,"Xie",6,20560712,0.0172608000000309,1191240,4,NA,NA,91,0.455
200,16,"Xie",7,20560713,0.0245799000001625,1191608,4,NA,NA,93,0.465
200,16,"Xie",8,20560714,0.0233550000002651,1191240,4,NA,NA,105,0.525
200,16,"Xie",9,20560715,0.025278900000103,1191240,4,NA,NA,111,0.555
200,16,"Xie",10,20560716,0.0237460000000738,1191608,4,NA,NA,99,0.495
200,16,"Xie",11,20560717,0.0181073000001106,1191240,5,NA,NA,128,0.64
200,16,"Xie",12,20560718,0.0206323000002158,1191240,4,NA,NA,97,0.485
200,16,"Xie",13,20560719,0.0217698999999811,1191240,3,NA,NA,96,0.48
200,16,"Xie",14,20560720,0.020721500000036,1191608,4,NA,NA,108,0.54
200,16,"Xie",15,20560721,0.0242583000001559,1191240,4,NA,NA,104,0.52
200,16,"Xie",16,20560722,0.0156745000001592,1192040,4,NA,NA,109,0.545
200,16,"Xie",17,20560723,0.0237372000001415,1192008,5,NA,NA,96,0.48
200,16,"Xie",18,20560724,0.0230575000000499,1191240,5,NA,NA,102,0.51
200,16,"Xie",19,20560725,0.0225287000000662,1191240,4,NA,NA,106,0.53
200,16,"Xie",20,20560726,0.0246700000000146,1191240,5,NA,NA,103,0.515
200,16,"Xie",21,20560727,0.0167536999999811,1191624,4,NA,NA,102,0.51
200,16,"Xie",22,20560728,0.0214782000002742,1191240,4,NA,NA,102,0.51
200,16,"Xie",23,20560729,0.0227714000000105,1191240,4,NA,NA,113,0.565
200,16,"Xie",24,20560730,0.0265967000000273,1191608,4,NA,NA,116,0.58
200,16,"Xie",25,20560731,0.0238204000002042,1191240,4,NA,NA,97,0.485
200,16,"Xie",26,20560732,0.0175983999997698,1191240,5,NA,NA,104,0.52
200,16,"Xie",27,20560733,0.0263876000001346,1191608,4,NA,NA,115,0.575
200,16,"Xie",28,20560734,0.0215708000000632,1191608,4,NA,NA,99,0.495
200,16,"Xie",29,20560735,0.0216010000001461,1191240,4,NA,NA,100,0.5
200,16,"Xie",30,20560736,0.0221307000001616,1191240,4,NA,NA,101,0.505
200,16,"Pulkstenis-Robinson",1,20560707,0.00285009999993235,160840,4,NA,NA,105,0.525
200,16,"Pulkstenis-Robinson",2,20560708,0.0017832000000908,160776,4,NA,NA,109,0.545
200,16,"Pulkstenis-Robinson",3,20560709,0.00246930000025714,160840,4,NA,NA,109,0.545
200,16,"Pulkstenis-Robinson",4,20560710,0.00267450000023928,160776,4,NA,NA,107,0.535
200,16,"Pulkstenis-Robinson",5,20560711,0.0028108000001339,160840,4,NA,NA,105,0.525
200,16,"Pulkstenis-Robinson",6,20560712,0.00230560000022706,160776,4,NA,NA,91,0.455
200,16,"Pulkstenis-Robinson",7,20560713,0.00329160000023876,160840,4,NA,NA,93,0.465
200,16,"Pulkstenis-Robinson",8,20560714,0.00295060000030389,160840,4,NA,NA,105,0.525
200,16,"Pulkstenis-Robinson",9,20560715,0.0049671000001581,160840,4,NA,NA,111,0.555
200,16,"Pulkstenis-Robinson",10,20560716,0.00296290000005683,160776,4,NA,NA,99,0.495
200,16,"Pulkstenis-Robinson",11,20560717,0.00261310000018966,160840,5,NA,NA,128,0.64
200,16,"Pulkstenis-Robinson",12,20560718,0.00392720000013469,160840,4,NA,NA,97,0.485
200,16,"Pulkstenis-Robinson",13,20560719,0.00293520000013814,160840,3,NA,NA,96,0.48
200,16,"Pulkstenis-Robinson",14,20560720,0.00281949999998687,160776,4,NA,NA,108,0.54
200,16,"Pulkstenis-Robinson",15,20560721,0.00364209999997911,160840,4,NA,NA,104,0.52
200,16,"Pulkstenis-Robinson",16,20560722,0.00273140000012972,160840,4,NA,NA,109,0.545
200,16,"Pulkstenis-Robinson",17,20560723,0.00285500000018146,160840,5,NA,NA,96,0.48
200,16,"Pulkstenis-Robinson",18,20560724,0.00294040000017048,160840,5,NA,NA,102,0.51
200,16,"Pulkstenis-Robinson",19,20560725,0.0033517000001666,160840,4,NA,NA,106,0.53
200,16,"Pulkstenis-Robinson",20,20560726,0.00480900000025031,160840,5,NA,NA,103,0.515
200,16,"Pulkstenis-Robinson",21,20560727,0.00247930000000451,160776,4,NA,NA,102,0.51
200,16,"Pulkstenis-Robinson",22,20560728,0.00618840000015553,160840,4,NA,NA,102,0.51
200,16,"Pulkstenis-Robinson",23,20560729,0.00419300000021394,160840,4,NA,NA,113,0.565
200,16,"Pulkstenis-Robinson",24,20560730,0.00484250000022257,160840,4,NA,NA,116,0.58
200,16,"Pulkstenis-Robinson",25,20560731,0.00318670000024213,160840,4,NA,NA,97,0.485
200,16,"Pulkstenis-Robinson",26,20560732,0.00231790000020737,160776,5,NA,NA,104,0.52
200,16,"Pulkstenis-Robinson",27,20560733,0.00366209999992861,160840,4,NA,NA,115,0.575
200,16,"Pulkstenis-Robinson",28,20560734,0.00326750000022002,160776,4,NA,NA,99,0.495
200,16,"Pulkstenis-Robinson",29,20560735,0.0030071000001044,160840,4,NA,NA,100,0.5
200,16,"Pulkstenis-Robinson",30,20560736,0.00226860000020679,160840,4,NA,NA,101,0.505
200,16,"le-Cessie",1,20560707,0.0322618000002421,9658320,4,NA,NA,105,0.525
200,16,"le-Cessie",2,20560708,0.0207140000002255,9658320,4,NA,NA,109,0.545
200,16,"le-Cessie",3,20560709,0.0298900000000231,9658320,4,NA,NA,109,0.545
200,16,"le-Cessie",4,20560710,0.0328972000002068,9658320,4,NA,NA,107,0.535
200,16,"le-Cessie",5,20560711,0.045373900000186,9658320,4,NA,NA,105,0.525
200,16,"glm_fit",1,20560707,0.00311680000004344,689328,4,NA,NA,105,0.525
200,16,"glm_fit",2,20560708,0.00259179999989101,689328,4,NA,NA,109,0.545
200,16,"glm_fit",3,20560709,0.00415180000027249,689328,4,NA,NA,109,0.545
200,16,"glm_fit",4,20560710,0.00365589999978511,689328,4,NA,NA,107,0.535
200,16,"glm_fit",5,20560711,0.00381259999994654,689328,4,NA,NA,105,0.525
200,16,"glm_fit",6,20560712,0.00360730000011245,689328,4,NA,NA,91,0.455
200,16,"glm_fit",7,20560713,0.00388920000023063,689328,4,NA,NA,93,0.465
200,16,"glm_fit",8,20560714,0.00414730000011332,689328,4,NA,NA,105,0.525
200,16,"glm_fit",9,20560715,0.00389220000010937,689328,4,NA,NA,111,0.555
200,16,"glm_fit",10,20560716,0.00399990000005346,689328,4,NA,NA,99,0.495
200,16,"glm_fit",11,20560717,0.00372020000031625,805344,5,NA,NA,128,0.64
200,16,"glm_fit",12,20560718,0.00414500000010776,689328,4,NA,NA,97,0.485
200,16,"glm_fit",13,20560719,0.00408420000007936,573312,3,NA,NA,96,0.48
200,16,"glm_fit",14,20560720,0.00386430000025939,689328,4,NA,NA,108,0.54
200,16,"glm_fit",15,20560721,0.00406440000028852,689328,4,NA,NA,104,0.52
200,16,"glm_fit",16,20560722,0.0037227000002531,689328,4,NA,NA,109,0.545
200,16,"glm_fit",17,20560723,0.00442360000010922,805344,5,NA,NA,96,0.48
200,16,"glm_fit",18,20560724,0.00403660000006312,805344,5,NA,NA,102,0.51
200,16,"glm_fit",19,20560725,0.00422410000010132,689328,4,NA,NA,106,0.53
200,16,"glm_fit",20,20560726,0.00386800000023868,805344,5,NA,NA,103,0.515
200,16,"glm_fit",21,20560727,0.00272110000014436,689328,4,NA,NA,102,0.51
200,16,"glm_fit",22,20560728,0.00398260000019945,689328,4,NA,NA,102,0.51
200,16,"glm_fit",23,20560729,0.00447890000032203,689328,4,NA,NA,113,0.565
200,16,"glm_fit",24,20560730,0.00482680000027358,689328,4,NA,NA,116,0.58
200,16,"glm_fit",25,20560731,0.00335380000024088,689328,4,NA,NA,97,0.485
200,16,"glm_fit",26,20560732,0.00403930000015862,805344,5,NA,NA,104,0.52
200,16,"glm_fit",27,20560733,0.00427220000028683,689328,4,NA,NA,115,0.575
200,16,"glm_fit",28,20560734,0.00497430000018539,689328,4,NA,NA,99,0.495
200,16,"glm_fit",29,20560735,0.00437950000014098,689328,4,NA,NA,100,0.5
200,16,"glm_fit",30,20560736,0.00381210000023202,689328,4,NA,NA,101,0.505
200,32,"DEF.poly3",1,20660707,0.00660400000015215,353944,5,NA,NA,96,0.48
200,32,"DEF.poly3",2,20660708,0.00403990000017984,353944,4,NA,NA,101,0.505
200,32,"DEF.poly3",3,20660709,0.0149386000002778,353944,4,NA,NA,101,0.505
200,32,"DEF.poly3",4,20660710,0.00833000000011452,353944,5,NA,NA,112,0.56
200,32,"DEF.poly3",5,20660711,0.00665710000021136,353944,4,NA,NA,110,0.55
200,32,"DEF.poly3",6,20660712,0.00594090000026881,353944,5,NA,NA,112,0.56
200,32,"DEF.poly3",7,20660713,0.00661290000016379,353944,5,NA,NA,101,0.505
200,32,"DEF.poly3",8,20660714,0.00680290000013883,353944,5,NA,NA,109,0.545
200,32,"DEF.poly3",9,20660715,0.00668660000019372,353944,5,NA,NA,104,0.52
200,32,"DEF.poly3",10,20660716,0.0147678000000724,353944,4,NA,NA,105,0.525
200,32,"DEF.poly3",11,20660717,0.0046444000001884,353944,5,NA,NA,107,0.535
200,32,"DEF.poly3",12,20660718,0.00679480000030708,353944,5,NA,NA,103,0.515
200,32,"DEF.poly3",13,20660719,0.00744130000020959,353944,5,NA,NA,107,0.535
200,32,"DEF.poly3",14,20660720,0.00733190000005379,353944,5,NA,NA,99,0.495
200,32,"DEF.poly3",15,20660721,0.0152898000001187,353944,6,NA,NA,108,0.54
200,32,"DEF.poly3",16,20660722,0.00448650000021189,353944,4,NA,NA,106,0.53
200,32,"DEF.poly3",17,20660723,0.00689239999996971,353944,5,NA,NA,94,0.47
200,32,"DEF.poly3",18,20660724,0.00986379999972087,353944,5,NA,NA,104,0.52
200,32,"DEF.poly3",19,20660725,0.00719640000011168,353944,5,NA,NA,93,0.465
200,32,"DEF.poly3",20,20660726,0.0270795000001272,353944,4,NA,NA,105,0.525
200,32,"DEF.poly3",21,20660727,0.00542420000010679,353944,5,NA,NA,98,0.49
200,32,"DEF.poly3",22,20660728,0.00925220000021909,353944,5,NA,NA,109,0.545
200,32,"DEF.poly3",23,20660729,0.0120827000000645,353944,5,NA,NA,103,0.515
200,32,"DEF.poly3",24,20660730,0.00715880000007019,353944,6,NA,NA,99,0.495
200,32,"DEF.poly3",25,20660731,0.0087820000001102,353944,4,NA,NA,99,0.495
200,32,"DEF.poly3",26,20660732,0.00748490000023594,353944,4,NA,NA,103,0.515
200,32,"DEF.poly3",27,20660733,0.00705790000006346,353944,5,NA,NA,104,0.52
200,32,"DEF.poly3",28,20660734,0.00681980000013027,353944,4,NA,NA,101,0.505
200,32,"DEF.poly3",29,20660735,0.008009900000161,353944,4,NA,NA,110,0.55
200,32,"DEF.poly3",30,20660736,0.00425940000013725,353944,5,NA,NA,93,0.465
200,32,"DEF.stukel",1,20660707,0.00641790000031506,347040,5,NA,NA,96,0.48
200,32,"DEF.stukel",2,20660708,0.00401840000017728,347040,4,NA,NA,101,0.505
200,32,"DEF.stukel",3,20660709,0.0057843000001867,347040,4,NA,NA,101,0.505
200,32,"DEF.stukel",4,20660710,0.00606979999997748,347040,5,NA,NA,112,0.56
200,32,"DEF.stukel",5,20660711,0.00667980000002899,347040,4,NA,NA,110,0.55
200,32,"DEF.stukel",6,20660712,0.00435800000013842,347040,5,NA,NA,112,0.56
200,32,"DEF.stukel",7,20660713,0.00869740000007369,347040,5,NA,NA,101,0.505
200,32,"DEF.stukel",8,20660714,0.00832340000033582,347040,5,NA,NA,109,0.545
200,32,"DEF.stukel",9,20660715,0.00838320000025305,347040,5,NA,NA,104,0.52
200,32,"DEF.stukel",10,20660716,0.00732200000015837,347040,4,NA,NA,105,0.525
200,32,"DEF.stukel",11,20660717,0.00387550000027659,347040,5,NA,NA,107,0.535
200,32,"DEF.stukel",12,20660718,0.00684890000025007,347040,5,NA,NA,103,0.515
200,32,"DEF.stukel",13,20660719,0.00722220000011475,347040,5,NA,NA,107,0.535
200,32,"DEF.stukel",14,20660720,0.00648870000009083,347040,5,NA,NA,99,0.495
200,32,"DEF.stukel",15,20660721,0.00759190000007948,347040,6,NA,NA,108,0.54
200,32,"DEF.stukel",16,20660722,0.00452100000006794,347040,4,NA,NA,106,0.53
200,32,"DEF.stukel",17,20660723,0.00647400000002563,347040,5,NA,NA,94,0.47
200,32,"DEF.stukel",18,20660724,0.00705520000019533,347040,5,NA,NA,104,0.52
200,32,"DEF.stukel",19,20660725,0.00705489999995734,347040,5,NA,NA,93,0.465
200,32,"DEF.stukel",20,20660726,0.011425700000018,347040,4,NA,NA,105,0.525
200,32,"DEF.stukel",21,20660727,0.00528770000005352,347040,5,NA,NA,98,0.49
200,32,"DEF.stukel",22,20660728,0.00642670000024737,347040,5,NA,NA,109,0.545
200,32,"DEF.stukel",23,20660729,0.00669630000015786,347040,5,NA,NA,103,0.515
200,32,"DEF.stukel",24,20660730,0.00693540000020221,347040,6,NA,NA,99,0.495
200,32,"DEF.stukel",25,20660731,0.00721990000010919,347040,4,NA,NA,99,0.495
200,32,"DEF.stukel",26,20660732,0.00437030000034611,347040,4,NA,NA,103,0.515
200,32,"DEF.stukel",27,20660733,0.00733790000026602,347040,5,NA,NA,104,0.52
200,32,"DEF.stukel",28,20660734,0.00680010000019138,347040,4,NA,NA,101,0.505
200,32,"DEF.stukel",29,20660735,0.00622330000010152,347040,4,NA,NA,110,0.55
200,32,"DEF.stukel",30,20660736,0.00456260000009934,347040,5,NA,NA,93,0.465
200,32,"EF",1,20660707,0.00319459999991523,109400,5,NA,NA,96,0.48
200,32,"EF",2,20660708,0.00193290000015622,109400,4,NA,NA,101,0.505
200,32,"EF",3,20660709,0.00308800000016163,109400,4,NA,NA,101,0.505
200,32,"EF",4,20660710,0.00308500000028289,109400,5,NA,NA,112,0.56
200,32,"EF",5,20660711,0.00350680000019565,109400,4,NA,NA,110,0.55
200,32,"EF",6,20660712,0.00201779999997598,109400,5,NA,NA,112,0.56
200,32,"EF",7,20660713,0.00365010000018628,109400,5,NA,NA,101,0.505
200,32,"EF",8,20660714,0.0039140999999745,109400,5,NA,NA,109,0.545
200,32,"EF",9,20660715,0.00773720000029243,109400,5,NA,NA,104,0.52
200,32,"EF",10,20660716,0.00610080000024027,109400,4,NA,NA,105,0.525
200,32,"EF",11,20660717,0.0020734000001994,109400,5,NA,NA,107,0.535
200,32,"EF",12,20660718,0.00382790000003297,109400,5,NA,NA,103,0.515
200,32,"EF",13,20660719,0.00427690000014991,109400,5,NA,NA,107,0.535
200,32,"EF",14,20660720,0.00373630000035519,109400,5,NA,NA,99,0.495
200,32,"EF",15,20660721,0.00450020000016593,109400,6,NA,NA,108,0.54
200,32,"EF",16,20660722,0.00234419999992497,109400,4,NA,NA,106,0.53
200,32,"EF",17,20660723,0.00334710000015548,109400,5,NA,NA,94,0.47
200,32,"EF",18,20660724,0.00534360000006018,109400,5,NA,NA,104,0.52
200,32,"EF",19,20660725,0.0052335000000312,109400,5,NA,NA,93,0.465
200,32,"EF",20,20660726,0.00359000000003107,109400,4,NA,NA,105,0.525
200,32,"EF",21,20660727,0.00209510000013324,109400,5,NA,NA,98,0.49
200,32,"EF",22,20660728,0.00484050000022762,109400,5,NA,NA,109,0.545
200,32,"EF",23,20660729,0.00306680000016968,109400,5,NA,NA,103,0.515
200,32,"EF",24,20660730,0.00442940000016279,109400,6,NA,NA,99,0.495
200,32,"EF",25,20660731,0.0037869000000228,109400,4,NA,NA,99,0.495
200,32,"EF",26,20660732,0.00198810000006233,109400,4,NA,NA,103,0.515
200,32,"EF",27,20660733,0.00409899999999652,109400,5,NA,NA,104,0.52
200,32,"EF",28,20660734,0.00418510000008609,109400,4,NA,NA,101,0.505
200,32,"EF",29,20660735,0.00359270000012657,109400,4,NA,NA,110,0.55
200,32,"EF",30,20660736,0.00219629999992321,109400,5,NA,NA,93,0.465
200,32,"HL",1,20660707,0.00309660000016265,97104,5,NA,NA,96,0.48
200,32,"HL",2,20660708,0.00203190000024733,97104,4,NA,NA,101,0.505
200,32,"HL",3,20660709,0.00369830000022375,97104,4,NA,NA,101,0.505
200,32,"HL",4,20660710,0.00327870000000985,97104,5,NA,NA,112,0.56
200,32,"HL",5,20660711,0.00331920000007813,97104,4,NA,NA,110,0.55
200,32,"HL",6,20660712,0.00193179999973836,97104,5,NA,NA,112,0.56
200,32,"HL",7,20660713,0.00442419999990307,97104,5,NA,NA,101,0.505
200,32,"HL",8,20660714,0.00310720000015863,97104,5,NA,NA,109,0.545
200,32,"HL",9,20660715,0.00648400000000038,97104,5,NA,NA,104,0.52
200,32,"HL",10,20660716,0.00318130000005112,97104,4,NA,NA,105,0.525
200,32,"HL",11,20660717,0.00193930000023101,97104,5,NA,NA,107,0.535
200,32,"HL",12,20660718,0.0029580000000351,97104,5,NA,NA,103,0.515
200,32,"HL",13,20660719,0.00296550000030038,97104,5,NA,NA,107,0.535
200,32,"HL",14,20660720,0.00318250000032094,97104,5,NA,NA,99,0.495
200,32,"HL",15,20660721,0.00352440000006027,97104,6,NA,NA,108,0.54
200,32,"HL",16,20660722,0.00185749999991458,97104,4,NA,NA,106,0.53
200,32,"HL",17,20660723,0.00513770000020486,97104,5,NA,NA,94,0.47
200,32,"HL",18,20660724,0.00300520000018878,97104,5,NA,NA,104,0.52
200,32,"HL",19,20660725,0.00329590000023927,97104,5,NA,NA,93,0.465
200,32,"HL",20,20660726,0.00454030000014427,97104,4,NA,NA,105,0.525
200,32,"HL",21,20660727,0.00205010000013317,97104,5,NA,NA,98,0.49
200,32,"HL",22,20660728,0.00506540000014866,97104,5,NA,NA,109,0.545
200,32,"HL",23,20660729,0.00323560000015277,97104,5,NA,NA,103,0.515
200,32,"HL",24,20660730,0.00345510000033755,97104,6,NA,NA,99,0.495
200,32,"HL",25,20660731,0.00353709999990315,97104,4,NA,NA,99,0.495
200,32,"HL",26,20660732,0.00189890000024207,97104,4,NA,NA,103,0.515
200,32,"HL",27,20660733,0.00660640000000967,97104,5,NA,NA,104,0.52
200,32,"HL",28,20660734,0.00341510000021117,97104,4,NA,NA,101,0.505
200,32,"HL",29,20660735,0.00327370000013616,97104,4,NA,NA,110,0.55
200,32,"HL",30,20660736,0.00194929999997839,97104,5,NA,NA,93,0.465
200,32,"Pigeon-Heyse",1,20660707,0.00342100000011669,99424,5,NA,NA,96,0.48
200,32,"Pigeon-Heyse",2,20660708,0.00211570000010397,99424,4,NA,NA,101,0.505
200,32,"Pigeon-Heyse",3,20660709,0.00307200000020202,99424,4,NA,NA,101,0.505
200,32,"Pigeon-Heyse",4,20660710,0.00311800000008589,99424,5,NA,NA,112,0.56
200,32,"Pigeon-Heyse",5,20660711,0.0032423000000108,99424,4,NA,NA,110,0.55
200,32,"Pigeon-Heyse",6,20660712,0.00200410000024931,99424,5,NA,NA,112,0.56
200,32,"Pigeon-Heyse",7,20660713,0.00402469999994537,99424,5,NA,NA,101,0.505
200,32,"Pigeon-Heyse",8,20660714,0.00397259999999733,99424,5,NA,NA,109,0.545
200,32,"Pigeon-Heyse",9,20660715,0.00494040000012319,99424,5,NA,NA,104,0.52
200,32,"Pigeon-Heyse",10,20660716,0.00309500000003027,99424,4,NA,NA,105,0.525
200,32,"Pigeon-Heyse",11,20660717,0.00215990000015154,99424,5,NA,NA,107,0.535
200,32,"Pigeon-Heyse",12,20660718,0.00353050000012445,99424,5,NA,NA,103,0.515
200,32,"Pigeon-Heyse",13,20660719,0.00449650000018664,99424,5,NA,NA,107,0.535
200,32,"Pigeon-Heyse",14,20660720,0.00328490000015336,99424,5,NA,NA,99,0.495
200,32,"Pigeon-Heyse",15,20660721,0.0034304000002976,99424,6,NA,NA,108,0.54
200,32,"Pigeon-Heyse",16,20660722,0.00199480000014773,99424,4,NA,NA,106,0.53
200,32,"Pigeon-Heyse",17,20660723,0.00332680000019536,99424,5,NA,NA,94,0.47
200,32,"Pigeon-Heyse",18,20660724,0.0032794000001104,99424,5,NA,NA,104,0.52
200,32,"Pigeon-Heyse",19,20660725,0.00336250000009386,99424,5,NA,NA,93,0.465
200,32,"Pigeon-Heyse",20,20660726,0.00322870000013609,99424,4,NA,NA,105,0.525
200,32,"Pigeon-Heyse",21,20660727,0.00281150000000707,99424,5,NA,NA,98,0.49
200,32,"Pigeon-Heyse",22,20660728,0.00410229999988587,99424,5,NA,NA,109,0.545
200,32,"Pigeon-Heyse",23,20660729,0.00317660000018805,99424,5,NA,NA,103,0.515
200,32,"Pigeon-Heyse",24,20660730,0.00348580000013499,99424,6,NA,NA,99,0.495
200,32,"Pigeon-Heyse",25,20660731,0.00336740000011559,99424,4,NA,NA,99,0.495
200,32,"Pigeon-Heyse",26,20660732,0.00249060000010104,99424,4,NA,NA,103,0.515
200,32,"Pigeon-Heyse",27,20660733,0.00346490000015365,99424,5,NA,NA,104,0.52
200,32,"Pigeon-Heyse",28,20660734,0.00362310000014077,99424,4,NA,NA,101,0.505
200,32,"Pigeon-Heyse",29,20660735,0.00392100000021856,99424,4,NA,NA,110,0.55
200,32,"Pigeon-Heyse",30,20660736,0.0020131000001129,99424,5,NA,NA,93,0.465
200,32,"Osius-Rojek",1,20660707,0.00271970000017063,202960,5,NA,NA,96,0.48
200,32,"Osius-Rojek",2,20660708,0.00168580000013208,202960,4,NA,NA,101,0.505
200,32,"Osius-Rojek",3,20660709,0.00289450000013858,202960,4,NA,NA,101,0.505
200,32,"Osius-Rojek",4,20660710,0.00267650000000685,202960,5,NA,NA,112,0.56
200,32,"Osius-Rojek",5,20660711,0.00280410000004849,202960,4,NA,NA,110,0.55
200,32,"Osius-Rojek",6,20660712,0.00187789999995402,202960,5,NA,NA,112,0.56
200,32,"Osius-Rojek",7,20660713,0.0037200000001576,202960,5,NA,NA,101,0.505
200,32,"Osius-Rojek",8,20660714,0.00295160000018768,202960,5,NA,NA,109,0.545
200,32,"Osius-Rojek",9,20660715,0.00293400000009569,202960,5,NA,NA,104,0.52
200,32,"Osius-Rojek",10,20660716,0.00462960000004387,202960,4,NA,NA,105,0.525
200,32,"Osius-Rojek",11,20660717,0.00188479999997071,202960,5,NA,NA,107,0.535
200,32,"Osius-Rojek",12,20660718,0.00303230000008625,202960,5,NA,NA,103,0.515
200,32,"Osius-Rojek",13,20660719,0.0038716999999906,202960,5,NA,NA,107,0.535
200,32,"Osius-Rojek",14,20660720,0.00377880000019104,202960,5,NA,NA,99,0.495
200,32,"Osius-Rojek",15,20660721,0.00284429999987879,202960,6,NA,NA,108,0.54
200,32,"Osius-Rojek",16,20660722,0.00190810000026431,202960,4,NA,NA,106,0.53
200,32,"Osius-Rojek",17,20660723,0.0029354000002968,202960,5,NA,NA,94,0.47
200,32,"Osius-Rojek",18,20660724,0.00362290000020948,202960,5,NA,NA,104,0.52
200,32,"Osius-Rojek",19,20660725,0.00297630000000026,202960,5,NA,NA,93,0.465
200,32,"Osius-Rojek",20,20660726,0.00332400000002053,202960,4,NA,NA,105,0.525
200,32,"Osius-Rojek",21,20660727,0.00168580000013208,202960,5,NA,NA,98,0.49
200,32,"Osius-Rojek",22,20660728,0.00250480000022435,202960,5,NA,NA,109,0.545
200,32,"Osius-Rojek",23,20660729,0.00389380000024175,202960,5,NA,NA,103,0.515
200,32,"Osius-Rojek",24,20660730,0.00273820000029446,202960,6,NA,NA,99,0.495
200,32,"Osius-Rojek",25,20660731,0.00451770000017859,202960,4,NA,NA,99,0.495
200,32,"Osius-Rojek",26,20660732,0.00198350000005121,202960,4,NA,NA,103,0.515
200,32,"Osius-Rojek",27,20660733,0.00298140000018066,202960,5,NA,NA,104,0.52
200,32,"Osius-Rojek",28,20660734,0.00284510000005866,202960,4,NA,NA,101,0.505
200,32,"Osius-Rojek",29,20660735,0.00279169999998885,202960,4,NA,NA,110,0.55
200,32,"Osius-Rojek",30,20660736,0.00221250000026885,202960,5,NA,NA,93,0.465
200,32,"Stukel",1,20660707,0.00498590000029253,216328,5,6,1,96,0.48
200,32,"Stukel",2,20660708,0.00163690000022143,216328,4,6,1,101,0.505
200,32,"Stukel",3,20660709,0.00296130000015182,216328,4,6,1,101,0.505
200,32,"Stukel",4,20660710,0.00248150000015812,216328,5,6,1,112,0.56
200,32,"Stukel",5,20660711,0.00253560000010111,216328,4,6,1,110,0.55
200,32,"Stukel",6,20660712,0.00166780000017752,216328,5,6,1,112,0.56
200,32,"Stukel",7,20660713,0.00290020000034019,216328,5,6,1,101,0.505
200,32,"Stukel",8,20660714,0.00286800000026233,216328,5,6,1,109,0.545
200,32,"Stukel",9,20660715,0.00412900000014815,216328,5,6,1,104,0.52
200,32,"Stukel",10,20660716,0.00298220000013316,216328,4,6,1,105,0.525
200,32,"Stukel",11,20660717,0.00204550000012205,216328,5,6,1,107,0.535
200,32,"Stukel",12,20660718,0.00398290000021007,216328,5,6,1,103,0.515
200,32,"Stukel",13,20660719,0.00894450000009783,216328,5,6,1,107,0.535
200,32,"Stukel",14,20660720,0.00404590000016469,216328,5,6,1,99,0.495
200,32,"Stukel",15,20660721,0.00295180000011896,216328,6,6,1,108,0.54
200,32,"Stukel",16,20660722,0.00164910000012242,216328,4,6,1,106,0.53
200,32,"Stukel",17,20660723,0.00263950000021396,216328,5,6,1,94,0.47
200,32,"Stukel",18,20660724,0.00393359999975473,216328,5,6,1,104,0.52
200,32,"Stukel",19,20660725,0.00269720000028428,216328,5,6,1,93,0.465
200,32,"Stukel",20,20660726,0.00247310000008838,216328,4,6,1,105,0.525
200,32,"Stukel",21,20660727,0.00179730000013478,216328,5,6,1,98,0.49
200,32,"Stukel",22,20660728,0.00327530000026854,216328,5,6,1,109,0.545
200,32,"Stukel",23,20660729,0.00269930000013119,216328,5,6,1,103,0.515
200,32,"Stukel",24,20660730,0.00270079999995687,216328,6,6,1,99,0.495
200,32,"Stukel",25,20660731,0.00241280000000188,216328,4,6,1,99,0.495
200,32,"Stukel",26,20660732,0.00200900000027104,216328,4,6,1,103,0.515
200,32,"Stukel",27,20660733,0.00431660000026568,216328,5,6,1,104,0.52
200,32,"Stukel",28,20660734,0.00302840000017568,216328,4,6,1,101,0.505
200,32,"Stukel",29,20660735,0.00261130000012599,216328,4,6,1,110,0.55
200,32,"Stukel",30,20660736,0.00180450000016208,216328,5,6,1,93,0.465
200,32,"Tsiatis",1,20660707,0.00675220000016452,652728,5,NA,NA,96,0.48
200,32,"Tsiatis",2,20660708,0.00445080000008602,652728,4,NA,NA,101,0.505
200,32,"Tsiatis",3,20660709,0.00616790000026413,652728,4,NA,NA,101,0.505
200,32,"Tsiatis",4,20660710,0.00581839999995282,652728,5,NA,NA,112,0.56
200,32,"Tsiatis",5,20660711,0.0057484999999815,652728,4,NA,NA,110,0.55
200,32,"Tsiatis",6,20660712,0.00430019999998876,652728,5,NA,NA,112,0.56
200,32,"Tsiatis",7,20660713,0.0059387000001152,652728,5,NA,NA,101,0.505
200,32,"Tsiatis",8,20660714,0.00594300000034309,652728,5,NA,NA,109,0.545
200,32,"Tsiatis",9,20660715,0.00508780000018305,652728,5,NA,NA,104,0.52
200,32,"Tsiatis",10,20660716,0.00575329999992391,652728,4,NA,NA,105,0.525
200,32,"Tsiatis",11,20660717,0.00826290000009067,652728,5,NA,NA,107,0.535
200,32,"Tsiatis",12,20660718,0.00545540000030087,652728,5,NA,NA,103,0.515
200,32,"Tsiatis",13,20660719,0.00482520000014119,652728,5,NA,NA,107,0.535
200,32,"Tsiatis",14,20660720,0.00838810000004742,652728,5,NA,NA,99,0.495
200,32,"Tsiatis",15,20660721,0.00716850000003433,652728,6,NA,NA,108,0.54
200,32,"Tsiatis",16,20660722,0.00405550000004951,652728,4,NA,NA,106,0.53
200,32,"Tsiatis",17,20660723,0.00526590000004035,652728,5,NA,NA,94,0.47
200,32,"Tsiatis",18,20660724,0.00564970000004905,652728,5,NA,NA,104,0.52
200,32,"Tsiatis",19,20660725,0.00510570000005828,652728,5,NA,NA,93,0.465
200,32,"Tsiatis",20,20660726,0.00659519999999247,652728,4,NA,NA,105,0.525
200,32,"Tsiatis",21,20660727,0.00342840000030264,652728,5,NA,NA,98,0.49
200,32,"Tsiatis",22,20660728,0.00565410000012889,652728,5,NA,NA,109,0.545
200,32,"Tsiatis",23,20660729,0.00636749999989661,652728,5,NA,NA,103,0.515
200,32,"Tsiatis",24,20660730,0.00515880000034485,652728,6,NA,NA,99,0.495
200,32,"Tsiatis",25,20660731,0.00573900000017602,652728,4,NA,NA,99,0.495
200,32,"Tsiatis",26,20660732,0.00358280000023115,652728,4,NA,NA,103,0.515
200,32,"Tsiatis",27,20660733,0.0056093000000601,652728,5,NA,NA,104,0.52
200,32,"Tsiatis",28,20660734,0.00582470000017565,652728,4,NA,NA,101,0.505
200,32,"Tsiatis",29,20660735,0.00517650000006142,652728,4,NA,NA,110,0.55
200,32,"Tsiatis",30,20660736,0.00334000000020751,652728,5,NA,NA,93,0.465
200,32,"Xie",1,20660707,0.0342663999999786,2577424,5,NA,NA,96,0.48
200,32,"Xie",2,20660708,0.0359514000001582,2577424,4,NA,NA,101,0.505
200,32,"Xie",3,20660709,0.0379156000001331,2577424,4,NA,NA,101,0.505
200,32,"Xie",4,20660710,0.0407032999999046,2577424,5,NA,NA,112,0.56
200,32,"Xie",5,20660711,0.0358106000001044,2577424,4,NA,NA,110,0.55
200,32,"Xie",6,20660712,0.0314210999999887,2577424,5,NA,NA,112,0.56
200,32,"Xie",7,20660713,0.0436999000000924,2577424,5,NA,NA,101,0.505
200,32,"Xie",8,20660714,0.0447976000000381,2577424,5,NA,NA,109,0.545
200,32,"Xie",9,20660715,0.0500793999999587,2577424,5,NA,NA,104,0.52
200,32,"Xie",10,20660716,0.0417881000000762,2577424,4,NA,NA,105,0.525
200,32,"Xie",11,20660717,0.0324024999997619,2577424,5,NA,NA,107,0.535
200,32,"Xie",12,20660718,0.0434176000001116,2577424,5,NA,NA,103,0.515
200,32,"Xie",13,20660719,0.0426454000000831,2577424,5,NA,NA,107,0.535
200,32,"Xie",14,20660720,0.0455023999998048,2577424,5,NA,NA,99,0.495
200,32,"Xie",15,20660721,0.0438190000002123,2577424,6,NA,NA,108,0.54
200,32,"Xie",16,20660722,0.032538100000238,2577424,4,NA,NA,106,0.53
200,32,"Xie",17,20660723,0.0440863999999692,2577424,5,NA,NA,94,0.47
200,32,"Xie",18,20660724,0.0445075000000088,2577424,5,NA,NA,104,0.52
200,32,"Xie",19,20660725,0.0479718000001412,2577424,5,NA,NA,93,0.465
200,32,"Xie",20,20660726,0.0453832000000602,2577424,4,NA,NA,105,0.525
200,32,"Xie",21,20660727,0.034275000000207,2577424,5,NA,NA,98,0.49
200,32,"Xie",22,20660728,0.0474517000000105,2577424,5,NA,NA,109,0.545
200,32,"Xie",23,20660729,0.0493345000002137,2577424,5,NA,NA,103,0.515
200,32,"Xie",24,20660730,0.0479940000002443,2577424,6,NA,NA,99,0.495
200,32,"Xie",25,20660731,0.0422558000000208,2577424,4,NA,NA,99,0.495
200,32,"Xie",26,20660732,0.0336824000000888,2577424,4,NA,NA,103,0.515
200,32,"Xie",27,20660733,0.0500519000001987,2577424,5,NA,NA,104,0.52
200,32,"Xie",28,20660734,0.0435321000002205,2577424,4,NA,NA,101,0.505
200,32,"Xie",29,20660735,0.0406248000001597,2577424,4,NA,NA,110,0.55
200,32,"Xie",30,20660736,0.0392780000001949,2577424,5,NA,NA,93,0.465
200,32,"Pulkstenis-Robinson",1,20660707,0.00276080000003276,267848,5,NA,NA,96,0.48
200,32,"Pulkstenis-Robinson",2,20660708,0.00221540000006826,267848,4,NA,NA,101,0.505
200,32,"Pulkstenis-Robinson",3,20660709,0.00377030000004197,267848,4,NA,NA,101,0.505
200,32,"Pulkstenis-Robinson",4,20660710,0.00264480000009826,267848,5,NA,NA,112,0.56
200,32,"Pulkstenis-Robinson",5,20660711,0.00887500000021646,267848,4,NA,NA,110,0.55
200,32,"Pulkstenis-Robinson",6,20660712,0.00564980000012838,267848,5,NA,NA,112,0.56
200,32,"Pulkstenis-Robinson",7,20660713,0.00417779999997947,267784,5,NA,NA,101,0.505
200,32,"Pulkstenis-Robinson",8,20660714,0.00423960000011903,267848,5,NA,NA,109,0.545
200,32,"Pulkstenis-Robinson",9,20660715,0.00368700000012723,267848,5,NA,NA,104,0.52
200,32,"Pulkstenis-Robinson",10,20660716,0.00243680000016866,267784,4,NA,NA,105,0.525
200,32,"Pulkstenis-Robinson",11,20660717,0.00235700000007455,267848,5,NA,NA,107,0.535
200,32,"Pulkstenis-Robinson",12,20660718,0.00403340000002572,267848,5,NA,NA,103,0.515
200,32,"Pulkstenis-Robinson",13,20660719,0.0038280000001123,267848,5,NA,NA,107,0.535
200,32,"Pulkstenis-Robinson",14,20660720,0.00407510000036382,267848,5,NA,NA,99,0.495
200,32,"Pulkstenis-Robinson",15,20660721,0.00448560000018006,267848,6,NA,NA,108,0.54
200,32,"Pulkstenis-Robinson",16,20660722,0.00230000000010477,267848,4,NA,NA,106,0.53
200,32,"Pulkstenis-Robinson",17,20660723,0.0060015999999905,267784,5,NA,NA,94,0.47
200,32,"Pulkstenis-Robinson",18,20660724,0.00389820000009422,267848,5,NA,NA,104,0.52
200,32,"Pulkstenis-Robinson",19,20660725,0.00394630000005236,267848,5,NA,NA,93,0.465
200,32,"Pulkstenis-Robinson",20,20660726,0.00561930000003485,267848,4,NA,NA,105,0.525
200,32,"Pulkstenis-Robinson",21,20660727,0.00405450000016572,267848,5,NA,NA,98,0.49
200,32,"Pulkstenis-Robinson",22,20660728,0.00405830000022434,267848,5,NA,NA,109,0.545
200,32,"Pulkstenis-Robinson",23,20660729,0.00340710000023137,267848,5,NA,NA,103,0.515
200,32,"Pulkstenis-Robinson",24,20660730,0.00357060000010279,267848,6,NA,NA,99,0.495
200,32,"Pulkstenis-Robinson",25,20660731,0.00370990000033089,267848,4,NA,NA,99,0.495
200,32,"Pulkstenis-Robinson",26,20660732,0.00237680000032015,267784,4,NA,NA,103,0.515
200,32,"Pulkstenis-Robinson",27,20660733,0.00385090000008859,267848,5,NA,NA,104,0.52
200,32,"Pulkstenis-Robinson",28,20660734,0.00384830000007241,267784,4,NA,NA,101,0.505
200,32,"Pulkstenis-Robinson",29,20660735,0.00240409999992153,267848,4,NA,NA,110,0.55
200,32,"Pulkstenis-Robinson",30,20660736,0.00233260000027258,267848,5,NA,NA,93,0.465
200,32,"le-Cessie",1,20660707,0.0383673000003455,15228152,5,NA,NA,96,0.48
200,32,"le-Cessie",2,20660708,0.033379700000296,15228152,4,NA,NA,101,0.505
200,32,"le-Cessie",3,20660709,0.0370500000001357,15228152,4,NA,NA,101,0.505
200,32,"le-Cessie",4,20660710,0.0289741999999933,15228152,5,NA,NA,112,0.56
200,32,"le-Cessie",5,20660711,0.0389916999999969,15228152,4,NA,NA,110,0.55
200,32,"glm_fit",1,20660707,0.00648430000023836,1256488,5,NA,NA,96,0.48
200,32,"glm_fit",2,20660708,0.0041003000001183,1087800,4,NA,NA,101,0.505
200,32,"glm_fit",3,20660709,0.00435179999999491,1087800,4,NA,NA,101,0.505
200,32,"glm_fit",4,20660710,0.00454500000000735,1256488,5,NA,NA,112,0.56
200,32,"glm_fit",5,20660711,0.0042150000001584,1087800,4,NA,NA,110,0.55
200,32,"glm_fit",6,20660712,0.00464990000023136,1256488,5,NA,NA,112,0.56
200,32,"glm_fit",7,20660713,0.0067628000001605,1256488,5,NA,NA,101,0.505
200,32,"glm_fit",8,20660714,0.00717730000019401,1256488,5,NA,NA,109,0.545
200,32,"glm_fit",9,20660715,0.00699330000020382,1256488,5,NA,NA,104,0.52
200,32,"glm_fit",10,20660716,0.00854310000022451,1087800,4,NA,NA,105,0.525
200,32,"glm_fit",11,20660717,0.00515930000028675,1256488,5,NA,NA,107,0.535
200,32,"glm_fit",12,20660718,0.00511060000008001,1256488,5,NA,NA,103,0.515
200,32,"glm_fit",13,20660719,0.00478130000010424,1256488,5,NA,NA,107,0.535
200,32,"glm_fit",14,20660720,0.00565339999980097,1256488,5,NA,NA,99,0.495
200,32,"glm_fit",15,20660721,0.00596650000011323,1425176,6,NA,NA,108,0.54
200,32,"glm_fit",16,20660722,0.00522730000011506,1087800,4,NA,NA,106,0.53
200,32,"glm_fit",17,20660723,0.00715370000011717,1256488,5,NA,NA,94,0.47
200,32,"glm_fit",18,20660724,0.00484490000030746,1256488,5,NA,NA,104,0.52
200,32,"glm_fit",19,20660725,0.00739210000006096,1256488,5,NA,NA,93,0.465
200,32,"glm_fit",20,20660726,0.00571620000005169,1087800,4,NA,NA,105,0.525
200,32,"glm_fit",21,20660727,0.00486100000011902,1256488,5,NA,NA,98,0.49
200,32,"glm_fit",22,20660728,0.00748740000017278,1256488,5,NA,NA,109,0.545
200,32,"glm_fit",23,20660729,0.00440230000026531,1256488,5,NA,NA,103,0.515
200,32,"glm_fit",24,20660730,0.00696670000002086,1425176,6,NA,NA,99,0.495
200,32,"glm_fit",25,20660731,0.00482110000007197,1087800,4,NA,NA,99,0.495
200,32,"glm_fit",26,20660732,0.00586970000017573,1087800,4,NA,NA,103,0.515
200,32,"glm_fit",27,20660733,0.007369300000164,1256488,5,NA,NA,104,0.52
200,32,"glm_fit",28,20660734,0.00680290000013883,1087800,4,NA,NA,101,0.505
200,32,"glm_fit",29,20660735,0.00413200000025427,1087800,4,NA,NA,110,0.55
200,32,"glm_fit",30,20660736,0.00425850000010541,1256488,5,NA,NA,93,0.465
500,4,"DEF.poly3",1,20760707,0.00342700000010154,244480,4,NA,NA,270,0.54
500,4,"DEF.poly3",2,20760708,0.00323690000004717,244480,4,NA,NA,263,0.526
500,4,"DEF.poly3",3,20760709,0.00368520000006356,244480,4,NA,NA,248,0.496
500,4,"DEF.poly3",4,20760710,0.00394750000009481,244480,4,NA,NA,248,0.496
500,4,"DEF.poly3",5,20760711,0.0050115999999889,244504,3,NA,NA,254,0.508
500,4,"DEF.poly3",6,20760712,0.00310800000011113,244480,4,NA,NA,256,0.512
500,4,"DEF.poly3",7,20760713,0.0047988000001169,244480,4,NA,NA,269,0.538
500,4,"DEF.poly3",8,20760714,0.0054362000000765,244480,4,NA,NA,277,0.554
500,4,"DEF.poly3",9,20760715,0.00512060000005476,244480,4,NA,NA,262,0.524
500,4,"DEF.poly3",10,20760716,0.00567630000000463,244480,3,NA,NA,245,0.49
500,4,"DEF.poly3",11,20760717,0.00411220000000867,244480,3,NA,NA,263,0.526
500,4,"DEF.poly3",12,20760718,0.00580050000030496,244480,4,NA,NA,252,0.504
500,4,"DEF.poly3",13,20760719,0.00541500000031192,244480,4,NA,NA,240,0.48
500,4,"DEF.poly3",14,20760720,0.00557790000016212,244480,4,NA,NA,252,0.504
500,4,"DEF.poly3",15,20760721,0.00619510000024093,244480,4,NA,NA,263,0.526
500,4,"DEF.poly3",16,20760722,0.00393520000034187,244480,4,NA,NA,248,0.496
500,4,"DEF.poly3",17,20760723,0.0185342000002038,244480,3,NA,NA,259,0.518
500,4,"DEF.poly3",18,20760724,0.00645080000003873,244480,4,NA,NA,253,0.506
500,4,"DEF.poly3",19,20760725,0.00547789999995985,244480,4,NA,NA,276,0.552
500,4,"DEF.poly3",20,20760726,0.00598420000005717,244480,4,NA,NA,260,0.52
500,4,"DEF.poly3",21,20760727,0.00383670000019265,244480,4,NA,NA,253,0.506
500,4,"DEF.poly3",22,20760728,0.00507710000010775,244480,4,NA,NA,269,0.538
500,4,"DEF.poly3",23,20760729,0.00554180000017368,244480,4,NA,NA,259,0.518
500,4,"DEF.poly3",24,20760730,0.00500320000014653,244480,4,NA,NA,270,0.54
500,4,"DEF.poly3",25,20760731,0.00596740000014506,244480,4,NA,NA,239,0.478
500,4,"DEF.poly3",26,20760732,0.00337720000015906,244480,4,NA,NA,259,0.518
500,4,"DEF.poly3",27,20760733,0.00500690000012582,244480,4,NA,NA,245,0.49
500,4,"DEF.poly3",28,20760734,0.00550410000028023,244480,4,NA,NA,266,0.532
500,4,"DEF.poly3",29,20760735,0.00503790000016124,244480,4,NA,NA,258,0.516
500,4,"DEF.poly3",30,20760736,0.00381459999994149,244480,4,NA,NA,251,0.502
500,4,"DEF.stukel",1,20760707,0.00408620000007431,237576,4,NA,NA,270,0.54
500,4,"DEF.stukel",2,20760708,0.00337570000010601,237576,4,NA,NA,263,0.526
500,4,"DEF.stukel",3,20760709,0.00342070000010608,237576,4,NA,NA,248,0.496
500,4,"DEF.stukel",4,20760710,0.00326900000004571,237576,4,NA,NA,248,0.496
500,4,"DEF.stukel",5,20760711,0.00332650000018475,237576,3,NA,NA,254,0.508
500,4,"DEF.stukel",6,20760712,0.00280890000021827,237576,4,NA,NA,256,0.512
500,4,"DEF.stukel",7,20760713,0.00471740000011778,237576,4,NA,NA,269,0.538
500,4,"DEF.stukel",8,20760714,0.00468860000000859,237576,4,NA,NA,277,0.554
500,4,"DEF.stukel",9,20760715,0.00566760000015165,237576,4,NA,NA,262,0.524
500,4,"DEF.stukel",10,20760716,0.00517630000013014,237576,3,NA,NA,245,0.49
500,4,"DEF.stukel",11,20760717,0.00385860000005778,237576,3,NA,NA,263,0.526
500,4,"DEF.stukel",12,20760718,0.00577829999997448,237576,4,NA,NA,252,0.504
500,4,"DEF.stukel",13,20760719,0.00525599999991755,237576,4,NA,NA,240,0.48
500,4,"DEF.stukel",14,20760720,0.00596520000021883,237576,4,NA,NA,252,0.504
500,4,"DEF.stukel",15,20760721,0.00502160000019103,237576,4,NA,NA,263,0.526
500,4,"DEF.stukel",16,20760722,0.00309700000002522,237576,4,NA,NA,248,0.496
500,4,"DEF.stukel",17,20760723,0.00514160000011543,237576,3,NA,NA,259,0.518
500,4,"DEF.stukel",18,20760724,0.00686059999998179,237576,4,NA,NA,253,0.506
500,4,"DEF.stukel",19,20760725,0.00587930000006054,237576,4,NA,NA,276,0.552
500,4,"DEF.stukel",20,20760726,0.00483000000031097,237576,4,NA,NA,260,0.52
500,4,"DEF.stukel",21,20760727,0.00307050000014897,237576,4,NA,NA,253,0.506
500,4,"DEF.stukel",22,20760728,0.00521230000003925,237576,4,NA,NA,269,0.538
500,4,"DEF.stukel",23,20760729,0.00551460000019688,237576,4,NA,NA,259,0.518
500,4,"DEF.stukel",24,20760730,0.00589270000000397,237576,4,NA,NA,270,0.54
500,4,"DEF.stukel",25,20760731,0.0046810000003461,237576,4,NA,NA,239,0.478
500,4,"DEF.stukel",26,20760732,0.00307260000022325,237576,4,NA,NA,259,0.518
500,4,"DEF.stukel",27,20760733,0.0124895999999808,237576,4,NA,NA,245,0.49
500,4,"DEF.stukel",28,20760734,0.00487420000013117,237576,4,NA,NA,266,0.532
500,4,"DEF.stukel",29,20760735,0.00708940000026814,237576,4,NA,NA,258,0.516
500,4,"DEF.stukel",30,20760736,0.00439810000011676,237576,4,NA,NA,251,0.502
500,4,"EF",1,20760707,0.00260550000007242,130312,4,NA,NA,270,0.54
500,4,"EF",2,20760708,0.00164470000026995,130312,4,NA,NA,263,0.526
500,4,"EF",3,20760709,0.00179360000015549,130312,4,NA,NA,248,0.496
500,4,"EF",4,20760710,0.00226810000003752,130312,4,NA,NA,248,0.496
500,4,"EF",5,20760711,0.00188520000006065,130312,3,NA,NA,254,0.508
500,4,"EF",6,20760712,0.00155420000010054,130312,4,NA,NA,256,0.512
500,4,"EF",7,20760713,0.00264500000002954,130312,4,NA,NA,269,0.538
500,4,"EF",8,20760714,0.00271629999997458,130312,4,NA,NA,277,0.554
500,4,"EF",9,20760715,0.00309630000015204,130312,4,NA,NA,262,0.524
500,4,"EF",10,20760716,0.00297560000012709,130312,3,NA,NA,245,0.49
500,4,"EF",11,20760717,0.00167689999989307,130312,3,NA,NA,263,0.526
500,4,"EF",12,20760718,0.00365290000013374,130312,4,NA,NA,252,0.504
500,4,"EF",13,20760719,0.0025861999999961,130312,4,NA,NA,240,0.48
500,4,"EF",14,20760720,0.00307090000001153,130312,4,NA,NA,252,0.504
500,4,"EF",15,20760721,0.0049599000001308,130312,4,NA,NA,263,0.526
500,4,"EF",16,20760722,0.00163320000024214,130312,4,NA,NA,248,0.496
500,4,"EF",17,20760723,0.00267000000008011,130312,3,NA,NA,259,0.518
500,4,"EF",18,20760724,0.00917550000008305,130312,4,NA,NA,253,0.506
500,4,"EF",19,20760725,0.00247540000009394,130312,4,NA,NA,276,0.552
500,4,"EF",20,20760726,0.00274480000030053,130312,4,NA,NA,260,0.52
500,4,"EF",21,20760727,0.00163490000022648,130312,4,NA,NA,253,0.506
500,4,"EF",22,20760728,0.00282980000019961,130312,4,NA,NA,269,0.538
500,4,"EF",23,20760729,0.00278190000017275,130312,4,NA,NA,259,0.518
500,4,"EF",24,20760730,0.00310120000017378,130312,4,NA,NA,270,0.54
500,4,"EF",25,20760731,0.00239450000003671,130312,4,NA,NA,239,0.478
500,4,"EF",26,20760732,0.00161820000016633,130312,4,NA,NA,259,0.518
500,4,"EF",27,20760733,0.00344870000003539,130312,4,NA,NA,245,0.49
500,4,"EF",28,20760734,0.00293270000020129,130312,4,NA,NA,266,0.532
500,4,"EF",29,20760735,0.01478410000027,130312,4,NA,NA,258,0.516
500,4,"EF",30,20760736,0.00285320000011779,130312,4,NA,NA,251,0.502
500,4,"HL",1,20760707,0.00218110000014349,105600,4,NA,NA,270,0.54
500,4,"HL",2,20760708,0.00213430000030712,105600,4,NA,NA,263,0.526
500,4,"HL",3,20760709,0.00222420000022794,105600,4,NA,NA,248,0.496
500,4,"HL",4,20760710,0.00261100000011538,105600,4,NA,NA,248,0.496
500,4,"HL",5,20760711,0.00207700000009936,105600,3,NA,NA,254,0.508
500,4,"HL",6,20760712,0.00173040000004221,105600,4,NA,NA,256,0.512
500,4,"HL",7,20760713,0.00304510000023583,105600,4,NA,NA,269,0.538
500,4,"HL",8,20760714,0.00287189999994553,105600,4,NA,NA,277,0.554
500,4,"HL",9,20760715,0.0026981999999407,105600,4,NA,NA,262,0.524
500,4,"HL",10,20760716,0.00463330000025053,105600,3,NA,NA,245,0.49
500,4,"HL",11,20760717,0.002553700000135,105600,3,NA,NA,263,0.526
500,4,"HL",12,20760718,0.00308630000017729,105600,4,NA,NA,252,0.504
500,4,"HL",13,20760719,0.00455600000009326,105600,4,NA,NA,240,0.48
500,4,"HL",14,20760720,0.00402270000017779,105600,4,NA,NA,252,0.504
500,4,"HL",15,20760721,0.00270580000005793,105600,4,NA,NA,263,0.526
500,4,"HL",16,20760722,0.00285470000017085,105600,4,NA,NA,248,0.496
500,4,"HL",17,20760723,0.00282200000015109,105600,3,NA,NA,259,0.518
500,4,"HL",18,20760724,0.00270910000017466,105600,4,NA,NA,253,0.506
500,4,"HL",19,20760725,0.00268510000023525,105600,4,NA,NA,276,0.552
500,4,"HL",20,20760726,0.0117548000000625,105600,4,NA,NA,260,0.52
500,4,"HL",21,20760727,0.00199130000009973,105600,4,NA,NA,253,0.506
500,4,"HL",22,20760728,0.00300640000023122,105600,4,NA,NA,269,0.538
500,4,"HL",23,20760729,0.003096400000004,105600,4,NA,NA,259,0.518
500,4,"HL",24,20760730,0.00277780000010353,105600,4,NA,NA,270,0.54
500,4,"HL",25,20760731,0.00289610000004359,105600,4,NA,NA,239,0.478
500,4,"HL",26,20760732,0.00237550000019837,105600,4,NA,NA,259,0.518
500,4,"HL",27,20760733,0.00258590000021286,105600,4,NA,NA,245,0.49
500,4,"HL",28,20760734,0.00274830000012116,105600,4,NA,NA,266,0.532
500,4,"HL",29,20760735,0.00325070000008054,105600,4,NA,NA,258,0.516
500,4,"HL",30,20760736,0.00187110000024404,105600,4,NA,NA,251,0.502
500,4,"Pigeon-Heyse",1,20760707,0.00221590000023753,107568,4,NA,NA,270,0.54
500,4,"Pigeon-Heyse",2,20760708,0.00167320000014115,107568,4,NA,NA,263,0.526
500,4,"Pigeon-Heyse",3,20760709,0.00169070000015381,107568,4,NA,NA,248,0.496
500,4,"Pigeon-Heyse",4,20760710,0.00159990000020116,107568,4,NA,NA,248,0.496
500,4,"Pigeon-Heyse",5,20760711,0.00198300000010931,107568,3,NA,NA,254,0.508
500,4,"Pigeon-Heyse",6,20760712,0.00156809999998586,107568,4,NA,NA,256,0.512
500,4,"Pigeon-Heyse",7,20760713,0.0107697000000826,107568,4,NA,NA,269,0.538
500,4,"Pigeon-Heyse",8,20760714,0.00277940000023591,107568,4,NA,NA,277,0.554
500,4,"Pigeon-Heyse",9,20760715,0.00246790000028341,107568,4,NA,NA,262,0.524
500,4,"Pigeon-Heyse",10,20760716,0.00275060000012672,107568,3,NA,NA,245,0.49
500,4,"Pigeon-Heyse",11,20760717,0.00159940000003189,107568,3,NA,NA,263,0.526
500,4,"Pigeon-Heyse",12,20760718,0.00250760000017181,107568,4,NA,NA,252,0.504
500,4,"Pigeon-Heyse",13,20760719,0.00593530000014653,107568,4,NA,NA,240,0.48
500,4,"Pigeon-Heyse",14,20760720,0.00284660000011172,107568,4,NA,NA,252,0.504
500,4,"Pigeon-Heyse",15,20760721,0.00478880000014215,107568,4,NA,NA,263,0.526
500,4,"Pigeon-Heyse",16,20760722,0.00170130000014979,107568,4,NA,NA,248,0.496
500,4,"Pigeon-Heyse",17,20760723,0.00339870000016163,107568,3,NA,NA,259,0.518
500,4,"Pigeon-Heyse",18,20760724,0.00473670000019411,107568,4,NA,NA,253,0.506
500,4,"Pigeon-Heyse",19,20760725,0.00269390000016756,107568,4,NA,NA,276,0.552
500,4,"Pigeon-Heyse",20,20760726,0.00250840000012431,107568,4,NA,NA,260,0.52
500,4,"Pigeon-Heyse",21,20760727,0.00230220000003101,107568,4,NA,NA,253,0.506
500,4,"Pigeon-Heyse",22,20760728,0.00387080000018614,107568,4,NA,NA,269,0.538
500,4,"Pigeon-Heyse",23,20760729,0.00597080000011374,107568,4,NA,NA,259,0.518
500,4,"Pigeon-Heyse",24,20760730,0.00334130000010191,107568,4,NA,NA,270,0.54
500,4,"Pigeon-Heyse",25,20760731,0.00291460000016741,107568,4,NA,NA,239,0.478
500,4,"Pigeon-Heyse",26,20760732,0.00601720000008754,107568,4,NA,NA,259,0.518
500,4,"Pigeon-Heyse",27,20760733,0.00283000000035827,107568,4,NA,NA,245,0.49
500,4,"Pigeon-Heyse",28,20760734,0.00352060000000165,107568,4,NA,NA,266,0.532
500,4,"Pigeon-Heyse",29,20760735,0.00662929999998596,107568,4,NA,NA,258,0.516
500,4,"Pigeon-Heyse",30,20760736,0.00150410000014745,107568,4,NA,NA,251,0.502
500,4,"Osius-Rojek",1,20760707,0.00129340000012235,142168,4,NA,NA,270,0.54
500,4,"Osius-Rojek",2,20760708,0.00114490000009937,142168,4,NA,NA,263,0.526
500,4,"Osius-Rojek",3,20760709,0.00170220000018162,142168,4,NA,NA,248,0.496
500,4,"Osius-Rojek",4,20760710,0.00206189999994422,142168,4,NA,NA,248,0.496
500,4,"Osius-Rojek",5,20760711,0.00112060000014935,142168,3,NA,NA,254,0.508
500,4,"Osius-Rojek",6,20760712,0.00110580000000482,142168,4,NA,NA,256,0.512
500,4,"Osius-Rojek",7,20760713,0.00230230000011034,142168,4,NA,NA,269,0.538
500,4,"Osius-Rojek",8,20760714,0.00186770000004799,142168,4,NA,NA,277,0.554
500,4,"Osius-Rojek",9,20760715,0.00310809999996309,142168,4,NA,NA,262,0.524
500,4,"Osius-Rojek",10,20760716,0.00180479999994532,142168,3,NA,NA,245,0.49
500,4,"Osius-Rojek",11,20760717,0.00110520000021097,142168,3,NA,NA,263,0.526
500,4,"Osius-Rojek",12,20760718,0.00244990000010148,142168,4,NA,NA,252,0.504
500,4,"Osius-Rojek",13,20760719,0.00223740000024009,142168,4,NA,NA,240,0.48
500,4,"Osius-Rojek",14,20760720,0.00249810000013895,142168,4,NA,NA,252,0.504
500,4,"Osius-Rojek",15,20760721,0.00955740000017613,142168,4,NA,NA,263,0.526
500,4,"Osius-Rojek",16,20760722,0.00113200000009783,142168,4,NA,NA,248,0.496
500,4,"Osius-Rojek",17,20760723,0.00221700000020064,142168,3,NA,NA,259,0.518
500,4,"Osius-Rojek",18,20760724,0.00212590000023738,142168,4,NA,NA,253,0.506
500,4,"Osius-Rojek",19,20760725,0.00192480000009709,142168,4,NA,NA,276,0.552
500,4,"Osius-Rojek",20,20760726,0.00165720000018155,142168,4,NA,NA,260,0.52
500,4,"Osius-Rojek",21,20760727,0.00141929999995227,142168,4,NA,NA,253,0.506
500,4,"Osius-Rojek",22,20760728,0.00284890000011728,142168,4,NA,NA,269,0.538
500,4,"Osius-Rojek",23,20760729,0.00199040000006789,142168,4,NA,NA,259,0.518
500,4,"Osius-Rojek",24,20760730,0.00177480000002106,142168,4,NA,NA,270,0.54
500,4,"Osius-Rojek",25,20760731,0.00323200000025281,142168,4,NA,NA,239,0.478
500,4,"Osius-Rojek",26,20760732,0.00158860000010463,142168,4,NA,NA,259,0.518
500,4,"Osius-Rojek",27,20760733,0.00299030000019229,142168,4,NA,NA,245,0.49
500,4,"Osius-Rojek",28,20760734,0.00278950000028999,142168,4,NA,NA,266,0.532
500,4,"Osius-Rojek",29,20760735,0.0025420000001759,142168,4,NA,NA,258,0.516
500,4,"Osius-Rojek",30,20760736,0.00111320000019077,142168,4,NA,NA,251,0.502
500,4,"Stukel",1,20760707,0.00130810000018755,176584,4,5,1,270,0.54
500,4,"Stukel",2,20760708,0.00115850000020146,176584,4,5,1,263,0.526
500,4,"Stukel",3,20760709,0.00176970000006804,176584,4,5,1,248,0.496
500,4,"Stukel",4,20760710,0.00123089999988224,176584,4,5,1,248,0.496
500,4,"Stukel",5,20760711,0.00187380000011217,176584,3,5,1,254,0.508
500,4,"Stukel",6,20760712,0.0011490000001686,176584,4,5,1,256,0.512
500,4,"Stukel",7,20760713,0.00261980000004769,176584,4,5,1,269,0.538
500,4,"Stukel",8,20760714,0.00197930000013002,176584,4,5,1,277,0.554
500,4,"Stukel",9,20760715,0.00259740000001329,176584,4,5,1,262,0.524
500,4,"Stukel",10,20760716,0.00168670000016391,176584,3,5,1,245,0.49
500,4,"Stukel",11,20760717,0.00130040000021836,176584,3,5,1,263,0.526
500,4,"Stukel",12,20760718,0.00269780000007813,176584,4,5,1,252,0.504
500,4,"Stukel",13,20760719,0.00274850000027982,176584,4,5,1,240,0.48
500,4,"Stukel",14,20760720,0.00241040000014436,176584,4,5,1,252,0.504
500,4,"Stukel",15,20760721,0.00195850000022801,176584,4,5,1,263,0.526
500,4,"Stukel",16,20760722,0.00122570000007727,176584,4,5,1,248,0.496
500,4,"Stukel",17,20760723,0.00191210000025421,176584,3,5,1,259,0.518
500,4,"Stukel",18,20760724,0.00179280000020299,176584,4,5,1,253,0.506
500,4,"Stukel",19,20760725,0.00281979999999749,176584,4,5,1,276,0.552
500,4,"Stukel",20,20760726,0.00158190000024661,176584,4,5,1,260,0.52
500,4,"Stukel",21,20760727,0.00154730000008385,176584,4,5,1,253,0.506
500,4,"Stukel",22,20760728,0.00218570000015461,176584,4,5,1,269,0.538
500,4,"Stukel",23,20760729,0.00257370000031187,176584,4,5,1,259,0.518
500,4,"Stukel",24,20760730,0.00187900000014452,176584,4,5,1,270,0.54
500,4,"Stukel",25,20760731,0.00218360000030771,176584,4,5,1,239,0.478
500,4,"Stukel",26,20760732,0.00119620000032228,176584,4,5,1,259,0.518
500,4,"Stukel",27,20760733,0.00315140000020619,176584,4,5,1,245,0.49
500,4,"Stukel",28,20760734,0.00226150000003145,176584,4,5,1,266,0.532
500,4,"Stukel",29,20760735,0.00179080000020804,176584,4,5,1,258,0.516
500,4,"Stukel",30,20760736,0.00114790000020548,176584,4,5,1,251,0.502
500,4,"Tsiatis",1,20760707,0.00396930000010798,424912,4,NA,NA,270,0.54
500,4,"Tsiatis",2,20760708,0.00266620000024886,424912,4,NA,NA,263,0.526
500,4,"Tsiatis",3,20760709,0.0037838000002921,424912,4,NA,NA,248,0.496
500,4,"Tsiatis",4,20760710,0.00248780000015358,424912,4,NA,NA,248,0.496
500,4,"Tsiatis",5,20760711,0.00378900000009708,424912,3,NA,NA,254,0.508
500,4,"Tsiatis",6,20760712,0.00227340000014919,424912,4,NA,NA,256,0.512
500,4,"Tsiatis",7,20760713,0.00833470000020498,424912,4,NA,NA,269,0.538
500,4,"Tsiatis",8,20760714,0.00493330000017522,424912,4,NA,NA,277,0.554
500,4,"Tsiatis",9,20760715,0.00419850000002953,424912,4,NA,NA,262,0.524
500,4,"Tsiatis",10,20760716,0.00399220000008427,424912,3,NA,NA,245,0.49
500,4,"Tsiatis",11,20760717,0.00760930000024018,424912,3,NA,NA,263,0.526
500,4,"Tsiatis",12,20760718,0.00486109999997097,424912,4,NA,NA,252,0.504
500,4,"Tsiatis",13,20760719,0.00369960000011815,424912,4,NA,NA,240,0.48
500,4,"Tsiatis",14,20760720,0.00356180000017048,424912,4,NA,NA,252,0.504
500,4,"Tsiatis",15,20760721,0.00373440000021219,424912,4,NA,NA,263,0.526
500,4,"Tsiatis",16,20760722,0.00238970000009431,424912,4,NA,NA,248,0.496
500,4,"Tsiatis",17,20760723,0.00482340000007753,424912,3,NA,NA,259,0.518
500,4,"Tsiatis",18,20760724,0.00525620000007621,424912,4,NA,NA,253,0.506
500,4,"Tsiatis",19,20760725,0.00378520000026583,424912,4,NA,NA,276,0.552
500,4,"Tsiatis",20,20760726,0.00377000000003136,424912,4,NA,NA,260,0.52
500,4,"Tsiatis",21,20760727,0.00348980000012489,424912,4,NA,NA,253,0.506
500,4,"Tsiatis",22,20760728,0.00588730000004034,424912,4,NA,NA,269,0.538
500,4,"Tsiatis",23,20760729,0.00429790000021057,424912,4,NA,NA,259,0.518
500,4,"Tsiatis",24,20760730,0.00429900000017369,424912,4,NA,NA,270,0.54
500,4,"Tsiatis",25,20760731,0.00408800000013798,424912,4,NA,NA,239,0.478
500,4,"Tsiatis",26,20760732,0.00355860000013308,424912,4,NA,NA,259,0.518
500,4,"Tsiatis",27,20760733,0.00371010000026217,424912,4,NA,NA,245,0.49
500,4,"Tsiatis",28,20760734,0.00427370000033989,424912,4,NA,NA,266,0.532
500,4,"Tsiatis",29,20760735,0.0129185000000689,424912,4,NA,NA,258,0.516
500,4,"Tsiatis",30,20760736,0.00259550000009767,424912,4,NA,NA,251,0.502
500,4,"Xie",1,20760707,0.0143190000001141,982640,4,NA,NA,270,0.54
500,4,"Xie",2,20760708,0.0125471000001198,982640,4,NA,NA,263,0.526
500,4,"Xie",3,20760709,0.0145993000000999,982480,4,NA,NA,248,0.496
500,4,"Xie",4,20760710,0.0116959000001771,982632,4,NA,NA,248,0.496
500,4,"Xie",5,20760711,0.0123042000002442,982488,3,NA,NA,254,0.508
500,4,"Xie",6,20760712,0.0108147000000827,982480,4,NA,NA,256,0.512
500,4,"Xie",7,20760713,0.0182415000001583,982328,4,NA,NA,269,0.538
500,4,"Xie",8,20760714,0.0223861000001762,982640,4,NA,NA,277,0.554
500,4,"Xie",9,20760715,0.0163433000000168,982640,4,NA,NA,262,0.524
500,4,"Xie",10,20760716,0.026412000000164,982480,3,NA,NA,245,0.49
500,4,"Xie",11,20760717,0.0115676000000349,982648,3,NA,NA,263,0.526
500,4,"Xie",12,20760718,0.02114430000006,982632,4,NA,NA,252,0.504
500,4,"Xie",13,20760719,0.0238086000001658,982456,4,NA,NA,240,0.48
500,4,"Xie",14,20760720,0.0171834999998737,982640,4,NA,NA,252,0.504
500,4,"Xie",15,20760721,0.0214376000001266,982640,4,NA,NA,263,0.526
500,4,"Xie",16,20760722,0.0112940000001345,982640,4,NA,NA,248,0.496
500,4,"Xie",17,20760723,0.0161883000000671,982472,3,NA,NA,259,0.518
500,4,"Xie",18,20760724,0.0166761000000406,982632,4,NA,NA,253,0.506
500,4,"Xie",19,20760725,0.0169533000002957,982632,4,NA,NA,276,0.552
500,4,"Xie",20,20760726,0.0214061000001493,982480,4,NA,NA,260,0.52
500,4,"Xie",21,20760727,0.0122151000002759,982632,4,NA,NA,253,0.506
500,4,"Xie",22,20760728,0.0191188999999667,982464,4,NA,NA,269,0.538
500,4,"Xie",23,20760729,0.0185114000003068,982464,4,NA,NA,259,0.518
500,4,"Xie",24,20760730,0.0190726000000723,982488,4,NA,NA,270,0.54
500,4,"Xie",25,20760731,0.0173503000000892,982640,4,NA,NA,239,0.478
500,4,"Xie",26,20760732,0.0149022000000514,982472,4,NA,NA,259,0.518
500,4,"Xie",27,20760733,0.0160757999999532,982640,4,NA,NA,245,0.49
500,4,"Xie",28,20760734,0.0232624000002488,982456,4,NA,NA,266,0.532
500,4,"Xie",29,20760735,0.0288825000000088,982320,4,NA,NA,258,0.516
500,4,"Xie",30,20760736,0.0130516000001535,982632,4,NA,NA,251,0.502
500,4,"Pulkstenis-Robinson",1,20760707,0.003955200000064,198248,4,NA,NA,270,0.54
500,4,"Pulkstenis-Robinson",2,20760708,0.00168220000023211,198184,4,NA,NA,263,0.526
500,4,"Pulkstenis-Robinson",3,20760709,0.00232530000016595,198248,4,NA,NA,248,0.496
500,4,"Pulkstenis-Robinson",4,20760710,0.0026028000002043,198184,4,NA,NA,248,0.496
500,4,"Pulkstenis-Robinson",5,20760711,0.00161590000016076,198248,3,NA,NA,254,0.508
500,4,"Pulkstenis-Robinson",6,20760712,0.00169670000013866,198248,4,NA,NA,256,0.512
500,4,"Pulkstenis-Robinson",7,20760713,0.0026924000001145,198248,4,NA,NA,269,0.538
500,4,"Pulkstenis-Robinson",8,20760714,0.00313890000006722,198248,4,NA,NA,277,0.554
500,4,"Pulkstenis-Robinson",9,20760715,0.00268230000006042,198184,4,NA,NA,262,0.524
500,4,"Pulkstenis-Robinson",10,20760716,0.00248030000011568,198248,3,NA,NA,245,0.49
500,4,"Pulkstenis-Robinson",11,20760717,0.00198169999998754,198248,3,NA,NA,263,0.526
500,4,"Pulkstenis-Robinson",12,20760718,0.00257360000000517,198184,4,NA,NA,252,0.504
500,4,"Pulkstenis-Robinson",13,20760719,0.0028327000002264,198248,4,NA,NA,240,0.48
500,4,"Pulkstenis-Robinson",14,20760720,0.00241090000008626,198248,4,NA,NA,252,0.504
500,4,"Pulkstenis-Robinson",15,20760721,0.00263089999998556,198248,4,NA,NA,263,0.526
500,4,"Pulkstenis-Robinson",16,20760722,0.00171100000011393,198248,4,NA,NA,248,0.496
500,4,"Pulkstenis-Robinson",17,20760723,0.00319100000001526,198248,3,NA,NA,259,0.518
500,4,"Pulkstenis-Robinson",18,20760724,0.00626190000025417,198248,4,NA,NA,253,0.506
500,4,"Pulkstenis-Robinson",19,20760725,0.00308460000019295,198184,4,NA,NA,276,0.552
500,4,"Pulkstenis-Robinson",20,20760726,0.00896660000012162,198248,4,NA,NA,260,0.52
500,4,"Pulkstenis-Robinson",21,20760727,0.0020422000002327,198248,4,NA,NA,253,0.506
500,4,"Pulkstenis-Robinson",22,20760728,0.00367830000004687,198248,4,NA,NA,269,0.538
500,4,"Pulkstenis-Robinson",23,20760729,0.00262620000012248,198248,4,NA,NA,259,0.518
500,4,"Pulkstenis-Robinson",24,20760730,0.00320240000019112,198248,4,NA,NA,270,0.54
500,4,"Pulkstenis-Robinson",25,20760731,0.0023801000002095,198248,4,NA,NA,239,0.478
500,4,"Pulkstenis-Robinson",26,20760732,0.00188030000026629,198248,4,NA,NA,259,0.518
500,4,"Pulkstenis-Robinson",27,20760733,0.00258980000012343,198184,4,NA,NA,245,0.49
500,4,"Pulkstenis-Robinson",28,20760734,0.00244800000018586,198248,4,NA,NA,266,0.532
500,4,"Pulkstenis-Robinson",29,20760735,0.00265200000012555,198184,4,NA,NA,258,0.516
500,4,"Pulkstenis-Robinson",30,20760736,0.00160100000016428,198248,4,NA,NA,251,0.502
500,4,"le-Cessie",1,20760707,0.226967900000091,33843832,4,NA,NA,270,0.54
500,4,"le-Cessie",2,20760708,0.162443400000257,33843832,4,NA,NA,263,0.526
500,4,"le-Cessie",3,20760709,0.211640799999941,33843832,4,NA,NA,248,0.496
500,4,"le-Cessie",4,20760710,0.216310300000259,33843832,4,NA,NA,248,0.496
500,4,"le-Cessie",5,20760711,0.228285400000232,33843832,3,NA,NA,254,0.508
500,4,"glm_fit",1,20760707,0.00227960000006533,1027688,4,NA,NA,270,0.54
500,4,"glm_fit",2,20760708,0.00187430000005406,1027688,4,NA,NA,263,0.526
500,4,"glm_fit",3,20760709,0.00203460000034283,1027688,4,NA,NA,248,0.496
500,4,"glm_fit",4,20760710,0.00289860000020781,1027688,4,NA,NA,248,0.496
500,4,"glm_fit",5,20760711,0.00273430000015651,838784,3,NA,NA,254,0.508
500,4,"glm_fit",6,20760712,0.00226900000029673,1027688,4,NA,NA,256,0.512
500,4,"glm_fit",7,20760713,0.00260710000020481,1027688,4,NA,NA,269,0.538
500,4,"glm_fit",8,20760714,0.00318670000001475,1027688,4,NA,NA,277,0.554
500,4,"glm_fit",9,20760715,0.00303270000017619,1027688,4,NA,NA,262,0.524
500,4,"glm_fit",10,20760716,0.00297300000011091,838784,3,NA,NA,245,0.49
500,4,"glm_fit",11,20760717,0.00222740000026533,838784,3,NA,NA,263,0.526
500,4,"glm_fit",12,20760718,0.00433630000020457,1027688,4,NA,NA,252,0.504
500,4,"glm_fit",13,20760719,0.00294530000019222,1027688,4,NA,NA,240,0.48
500,4,"glm_fit",14,20760720,0.0030157000003328,1027688,4,NA,NA,252,0.504
500,4,"glm_fit",15,20760721,0.00230230000011034,1027688,4,NA,NA,263,0.526
500,4,"glm_fit",16,20760722,0.0021635000000515,1027688,4,NA,NA,248,0.496
500,4,"glm_fit",17,20760723,0.00302079999983107,838784,3,NA,NA,259,0.518
500,4,"glm_fit",18,20760724,0.00307490000000143,1027688,4,NA,NA,253,0.506
500,4,"glm_fit",19,20760725,0.00340540000001965,1027688,4,NA,NA,276,0.552
500,4,"glm_fit",20,20760726,0.0026737000000594,1027688,4,NA,NA,260,0.52
500,4,"glm_fit",21,20760727,0.0020198000001983,1027688,4,NA,NA,253,0.506
500,4,"glm_fit",22,20760728,0.00337100000001556,1027688,4,NA,NA,269,0.538
500,4,"glm_fit",23,20760729,0.00398210000003019,1027688,4,NA,NA,259,0.518
500,4,"glm_fit",24,20760730,0.00307920000022932,1027688,4,NA,NA,270,0.54
500,4,"glm_fit",25,20760731,0.00311640000018087,1027688,4,NA,NA,239,0.478
500,4,"glm_fit",26,20760732,0.00198250000016742,1027688,4,NA,NA,259,0.518
500,4,"glm_fit",27,20760733,0.00330310000026657,1027688,4,NA,NA,245,0.49
500,4,"glm_fit",28,20760734,0.00310270000022683,1027688,4,NA,NA,266,0.532
500,4,"glm_fit",29,20760735,0.00240630000007513,1027688,4,NA,NA,258,0.516
500,4,"glm_fit",30,20760736,0.00229330000024675,1027688,4,NA,NA,251,0.502
500,8,"DEF.poly3",1,20860707,0.00475180000012188,312496,4,NA,NA,270,0.54
500,8,"DEF.poly3",2,20860708,0.00660029999994549,312496,4,NA,NA,259,0.518
500,8,"DEF.poly3",3,20860709,0.00367470000014691,312496,4,NA,NA,251,0.502
500,8,"DEF.poly3",4,20860710,0.00520330000017566,312496,4,NA,NA,255,0.51
500,8,"DEF.poly3",5,20860711,0.00357510000003458,312496,4,NA,NA,249,0.498
500,8,"DEF.poly3",6,20860712,0.00360640000008061,312496,4,NA,NA,259,0.518
500,8,"DEF.poly3",7,20860713,0.00583700000015597,312496,4,NA,NA,256,0.512
500,8,"DEF.poly3",8,20860714,0.00788490000013553,312496,4,NA,NA,249,0.498
500,8,"DEF.poly3",9,20860715,0.00578900000004978,312496,4,NA,NA,263,0.526
500,8,"DEF.poly3",10,20860716,0.00554660000011609,312496,4,NA,NA,257,0.514
500,8,"DEF.poly3",11,20860717,0.00432790000013483,312496,4,NA,NA,251,0.502
500,8,"DEF.poly3",12,20860718,0.00611380000009376,312496,4,NA,NA,273,0.546
500,8,"DEF.poly3",13,20860719,0.006023500000083,312496,4,NA,NA,241,0.482
500,8,"DEF.poly3",14,20860720,0.0096806000003653,312496,4,NA,NA,247,0.494
500,8,"DEF.poly3",15,20860721,0.00544920000015736,312496,4,NA,NA,256,0.512
500,8,"DEF.poly3",16,20860722,0.00352280000015526,312496,4,NA,NA,244,0.488
500,8,"DEF.poly3",17,20860723,0.00508979999995063,312496,4,NA,NA,269,0.538
500,8,"DEF.poly3",18,20860724,0.00557389999994484,312496,4,NA,NA,265,0.53
500,8,"DEF.poly3",19,20860725,0.00570870000001378,312496,4,NA,NA,242,0.484
500,8,"DEF.poly3",20,20860726,0.00598630000013145,312496,4,NA,NA,256,0.512
500,8,"DEF.poly3",21,20860727,0.00358700000015233,312496,3,NA,NA,236,0.472
500,8,"DEF.poly3",22,20860728,0.00951700000018718,312496,3,NA,NA,267,0.534
500,8,"DEF.poly3",23,20860729,0.00653910000005453,312496,4,NA,NA,255,0.51
500,8,"DEF.poly3",24,20860730,0.00791060000028665,312496,4,NA,NA,255,0.51
500,8,"DEF.poly3",25,20860731,0.00550640000005842,312520,3,NA,NA,246,0.492
500,8,"DEF.poly3",26,20860732,0.00350700000012694,312496,4,NA,NA,250,0.5
500,8,"DEF.poly3",27,20860733,0.0146885000001475,312496,4,NA,NA,259,0.518
500,8,"DEF.poly3",28,20860734,0.00604240000006939,312496,3,NA,NA,236,0.472
500,8,"DEF.poly3",29,20860735,0.00786180000000058,312496,4,NA,NA,245,0.49
500,8,"DEF.poly3",30,20860736,0.00368800000001102,312496,4,NA,NA,274,0.548
500,8,"DEF.stukel",1,20860707,0.00368770000022778,305592,4,NA,NA,270,0.54
500,8,"DEF.stukel",2,20860708,0.00347510000005968,305592,4,NA,NA,259,0.518
500,8,"DEF.stukel",3,20860709,0.00389810000024227,305592,4,NA,NA,251,0.502
500,8,"DEF.stukel",4,20860710,0.00377820000016982,305592,4,NA,NA,255,0.51
500,8,"DEF.stukel",5,20860711,0.00493060000007972,305592,4,NA,NA,249,0.498
500,8,"DEF.stukel",6,20860712,0.0032370000001265,305592,4,NA,NA,259,0.518
500,8,"DEF.stukel",7,20860713,0.00659120000022995,305592,4,NA,NA,256,0.512
500,8,"DEF.stukel",8,20860714,0.00622229999999035,305592,4,NA,NA,249,0.498
500,8,"DEF.stukel",9,20860715,0.00510280000025887,305592,4,NA,NA,263,0.526
500,8,"DEF.stukel",10,20860716,0.00537450000024364,305592,4,NA,NA,257,0.514
500,8,"DEF.stukel",11,20860717,0.00323650000018461,305592,4,NA,NA,251,0.502
500,8,"DEF.stukel",12,20860718,0.00553390000004583,305592,4,NA,NA,273,0.546
500,8,"DEF.stukel",13,20860719,0.00518890000034844,305592,4,NA,NA,241,0.482
500,8,"DEF.stukel",14,20860720,0.00475140000003194,305592,4,NA,NA,247,0.494
500,8,"DEF.stukel",15,20860721,0.00584350000008271,305592,4,NA,NA,256,0.512
500,8,"DEF.stukel",16,20860722,0.00329069999997955,305592,4,NA,NA,244,0.488
500,8,"DEF.stukel",17,20860723,0.00499990000002981,305592,4,NA,NA,269,0.538
500,8,"DEF.stukel",18,20860724,0.00727550000033261,305592,4,NA,NA,265,0.53
500,8,"DEF.stukel",19,20860725,0.00657380000006924,305592,4,NA,NA,242,0.484
500,8,"DEF.stukel",20,20860726,0.00897310000027574,305592,4,NA,NA,256,0.512
500,8,"DEF.stukel",21,20860727,0.00344150000023546,305592,3,NA,NA,236,0.472
500,8,"DEF.stukel",22,20860728,0.00782440000011775,305592,3,NA,NA,267,0.534
500,8,"DEF.stukel",23,20860729,0.0281901000000744,305592,4,NA,NA,255,0.51
500,8,"DEF.stukel",24,20860730,0.00596600000017133,305592,4,NA,NA,255,0.51
500,8,"DEF.stukel",25,20860731,0.00737570000023879,305592,3,NA,NA,246,0.492
500,8,"DEF.stukel",26,20860732,0.00343710000015562,305592,4,NA,NA,250,0.5
500,8,"DEF.stukel",27,20860733,0.00597650000008798,305592,4,NA,NA,259,0.518
500,8,"DEF.stukel",28,20860734,0.00562480000007781,305592,3,NA,NA,236,0.472
500,8,"DEF.stukel",29,20860735,0.00521200000025601,305592,4,NA,NA,245,0.49
500,8,"DEF.stukel",30,20860736,0.00434560000007878,305592,4,NA,NA,274,0.548
500,8,"EF",1,20860707,0.00267350000012812,146584,4,NA,NA,270,0.54
500,8,"EF",2,20860708,0.00159350000012637,146584,4,NA,NA,259,0.518
500,8,"EF",3,20860709,0.00181260000022121,146584,4,NA,NA,251,0.502
500,8,"EF",4,20860710,0.002279499999986,146584,4,NA,NA,255,0.51
500,8,"EF",5,20860711,0.001991800000269,146584,4,NA,NA,249,0.498
500,8,"EF",6,20860712,0.00180380000006153,146584,4,NA,NA,259,0.518
500,8,"EF",7,20860713,0.00297380000029079,146584,4,NA,NA,256,0.512
500,8,"EF",8,20860714,0.00306560000012723,146584,4,NA,NA,249,0.498
500,8,"EF",9,20860715,0.00539220000018759,146584,4,NA,NA,263,0.526
500,8,"EF",10,20860716,0.00395590000016455,146584,4,NA,NA,257,0.514
500,8,"EF",11,20860717,0.00181570000017928,146584,4,NA,NA,251,0.502
500,8,"EF",12,20860718,0.00287960000014209,146584,4,NA,NA,273,0.546
500,8,"EF",13,20860719,0.00298909999992247,146584,4,NA,NA,241,0.482
500,8,"EF",14,20860720,0.00356970000007095,146584,4,NA,NA,247,0.494
500,8,"EF",15,20860721,0.00424580000026253,146584,4,NA,NA,256,0.512
500,8,"EF",16,20860722,0.0054821000001084,146584,4,NA,NA,244,0.488
500,8,"EF",17,20860723,0.00367860000028486,146584,4,NA,NA,269,0.538
500,8,"EF",18,20860724,0.0032482000001437,146584,4,NA,NA,265,0.53
500,8,"EF",19,20860725,0.00492620000022725,146584,4,NA,NA,242,0.484
500,8,"EF",20,20860726,0.00431950000006509,146584,4,NA,NA,256,0.512
500,8,"EF",21,20860727,0.00179810000031466,146584,3,NA,NA,236,0.472
500,8,"EF",22,20860728,0.00316030000021783,146584,3,NA,NA,267,0.534
500,8,"EF",23,20860729,0.00302380000016456,146584,4,NA,NA,255,0.51
500,8,"EF",24,20860730,0.00288600000021688,146584,4,NA,NA,255,0.51
500,8,"EF",25,20860731,0.0247665000001689,146584,3,NA,NA,246,0.492
500,8,"EF",26,20860732,0.00232240000013917,146584,4,NA,NA,250,0.5
500,8,"EF",27,20860733,0.00409730000001218,146584,4,NA,NA,259,0.518
500,8,"EF",28,20860734,0.00330700000017714,146584,3,NA,NA,236,0.472
500,8,"EF",29,20860735,0.0030589000002692,146584,4,NA,NA,245,0.49
500,8,"EF",30,20860736,0.00168900000016947,146584,4,NA,NA,274,0.548
500,8,"HL",1,20860707,0.00197630000002391,121872,4,NA,NA,270,0.54
500,8,"HL",2,20860708,0.00224100000014005,121872,4,NA,NA,259,0.518
500,8,"HL",3,20860709,0.00234220000015739,121872,4,NA,NA,251,0.502
500,8,"HL",4,20860710,0.00205800000003364,121872,4,NA,NA,255,0.51
500,8,"HL",5,20860711,0.0021337000002859,121872,4,NA,NA,249,0.498
500,8,"HL",6,20860712,0.0017248000001473,121872,4,NA,NA,259,0.518
500,8,"HL",7,20860713,0.00307950000023993,121872,4,NA,NA,256,0.512
500,8,"HL",8,20860714,0.00284360000023298,121872,4,NA,NA,249,0.498
500,8,"HL",9,20860715,0.00309630000015204,121872,4,NA,NA,263,0.526
500,8,"HL",10,20860716,0.00296100000014121,121872,4,NA,NA,257,0.514
500,8,"HL",11,20860717,0.00215360000015608,121872,4,NA,NA,251,0.502
500,8,"HL",12,20860718,0.00501550000012685,121872,4,NA,NA,273,0.546
500,8,"HL",13,20860719,0.0029308000000583,121872,4,NA,NA,241,0.482
500,8,"HL",14,20860720,0.00357120000012401,121872,4,NA,NA,247,0.494
500,8,"HL",15,20860721,0.00439690000007431,121872,4,NA,NA,256,0.512
500,8,"HL",16,20860722,0.00275330000022223,121872,4,NA,NA,244,0.488
500,8,"HL",17,20860723,0.00447490000033213,121872,4,NA,NA,269,0.538
500,8,"HL",18,20860724,0.00296380000008867,121872,4,NA,NA,265,0.53
500,8,"HL",19,20860725,0.0030879000000823,121872,4,NA,NA,242,0.484
500,8,"HL",20,20860726,0.00397950000024139,121872,4,NA,NA,256,0.512
500,8,"HL",21,20860727,0.00216120000027331,121872,3,NA,NA,236,0.472
500,8,"HL",22,20860728,0.00304480000022522,121872,3,NA,NA,267,0.534
500,8,"HL",23,20860729,0.00420630000007804,121872,4,NA,NA,255,0.51
500,8,"HL",24,20860730,0.00314990000015314,121872,4,NA,NA,255,0.51
500,8,"HL",25,20860731,0.0031482000001688,121872,3,NA,NA,246,0.492
500,8,"HL",26,20860732,0.00268389999996543,121872,4,NA,NA,250,0.5
500,8,"HL",27,20860733,0.00310790000025918,121872,4,NA,NA,259,0.518
500,8,"HL",28,20860734,0.00299870000003466,121872,3,NA,NA,236,0.472
500,8,"HL",29,20860735,0.00284590000023854,121872,4,NA,NA,245,0.49
500,8,"HL",30,20860736,0.00199270000007346,121872,4,NA,NA,274,0.548
500,8,"Pigeon-Heyse",1,20860707,0.00226380000003701,123840,4,NA,NA,270,0.54
500,8,"Pigeon-Heyse",2,20860708,0.00168880000023819,123840,4,NA,NA,259,0.518
500,8,"Pigeon-Heyse",3,20860709,0.00169539999978952,123840,4,NA,NA,251,0.502
500,8,"Pigeon-Heyse",4,20860710,0.00207950000026358,123840,4,NA,NA,255,0.51
500,8,"Pigeon-Heyse",5,20860711,0.00156860000015513,123840,4,NA,NA,249,0.498
500,8,"Pigeon-Heyse",6,20860712,0.00182780000022831,123840,4,NA,NA,259,0.518
500,8,"Pigeon-Heyse",7,20860713,0.0040726000001996,123840,4,NA,NA,256,0.512
500,8,"Pigeon-Heyse",8,20860714,0.00539140000023508,123840,4,NA,NA,249,0.498
500,8,"Pigeon-Heyse",9,20860715,0.00273570000013024,123840,4,NA,NA,263,0.526
500,8,"Pigeon-Heyse",10,20860716,0.00313200000027791,123840,4,NA,NA,257,0.514
500,8,"Pigeon-Heyse",11,20860717,0.00174490000017613,123840,4,NA,NA,251,0.502
500,8,"Pigeon-Heyse",12,20860718,0.00398130000007768,123840,4,NA,NA,273,0.546
500,8,"Pigeon-Heyse",13,20860719,0.00530260000027738,123840,4,NA,NA,241,0.482
500,8,"Pigeon-Heyse",14,20860720,0.00304290000008223,123840,4,NA,NA,247,0.494
500,8,"Pigeon-Heyse",15,20860721,0.00295299999993404,123840,4,NA,NA,256,0.512
500,8,"Pigeon-Heyse",16,20860722,0.0023153000001912,123840,4,NA,NA,244,0.488
500,8,"Pigeon-Heyse",17,20860723,0.00286670000014055,123840,4,NA,NA,269,0.538
500,8,"Pigeon-Heyse",18,20860724,0.00473390000001928,123840,4,NA,NA,265,0.53
500,8,"Pigeon-Heyse",19,20860725,0.00333830000022317,123840,4,NA,NA,242,0.484
500,8,"Pigeon-Heyse",20,20860726,0.00319420000028003,123840,4,NA,NA,256,0.512
500,8,"Pigeon-Heyse",21,20860727,0.0021179000000302,123840,3,NA,NA,236,0.472
500,8,"Pigeon-Heyse",22,20860728,0.00268400000027214,123840,3,NA,NA,267,0.534
500,8,"Pigeon-Heyse",23,20860729,0.00296290000005683,123840,4,NA,NA,255,0.51
500,8,"Pigeon-Heyse",24,20860730,0.00296690000004673,123840,4,NA,NA,255,0.51
500,8,"Pigeon-Heyse",25,20860731,0.00335860000018329,123840,3,NA,NA,246,0.492
500,8,"Pigeon-Heyse",26,20860732,0.00188090000028751,123840,4,NA,NA,250,0.5
500,8,"Pigeon-Heyse",27,20860733,0.00280940000016017,123840,4,NA,NA,259,0.518
500,8,"Pigeon-Heyse",28,20860734,0.00255670000024111,123840,3,NA,NA,236,0.472
500,8,"Pigeon-Heyse",29,20860735,0.00282540000034714,123840,4,NA,NA,245,0.49
500,8,"Pigeon-Heyse",30,20860736,0.00177990000020145,123840,4,NA,NA,274,0.548
500,8,"Osius-Rojek",1,20860707,0.00179309999998623,190592,4,NA,NA,270,0.54
500,8,"Osius-Rojek",2,20860708,0.00115010000013172,190592,4,NA,NA,259,0.518
500,8,"Osius-Rojek",3,20860709,0.00118440000028386,190592,4,NA,NA,251,0.502
500,8,"Osius-Rojek",4,20860710,0.00148200000012366,190592,4,NA,NA,255,0.51
500,8,"Osius-Rojek",5,20860711,0.00144350000005034,190592,4,NA,NA,249,0.498
500,8,"Osius-Rojek",6,20860712,0.00442720000023655,190592,4,NA,NA,259,0.518
500,8,"Osius-Rojek",7,20860713,0.00243780000027982,190592,4,NA,NA,256,0.512
500,8,"Osius-Rojek",8,20860714,0.00496370000018942,190592,4,NA,NA,249,0.498
500,8,"Osius-Rojek",9,20860715,0.00239140000007865,190592,4,NA,NA,263,0.526
500,8,"Osius-Rojek",10,20860716,0.00200380000001132,190592,4,NA,NA,257,0.514
500,8,"Osius-Rojek",11,20860717,0.00155000000017935,190592,4,NA,NA,251,0.502
500,8,"Osius-Rojek",12,20860718,0.00246010000023489,190592,4,NA,NA,273,0.546
500,8,"Osius-Rojek",13,20860719,0.00218259999996917,190592,4,NA,NA,241,0.482
500,8,"Osius-Rojek",14,20860720,0.00226410000027499,190592,4,NA,NA,247,0.494
500,8,"Osius-Rojek",15,20860721,0.0020238000001882,190592,4,NA,NA,256,0.512
500,8,"Osius-Rojek",16,20860722,0.00180040000032022,190592,4,NA,NA,244,0.488
500,8,"Osius-Rojek",17,20860723,0.00271660000021257,190592,4,NA,NA,269,0.538
500,8,"Osius-Rojek",18,20860724,0.00249580000013339,190592,4,NA,NA,265,0.53
500,8,"Osius-Rojek",19,20860725,0.00542840000025535,190592,4,NA,NA,242,0.484
500,8,"Osius-Rojek",20,20860726,0.00263070000005428,190592,4,NA,NA,256,0.512
500,8,"Osius-Rojek",21,20860727,0.00195280000025377,190592,3,NA,NA,236,0.472
500,8,"Osius-Rojek",22,20860728,0.00234079999995629,190592,3,NA,NA,267,0.534
500,8,"Osius-Rojek",23,20860729,0.00259490000007645,190592,4,NA,NA,255,0.51
500,8,"Osius-Rojek",24,20860730,0.0029931999999917,190592,4,NA,NA,255,0.51
500,8,"Osius-Rojek",25,20860731,0.00230170000008911,190592,3,NA,NA,246,0.492
500,8,"Osius-Rojek",26,20860732,0.0017109000000346,190592,4,NA,NA,250,0.5
500,8,"Osius-Rojek",27,20860733,0.00251630000002478,190592,4,NA,NA,259,0.518
500,8,"Osius-Rojek",28,20860734,0.00209170000016456,190592,3,NA,NA,236,0.472
500,8,"Osius-Rojek",29,20860735,0.00234020000016244,190592,4,NA,NA,245,0.49
500,8,"Osius-Rojek",30,20860736,0.00153419999992366,190592,4,NA,NA,274,0.548
500,8,"Stukel",1,20860707,0.00161580000008144,224856,4,5,1,270,0.54
500,8,"Stukel",2,20860708,0.00132590000021082,224856,4,5,1,259,0.518
500,8,"Stukel",3,20860709,0.0016726000003473,224856,4,5,1,251,0.502
500,8,"Stukel",4,20860710,0.00127420000012535,224856,4,5,1,255,0.51
500,8,"Stukel",5,20860711,0.00169660000005933,224856,4,5,1,249,0.498
500,8,"Stukel",6,20860712,0.00116410000009637,224856,4,5,1,259,0.518
500,8,"Stukel",7,20860713,0.00247800000011011,224856,4,5,1,256,0.512
500,8,"Stukel",8,20860714,0.00267660000008618,224856,4,5,1,249,0.498
500,8,"Stukel",9,20860715,0.00319280000030631,224856,4,5,1,263,0.526
500,8,"Stukel",10,20860716,0.00404790000015964,224856,4,5,1,257,0.514
500,8,"Stukel",11,20860717,0.00167080000005626,224856,4,5,1,251,0.502
500,8,"Stukel",12,20860718,0.00246120000019801,224856,4,5,1,273,0.546
500,8,"Stukel",13,20860719,0.00238380000018878,224856,4,5,1,241,0.482
500,8,"Stukel",14,20860720,0.00265950000016346,224856,4,5,1,247,0.494
500,8,"Stukel",15,20860721,0.00306430000023283,224856,4,5,1,256,0.512
500,8,"Stukel",16,20860722,0.00155450000011115,224856,4,5,1,244,0.488
500,8,"Stukel",17,20860723,0.00270240000031663,224856,4,5,1,269,0.538
500,8,"Stukel",18,20860724,0.00206410000009782,224856,4,5,1,265,0.53
500,8,"Stukel",19,20860725,0.00217170000018996,224856,4,5,1,242,0.484
500,8,"Stukel",20,20860726,0.00218050000012227,224856,4,5,1,256,0.512
500,8,"Stukel",21,20860727,0.00152980000007119,224856,3,5,1,236,0.472
500,8,"Stukel",22,20860728,0.00246100000026672,224856,3,5,1,267,0.534
500,8,"Stukel",23,20860729,0.00218840000025011,224856,4,5,1,255,0.51
500,8,"Stukel",24,20860730,0.00314810000008947,224856,4,5,1,255,0.51
500,8,"Stukel",25,20860731,0.00260570000000371,224856,3,5,1,246,0.492
500,8,"Stukel",26,20860732,0.00199670000029073,224856,4,5,1,250,0.5
500,8,"Stukel",27,20860733,0.0024028000002545,224856,4,5,1,259,0.518
500,8,"Stukel",28,20860734,0.00271280000015395,224856,3,5,1,236,0.472
500,8,"Stukel",29,20860735,0.00234810000006291,224856,4,5,1,245,0.49
500,8,"Stukel",30,20860736,0.00179000000002816,224856,4,5,1,274,0.548
500,8,"Tsiatis",1,20860707,0.00299830000017209,548000,4,NA,NA,270,0.54
500,8,"Tsiatis",2,20860708,0.00304240000014033,548000,4,NA,NA,259,0.518
500,8,"Tsiatis",3,20860709,0.00309570000013082,548000,4,NA,NA,251,0.502
500,8,"Tsiatis",4,20860710,0.00399800000013784,548000,4,NA,NA,255,0.51
500,8,"Tsiatis",5,20860711,0.0034021000001303,548000,4,NA,NA,249,0.498
500,8,"Tsiatis",6,20860712,0.0028474000002916,548000,4,NA,NA,259,0.518
500,8,"Tsiatis",7,20860713,0.0154517000000851,548000,4,NA,NA,256,0.512
500,8,"Tsiatis",8,20860714,0.00468730000011419,548000,4,NA,NA,249,0.498
500,8,"Tsiatis",9,20860715,0.0114530000003015,548000,4,NA,NA,263,0.526
500,8,"Tsiatis",10,20860716,0.004698800000142,548000,4,NA,NA,257,0.514
500,8,"Tsiatis",11,20860717,0.00589170000034756,548000,4,NA,NA,251,0.502
500,8,"Tsiatis",12,20860718,0.0131131000002824,548000,4,NA,NA,273,0.546
500,8,"Tsiatis",13,20860719,0.0055222999999387,548000,4,NA,NA,241,0.482
500,8,"Tsiatis",14,20860720,0.00610040000015033,548000,4,NA,NA,247,0.494
500,8,"Tsiatis",15,20860721,0.00440010000033908,548000,4,NA,NA,256,0.512
500,8,"Tsiatis",16,20860722,0.00408230000016374,548000,4,NA,NA,244,0.488
500,8,"Tsiatis",17,20860723,0.00413070000013249,548000,4,NA,NA,269,0.538
500,8,"Tsiatis",18,20860724,0.0050207000001592,548000,4,NA,NA,265,0.53
500,8,"Tsiatis",19,20860725,0.0137120000001687,548000,4,NA,NA,242,0.484
500,8,"Tsiatis",20,20860726,0.00673419999998259,548000,4,NA,NA,256,0.512
500,8,"Tsiatis",21,20860727,0.00276050000002215,548000,3,NA,NA,236,0.472
500,8,"Tsiatis",22,20860728,0.00544630000013058,548000,3,NA,NA,267,0.534
500,8,"Tsiatis",23,20860729,0.0119854000001851,548000,4,NA,NA,255,0.51
500,8,"Tsiatis",24,20860730,0.00630640000008498,548000,4,NA,NA,255,0.51
500,8,"Tsiatis",25,20860731,0.0101407000001927,548000,3,NA,NA,246,0.492
500,8,"Tsiatis",26,20860732,0.00348429999985456,548000,4,NA,NA,250,0.5
500,8,"Tsiatis",27,20860733,0.00427770000010241,548000,4,NA,NA,259,0.518
500,8,"Tsiatis",28,20860734,0.00692180000010012,548000,3,NA,NA,236,0.472
500,8,"Tsiatis",29,20860735,0.00477690000025177,548000,4,NA,NA,245,0.49
500,8,"Tsiatis",30,20860736,0.00296460000004117,548000,4,NA,NA,274,0.548
500,8,"Xie",1,20860707,0.0252317000001767,1533072,4,NA,NA,270,0.54
500,8,"Xie",2,20860708,0.0213409000002684,1533232,4,NA,NA,259,0.518
500,8,"Xie",3,20860709,0.0252112000000579,1532888,4,NA,NA,251,0.502
500,8,"Xie",4,20860710,0.0291391000000658,1533064,4,NA,NA,255,0.51
500,8,"Xie",5,20860711,0.0222761000002265,1532912,4,NA,NA,249,0.498
500,8,"Xie",6,20860712,0.0241141999999854,1533080,4,NA,NA,259,0.518
500,8,"Xie",7,20860713,0.029536200000166,1532888,4,NA,NA,256,0.512
500,8,"Xie",8,20860714,0.0368056000002071,1532896,4,NA,NA,249,0.498
500,8,"Xie",9,20860715,0.0307809000000816,1533072,4,NA,NA,263,0.526
500,8,"Xie",10,20860716,0.0272658000001229,1533056,4,NA,NA,257,0.514
500,8,"Xie",11,20860717,0.0236764000001131,1532880,4,NA,NA,251,0.502
500,8,"Xie",12,20860718,0.0363294000001133,1532720,4,NA,NA,273,0.546
500,8,"Xie",13,20860719,0.0307020000000193,1532896,4,NA,NA,241,0.482
500,8,"Xie",14,20860720,0.029216900000165,1533072,4,NA,NA,247,0.494
500,8,"Xie",15,20860721,0.0333037000000331,1533048,4,NA,NA,256,0.512
500,8,"Xie",16,20860722,0.0228484000001572,1533056,4,NA,NA,244,0.488
500,8,"Xie",17,20860723,0.0346375999999964,1533240,4,NA,NA,269,0.538
500,8,"Xie",18,20860724,0.03313490000005,1533064,4,NA,NA,265,0.53
500,8,"Xie",19,20860725,0.0276729000001978,1533064,4,NA,NA,242,0.484
500,8,"Xie",20,20860726,0.035186000000067,1533064,4,NA,NA,256,0.512
500,8,"Xie",21,20860727,0.02376570000024,1533056,3,NA,NA,236,0.472
500,8,"Xie",22,20860728,0.0298248000001422,1533072,3,NA,NA,267,0.534
500,8,"Xie",23,20860729,0.0336303999999927,1532896,4,NA,NA,255,0.51
500,8,"Xie",24,20860730,0.0412487000000965,1533232,4,NA,NA,255,0.51
500,8,"Xie",25,20860731,0.034320400000297,1532728,3,NA,NA,246,0.492
500,8,"Xie",26,20860732,0.0223373999999694,1532880,4,NA,NA,250,0.5
500,8,"Xie",27,20860733,0.0277935999999954,1533240,4,NA,NA,259,0.518
500,8,"Xie",28,20860734,0.0295209000000796,1533064,3,NA,NA,236,0.472
500,8,"Xie",29,20860735,0.036631300000181,1533072,4,NA,NA,245,0.49
500,8,"Xie",30,20860736,0.0221424000001207,1533240,4,NA,NA,274,0.548
500,8,"Pulkstenis-Robinson",1,20860707,0.00300830000014685,255480,4,NA,NA,270,0.54
500,8,"Pulkstenis-Robinson",2,20860708,0.00172020000013617,255416,4,NA,NA,259,0.518
500,8,"Pulkstenis-Robinson",3,20860709,0.00242079999998168,255480,4,NA,NA,251,0.502
500,8,"Pulkstenis-Robinson",4,20860710,0.00185810000016318,255480,4,NA,NA,255,0.51
500,8,"Pulkstenis-Robinson",5,20860711,0.00217040000006818,255480,4,NA,NA,249,0.498
500,8,"Pulkstenis-Robinson",6,20860712,0.00216830000022128,255480,4,NA,NA,259,0.518
500,8,"Pulkstenis-Robinson",7,20860713,0.00316030000021783,255480,4,NA,NA,256,0.512
500,8,"Pulkstenis-Robinson",8,20860714,0.00312080000026072,255480,4,NA,NA,249,0.498
500,8,"Pulkstenis-Robinson",9,20860715,0.00357880000024124,255480,4,NA,NA,263,0.526
500,8,"Pulkstenis-Robinson",10,20860716,0.0036782999998195,255416,4,NA,NA,257,0.514
500,8,"Pulkstenis-Robinson",11,20860717,0.00192650000008143,255480,4,NA,NA,251,0.502
500,8,"Pulkstenis-Robinson",12,20860718,0.00311260000012226,255480,4,NA,NA,273,0.546
500,8,"Pulkstenis-Robinson",13,20860719,0.00718530000017381,255480,4,NA,NA,241,0.482
500,8,"Pulkstenis-Robinson",14,20860720,0.00255020000008699,255480,4,NA,NA,247,0.494
500,8,"Pulkstenis-Robinson",15,20860721,0.00353510000013557,255480,4,NA,NA,256,0.512
500,8,"Pulkstenis-Robinson",16,20860722,0.00200210000002699,255480,4,NA,NA,244,0.488
500,8,"Pulkstenis-Robinson",17,20860723,0.00285010000015973,255480,4,NA,NA,269,0.538
500,8,"Pulkstenis-Robinson",18,20860724,0.00296709999997802,255480,4,NA,NA,265,0.53
500,8,"Pulkstenis-Robinson",19,20860725,0.00293820000001688,255480,4,NA,NA,242,0.484
500,8,"Pulkstenis-Robinson",20,20860726,0.0033846999999696,255480,4,NA,NA,256,0.512
500,8,"Pulkstenis-Robinson",21,20860727,0.00202269999999771,255480,3,NA,NA,236,0.472
500,8,"Pulkstenis-Robinson",22,20860728,0.00292039999999361,255480,3,NA,NA,267,0.534
500,8,"Pulkstenis-Robinson",23,20860729,0.00302120000014838,255416,4,NA,NA,255,0.51
500,8,"Pulkstenis-Robinson",24,20860730,0.00320290000013301,255480,4,NA,NA,255,0.51
500,8,"Pulkstenis-Robinson",25,20860731,0.00308870000003481,255480,3,NA,NA,246,0.492
500,8,"Pulkstenis-Robinson",26,20860732,0.00288530000011633,255480,4,NA,NA,250,0.5
500,8,"Pulkstenis-Robinson",27,20860733,0.00427400000012312,255416,4,NA,NA,259,0.518
500,8,"Pulkstenis-Robinson",28,20860734,0.00293760000022303,255480,3,NA,NA,236,0.472
500,8,"Pulkstenis-Robinson",29,20860735,0.00306280000017978,255416,4,NA,NA,245,0.49
500,8,"Pulkstenis-Robinson",30,20860736,0.00219830000014554,255416,4,NA,NA,274,0.548
500,8,"le-Cessie",1,20860707,0.291173200000003,42097208,4,NA,NA,270,0.54
500,8,"le-Cessie",2,20860708,0.177311600000166,42097208,4,NA,NA,259,0.518
500,8,"le-Cessie",3,20860709,0.198668400000088,42097208,4,NA,NA,251,0.502
500,8,"le-Cessie",4,20860710,0.264357800000198,42097208,4,NA,NA,255,0.51
500,8,"le-Cessie",5,20860711,0.220034899999973,42097456,4,NA,NA,249,0.498
500,8,"glm_fit",1,20860707,0.00261210000030587,1239904,4,NA,NA,270,0.54
500,8,"glm_fit",2,20860708,0.00233889999981329,1239904,4,NA,NA,259,0.518
500,8,"glm_fit",3,20860709,0.0026639000002433,1239904,4,NA,NA,251,0.502
500,8,"glm_fit",4,20860710,0.00260640000010426,1239904,4,NA,NA,255,0.51
500,8,"glm_fit",5,20860711,0.00548410000010335,1239904,4,NA,NA,249,0.498
500,8,"glm_fit",6,20860712,0.00288000000023203,1239904,4,NA,NA,259,0.518
500,8,"glm_fit",7,20860713,0.00374050000027637,1239904,4,NA,NA,256,0.512
500,8,"glm_fit",8,20860714,0.00448620000020128,1239904,4,NA,NA,249,0.498
500,8,"glm_fit",9,20860715,0.00375389999999243,1239904,4,NA,NA,263,0.526
500,8,"glm_fit",10,20860716,0.00372300000026371,1239904,4,NA,NA,257,0.514
500,8,"glm_fit",11,20860717,0.00251150000030975,1239904,4,NA,NA,251,0.502
500,8,"glm_fit",12,20860718,0.0037702999998146,1239904,4,NA,NA,273,0.546
500,8,"glm_fit",13,20860719,0.00401480000004995,1239904,4,NA,NA,241,0.482
500,8,"glm_fit",14,20860720,0.00601750000009815,1239904,4,NA,NA,247,0.494
500,8,"glm_fit",15,20860721,0.00364860000013323,1239904,4,NA,NA,256,0.512
500,8,"glm_fit",16,20860722,0.0024981999999909,1239904,4,NA,NA,244,0.488
500,8,"glm_fit",17,20860723,0.0050228000000061,1239904,4,NA,NA,269,0.538
500,8,"glm_fit",18,20860724,0.00322470000014619,1239904,4,NA,NA,265,0.53
500,8,"glm_fit",19,20860725,0.00399949999996352,1239904,4,NA,NA,242,0.484
500,8,"glm_fit",20,20860726,0.00268610000011904,1239904,4,NA,NA,256,0.512
500,8,"glm_fit",21,20860727,0.00227640000025531,1018816,3,NA,NA,236,0.472
500,8,"glm_fit",22,20860728,0.00382850000005419,1018816,3,NA,NA,267,0.534
500,8,"glm_fit",23,20860729,0.00360030000024381,1239904,4,NA,NA,255,0.51
500,8,"glm_fit",24,20860730,0.00351339999997435,1239904,4,NA,NA,255,0.51
500,8,"glm_fit",25,20860731,0.00398780000000443,1018816,3,NA,NA,246,0.492
500,8,"glm_fit",26,20860732,0.00238560000025245,1239904,4,NA,NA,250,0.5
500,8,"glm_fit",27,20860733,0.00314430000025823,1239904,4,NA,NA,259,0.518
500,8,"glm_fit",28,20860734,0.00349520000008852,1018816,3,NA,NA,236,0.472
500,8,"glm_fit",29,20860735,0.00387880000016594,1239904,4,NA,NA,245,0.49
500,8,"glm_fit",30,20860736,0.00245960000006562,1239904,4,NA,NA,274,0.548
500,16,"DEF.poly3",1,20960707,0.00432190000014998,451664,4,NA,NA,256,0.512
500,16,"DEF.poly3",2,20960708,0.0037811000001966,451664,4,NA,NA,248,0.496
500,16,"DEF.poly3",3,20960709,0.00425930000028529,451664,4,NA,NA,265,0.53
500,16,"DEF.poly3",4,20960710,0.00514490000000478,451664,4,NA,NA,257,0.514
500,16,"DEF.poly3",5,20960711,0.00489670000001752,451664,4,NA,NA,249,0.498
500,16,"DEF.poly3",6,20960712,0.0037976000000981,451664,4,NA,NA,250,0.5
500,16,"DEF.poly3",7,20960713,0.00658950000001823,451664,4,NA,NA,242,0.484
500,16,"DEF.poly3",8,20960714,0.00612160000014228,451664,4,NA,NA,247,0.494
500,16,"DEF.poly3",9,20960715,0.020788400000356,451664,4,NA,NA,261,0.522
500,16,"DEF.poly3",10,20960716,0.00693600000022343,451664,4,NA,NA,253,0.506
500,16,"DEF.poly3",11,20960717,0.00491770000030556,451664,3,NA,NA,261,0.522
500,16,"DEF.poly3",12,20960718,0.00783460000025116,451664,4,NA,NA,247,0.494
500,16,"DEF.poly3",13,20960719,0.00696070000003601,451688,4,NA,NA,267,0.534
500,16,"DEF.poly3",14,20960720,0.00810370000021976,451664,4,NA,NA,258,0.516
500,16,"DEF.poly3",15,20960721,0.00766690000023118,451664,4,NA,NA,265,0.53
500,16,"DEF.poly3",16,20960722,0.00415560000010373,451664,4,NA,NA,252,0.504
500,16,"DEF.poly3",17,20960723,0.00684650000016518,451664,4,NA,NA,271,0.542
500,16,"DEF.poly3",18,20960724,0.0064441000001807,451664,4,NA,NA,242,0.484
500,16,"DEF.poly3",19,20960725,0.0069068000000243,451664,4,NA,NA,260,0.52
500,16,"DEF.poly3",20,20960726,0.00760120000018105,451664,3,NA,NA,265,0.53
500,16,"DEF.poly3",21,20960727,0.00403910000022734,451664,4,NA,NA,260,0.52
500,16,"DEF.poly3",22,20960728,0.00947020000012344,451664,3,NA,NA,253,0.506
500,16,"DEF.poly3",23,20960729,0.00684190000015406,451664,4,NA,NA,239,0.478
500,16,"DEF.poly3",24,20960730,0.00999580000006972,451664,4,NA,NA,247,0.494
500,16,"DEF.poly3",25,20960731,0.0110176000000592,451664,4,NA,NA,250,0.5
500,16,"DEF.poly3",26,20960732,0.0039811000001464,451664,4,NA,NA,275,0.55
500,16,"DEF.poly3",27,20960733,0.00731520000022101,451664,3,NA,NA,252,0.504
500,16,"DEF.poly3",28,20960734,0.0075520000002598,451664,4,NA,NA,244,0.488
500,16,"DEF.poly3",29,20960735,0.00723080000011578,451664,4,NA,NA,264,0.528
500,16,"DEF.poly3",30,20960736,0.00450050000017654,451664,4,NA,NA,266,0.532
500,16,"DEF.stukel",1,20960707,0.00493900000014946,444760,4,NA,NA,256,0.512
500,16,"DEF.stukel",2,20960708,0.00699439999993956,444760,4,NA,NA,248,0.496
500,16,"DEF.stukel",3,20960709,0.00398700000027929,444760,4,NA,NA,265,0.53
500,16,"DEF.stukel",4,20960710,0.00391750000017055,444760,4,NA,NA,257,0.514
500,16,"DEF.stukel",5,20960711,0.00395700000012766,444760,4,NA,NA,249,0.498
500,16,"DEF.stukel",6,20960712,0.00351260000024922,444760,4,NA,NA,250,0.5
500,16,"DEF.stukel",7,20960713,0.00752190000002884,444760,4,NA,NA,242,0.484
500,16,"DEF.stukel",8,20960714,0.0089760999999271,444760,4,NA,NA,247,0.494
500,16,"DEF.stukel",9,20960715,0.00621360000013738,444760,4,NA,NA,261,0.522
500,16,"DEF.stukel",10,20960716,0.00636240000017096,444760,4,NA,NA,253,0.506
500,16,"DEF.stukel",11,20960717,0.00440810000031888,444760,3,NA,NA,261,0.522
500,16,"DEF.stukel",12,20960718,0.00588770000013028,444760,4,NA,NA,247,0.494
500,16,"DEF.stukel",13,20960719,0.00520640000013373,444760,4,NA,NA,267,0.534
500,16,"DEF.stukel",14,20960720,0.00584920000028433,444760,4,NA,NA,258,0.516
500,16,"DEF.stukel",15,20960721,0.00845219999996516,444760,4,NA,NA,265,0.53
500,16,"DEF.stukel",16,20960722,0.00529230000006464,444760,4,NA,NA,252,0.504
500,16,"DEF.stukel",17,20960723,0.0145035000000462,444760,4,NA,NA,271,0.542
500,16,"DEF.stukel",18,20960724,0.00563550000015312,444760,4,NA,NA,242,0.484
500,16,"DEF.stukel",19,20960725,0.00654660000031981,444760,4,NA,NA,260,0.52
500,16,"DEF.stukel",20,20960726,0.00563740000029611,444760,3,NA,NA,265,0.53
500,16,"DEF.stukel",21,20960727,0.0041449000002558,444760,4,NA,NA,260,0.52
500,16,"DEF.stukel",22,20960728,0.00609340000005432,444760,3,NA,NA,253,0.506
500,16,"DEF.stukel",23,20960729,0.00895890000015243,444760,4,NA,NA,239,0.478
500,16,"DEF.stukel",24,20960730,0.00569920000020829,444760,4,NA,NA,247,0.494
500,16,"DEF.stukel",25,20960731,0.0077317000000221,444760,4,NA,NA,250,0.5
500,16,"DEF.stukel",26,20960732,0.00560560000008081,444760,4,NA,NA,275,0.55
500,16,"DEF.stukel",27,20960733,0.00634040000022651,444760,3,NA,NA,252,0.504
500,16,"DEF.stukel",28,20960734,0.00738910000018222,444760,4,NA,NA,244,0.488
500,16,"DEF.stukel",29,20960735,0.00589770000010503,444760,4,NA,NA,264,0.528
500,16,"DEF.stukel",30,20960736,0.00392980000015086,444760,4,NA,NA,266,0.532
500,16,"EF",1,20960707,0.0027148000001489,179688,4,NA,NA,256,0.512
500,16,"EF",2,20960708,0.00167870000018411,179688,4,NA,NA,248,0.496
500,16,"EF",3,20960709,0.00191540000014356,179688,4,NA,NA,265,0.53
500,16,"EF",4,20960710,0.001989900000126,179688,4,NA,NA,257,0.514
500,16,"EF",5,20960711,0.00185170000008839,179688,4,NA,NA,249,0.498
500,16,"EF",6,20960712,0.00193530000001374,179688,4,NA,NA,250,0.5
500,16,"EF",7,20960713,0.00620550000007825,179688,4,NA,NA,242,0.484
500,16,"EF",8,20960714,0.00286140000025625,179688,4,NA,NA,247,0.494
500,16,"EF",9,20960715,0.00433720000023641,179688,4,NA,NA,261,0.522
500,16,"EF",10,20960716,0.0179963000002772,179688,4,NA,NA,253,0.506
500,16,"EF",11,20960717,0.0021390000001702,179688,3,NA,NA,261,0.522
500,16,"EF",12,20960718,0.00348120000012386,179688,4,NA,NA,247,0.494
500,16,"EF",13,20960719,0.00465720000011061,179688,4,NA,NA,267,0.534
500,16,"EF",14,20960720,0.0033106000000771,179688,4,NA,NA,258,0.516
500,16,"EF",15,20960721,0.00361689999999726,179688,4,NA,NA,265,0.53
500,16,"EF",16,20960722,0.00201149999975314,179688,4,NA,NA,252,0.504
500,16,"EF",17,20960723,0.00292670000021644,179688,4,NA,NA,271,0.542
500,16,"EF",18,20960724,0.00297940000018571,179688,4,NA,NA,242,0.484
500,16,"EF",19,20960725,0.00371119999999792,179688,4,NA,NA,260,0.52
500,16,"EF",20,20960726,0.00385340000002543,179688,3,NA,NA,265,0.53
500,16,"EF",21,20960727,0.00208230000021103,179688,4,NA,NA,260,0.52
500,16,"EF",22,20960728,0.00356550000014977,179688,3,NA,NA,253,0.506
500,16,"EF",23,20960729,0.00733250000007502,179688,4,NA,NA,239,0.478
500,16,"EF",24,20960730,0.00373660000013842,179688,4,NA,NA,247,0.494
500,16,"EF",25,20960731,0.00355480000007447,179688,4,NA,NA,250,0.5
500,16,"EF",26,20960732,0.00203330000022106,179688,4,NA,NA,275,0.55
500,16,"EF",27,20960733,0.00310409999997319,179688,3,NA,NA,252,0.504
500,16,"EF",28,20960734,0.0118110000003071,179688,4,NA,NA,244,0.488
500,16,"EF",29,20960735,0.00344020000011369,179688,4,NA,NA,264,0.528
500,16,"EF",30,20960736,0.00258430000030785,179688,4,NA,NA,266,0.532
500,16,"HL",1,20960707,0.00239600000031714,154976,4,NA,NA,256,0.512
500,16,"HL",2,20960708,0.0020515000001069,154976,4,NA,NA,248,0.496
500,16,"HL",3,20960709,0.0020150000002559,154976,4,NA,NA,265,0.53
500,16,"HL",4,20960710,0.00215690000004543,154976,4,NA,NA,257,0.514
500,16,"HL",5,20960711,0.00206340000022465,154976,4,NA,NA,249,0.498
500,16,"HL",6,20960712,0.00206760000014583,154976,4,NA,NA,250,0.5
500,16,"HL",7,20960713,0.0062494000001152,154976,4,NA,NA,242,0.484
500,16,"HL",8,20960714,0.0034186000000318,154976,4,NA,NA,247,0.494
500,16,"HL",9,20960715,0.00311929999975291,154976,4,NA,NA,261,0.522
500,16,"HL",10,20960716,0.00303190000022369,154976,4,NA,NA,253,0.506
500,16,"HL",11,20960717,0.00220550000017283,154976,3,NA,NA,261,0.522
500,16,"HL",12,20960718,0.00367720000008376,154976,4,NA,NA,247,0.494
500,16,"HL",13,20960719,0.00423800000021402,154976,4,NA,NA,267,0.534
500,16,"HL",14,20960720,0.00332300000013674,154976,4,NA,NA,258,0.516
500,16,"HL",15,20960721,0.00316330000009657,154976,4,NA,NA,265,0.53
500,16,"HL",16,20960722,0.00288180000006832,154976,4,NA,NA,252,0.504
500,16,"HL",17,20960723,0.00324490000002697,154976,4,NA,NA,271,0.542
500,16,"HL",18,20960724,0.00329890000011801,154976,4,NA,NA,242,0.484
500,16,"HL",19,20960725,0.00289650000013353,154976,4,NA,NA,260,0.52
500,16,"HL",20,20960726,0.00615460000017265,154976,3,NA,NA,265,0.53
500,16,"HL",21,20960727,0.00219510000033551,154976,4,NA,NA,260,0.52
500,16,"HL",22,20960728,0.00356200000010176,154976,3,NA,NA,253,0.506
500,16,"HL",23,20960729,0.003084500000341,154976,4,NA,NA,239,0.478
500,16,"HL",24,20960730,0.0032575000000179,154976,4,NA,NA,247,0.494
500,16,"HL",25,20960731,0.00374640000018189,154976,4,NA,NA,250,0.5
500,16,"HL",26,20960732,0.00274890000014238,154976,4,NA,NA,275,0.55
500,16,"HL",27,20960733,0.00319569999987834,154976,3,NA,NA,252,0.504
500,16,"HL",28,20960734,0.00345080000010967,154976,4,NA,NA,244,0.488
500,16,"HL",29,20960735,0.00300020000031509,154976,4,NA,NA,264,0.528
500,16,"HL",30,20960736,0.00249310000026526,154976,4,NA,NA,266,0.532
500,16,"Pigeon-Heyse",1,20960707,0.00198950000003606,156944,4,NA,NA,256,0.512
500,16,"Pigeon-Heyse",2,20960708,0.00160130000017489,156944,4,NA,NA,248,0.496
500,16,"Pigeon-Heyse",3,20960709,0.0023550000000796,156944,4,NA,NA,265,0.53
500,16,"Pigeon-Heyse",4,20960710,0.00303680000001805,156944,4,NA,NA,257,0.514
500,16,"Pigeon-Heyse",5,20960711,0.00198069999987638,156944,4,NA,NA,249,0.498
500,16,"Pigeon-Heyse",6,20960712,0.0017116999999871,156944,4,NA,NA,250,0.5
500,16,"Pigeon-Heyse",7,20960713,0.00339070000018182,156944,4,NA,NA,242,0.484
500,16,"Pigeon-Heyse",8,20960714,0.00335080000013477,156944,4,NA,NA,247,0.494
500,16,"Pigeon-Heyse",9,20960715,0.00533740000014404,156944,4,NA,NA,261,0.522
500,16,"Pigeon-Heyse",10,20960716,0.00316720000023452,156944,4,NA,NA,253,0.506
500,16,"Pigeon-Heyse",11,20960717,0.00330460000009225,156944,3,NA,NA,261,0.522
500,16,"Pigeon-Heyse",12,20960718,0.00359910000020136,156944,4,NA,NA,247,0.494
500,16,"Pigeon-Heyse",13,20960719,0.00296610000009423,156944,4,NA,NA,267,0.534
500,16,"Pigeon-Heyse",14,20960720,0.00308400000017173,156944,4,NA,NA,258,0.516
500,16,"Pigeon-Heyse",15,20960721,0.00300960000004125,156944,4,NA,NA,265,0.53
500,16,"Pigeon-Heyse",16,20960722,0.00250120000009701,156944,4,NA,NA,252,0.504
500,16,"Pigeon-Heyse",17,20960723,0.00293940000005932,156944,4,NA,NA,271,0.542
500,16,"Pigeon-Heyse",18,20960724,0.0040619000001243,156944,4,NA,NA,242,0.484
500,16,"Pigeon-Heyse",19,20960725,0.00298340000017561,156944,4,NA,NA,260,0.52
500,16,"Pigeon-Heyse",20,20960726,0.00347130000000107,156944,3,NA,NA,265,0.53
500,16,"Pigeon-Heyse",21,20960727,0.00279210000007879,156944,4,NA,NA,260,0.52
500,16,"Pigeon-Heyse",22,20960728,0.00418950000016594,156944,3,NA,NA,253,0.506
500,16,"Pigeon-Heyse",23,20960729,0.00442310000016732,156944,4,NA,NA,239,0.478
500,16,"Pigeon-Heyse",24,20960730,0.00345900000024812,156944,4,NA,NA,247,0.494
500,16,"Pigeon-Heyse",25,20960731,0.0032853000002433,156944,4,NA,NA,250,0.5
500,16,"Pigeon-Heyse",26,20960732,0.00314240000011523,156944,4,NA,NA,275,0.55
500,16,"Pigeon-Heyse",27,20960733,0.00322270000015124,156944,3,NA,NA,252,0.504
500,16,"Pigeon-Heyse",28,20960734,0.00322800000003554,156944,4,NA,NA,244,0.488
500,16,"Pigeon-Heyse",29,20960735,0.00828250000017761,156944,4,NA,NA,264,0.528
500,16,"Pigeon-Heyse",30,20960736,0.00234400000022106,156944,4,NA,NA,266,0.532
500,16,"Osius-Rojek",1,20960707,0.00173060000020087,287760,4,NA,NA,256,0.512
500,16,"Osius-Rojek",2,20960708,0.00129990000004909,287760,4,NA,NA,248,0.496
500,16,"Osius-Rojek",3,20960709,0.00140660000033677,287760,4,NA,NA,265,0.53
500,16,"Osius-Rojek",4,20960710,0.0017056000001503,287760,4,NA,NA,257,0.514
500,16,"Osius-Rojek",5,20960711,0.00152200000002267,287760,4,NA,NA,249,0.498
500,16,"Osius-Rojek",6,20960712,0.00142299999993156,287760,4,NA,NA,250,0.5
500,16,"Osius-Rojek",7,20960713,0.00253650000013295,287760,4,NA,NA,242,0.484
500,16,"Osius-Rojek",8,20960714,0.00363450000031662,287760,4,NA,NA,247,0.494
500,16,"Osius-Rojek",9,20960715,0.00259820000019317,287760,4,NA,NA,261,0.522
500,16,"Osius-Rojek",10,20960716,0.00250180000011824,287760,4,NA,NA,253,0.506
500,16,"Osius-Rojek",11,20960717,0.00149920000012571,287760,3,NA,NA,261,0.522
500,16,"Osius-Rojek",12,20960718,0.00313759999994545,287760,4,NA,NA,247,0.494
500,16,"Osius-Rojek",13,20960719,0.00351900000009664,287760,4,NA,NA,267,0.534
500,16,"Osius-Rojek",14,20960720,0.00236920000020291,287760,4,NA,NA,258,0.516
500,16,"Osius-Rojek",15,20960721,0.00250550000009753,287760,4,NA,NA,265,0.53
500,16,"Osius-Rojek",16,20960722,0.00224060000005011,287760,4,NA,NA,252,0.504
500,16,"Osius-Rojek",17,20960723,0.00236080000013317,287760,4,NA,NA,271,0.542
500,16,"Osius-Rojek",18,20960724,0.00292530000024271,287760,4,NA,NA,242,0.484
500,16,"Osius-Rojek",19,20960725,0.00255500000025677,287760,4,NA,NA,260,0.52
500,16,"Osius-Rojek",20,20960726,0.00352650000013455,287760,3,NA,NA,265,0.53
500,16,"Osius-Rojek",21,20960727,0.00172250000014174,287760,4,NA,NA,260,0.52
500,16,"Osius-Rojek",22,20960728,0.00270720000025904,287760,3,NA,NA,253,0.506
500,16,"Osius-Rojek",23,20960729,0.00324980000004871,287760,4,NA,NA,239,0.478
500,16,"Osius-Rojek",24,20960730,0.00331540000024688,287760,4,NA,NA,247,0.494
500,16,"Osius-Rojek",25,20960731,0.00252530000011575,287760,4,NA,NA,250,0.5
500,16,"Osius-Rojek",26,20960732,0.00163470000006782,287760,4,NA,NA,275,0.55
500,16,"Osius-Rojek",27,20960733,0.0024041000001489,287760,3,NA,NA,252,0.504
500,16,"Osius-Rojek",28,20960734,0.0022889000001669,287760,4,NA,NA,244,0.488
500,16,"Osius-Rojek",29,20960735,0.00258950000011282,287760,4,NA,NA,264,0.528
500,16,"Osius-Rojek",30,20960736,0.00240120000012212,287760,4,NA,NA,266,0.532
500,16,"Stukel",1,20960707,0.00209800000016003,321960,4,5,1,256,0.512
500,16,"Stukel",2,20960708,0.00129139999990002,321960,4,5,1,248,0.496
500,16,"Stukel",3,20960709,0.00135669999986021,321960,4,5,1,265,0.53
500,16,"Stukel",4,20960710,0.00150370000028488,321960,4,5,1,257,0.514
500,16,"Stukel",5,20960711,0.00166560000002391,321960,4,5,1,249,0.498
500,16,"Stukel",6,20960712,0.0014624000002641,321960,4,5,1,250,0.5
500,16,"Stukel",7,20960713,0.00307169999996404,321960,4,5,1,242,0.484
500,16,"Stukel",8,20960714,0.00263870000003408,321960,4,5,1,247,0.494
500,16,"Stukel",9,20960715,0.00225930000010521,321960,4,5,1,261,0.522
500,16,"Stukel",10,20960716,0.00258070000018051,321960,4,5,1,253,0.506
500,16,"Stukel",11,20960717,0.00183969999989131,321960,3,5,1,261,0.522
500,16,"Stukel",12,20960718,0.00240980000012314,321960,4,5,1,247,0.494
500,16,"Stukel",13,20960719,0.00347270000020217,321960,4,5,1,267,0.534
500,16,"Stukel",14,20960720,0.00285480000025018,321960,4,5,1,258,0.516
500,16,"Stukel",15,20960721,0.00242470000011963,321960,4,5,1,265,0.53
500,16,"Stukel",16,20960722,0.00152309999975841,321960,4,5,1,252,0.504
500,16,"Stukel",17,20960723,0.00757770000018354,321960,4,5,1,271,0.542
500,16,"Stukel",18,20960724,0.00376490000007834,321960,4,5,1,242,0.484
500,16,"Stukel",19,20960725,0.00248740000029102,321960,4,5,1,260,0.52
500,16,"Stukel",20,20960726,0.00474760000020069,321960,3,5,1,265,0.53
500,16,"Stukel",21,20960727,0.00142940000000635,321960,4,5,1,260,0.52
500,16,"Stukel",22,20960728,0.00288620000014816,321960,3,5,1,253,0.506
500,16,"Stukel",23,20960729,0.00240850000022874,321960,4,5,1,239,0.478
500,16,"Stukel",24,20960730,0.00251030000026731,321960,4,5,1,247,0.494
500,16,"Stukel",25,20960731,0.00572090000014214,321960,4,5,1,250,0.5
500,16,"Stukel",26,20960732,0.0026612000001478,321960,4,5,1,275,0.55
500,16,"Stukel",27,20960733,0.00319669999998951,321960,3,5,1,252,0.504
500,16,"Stukel",28,20960734,0.00246590000006108,321960,4,5,1,244,0.488
500,16,"Stukel",29,20960735,0.00389670000026854,321960,4,5,1,264,0.528
500,16,"Stukel",30,20960736,0.00216390000014144,321960,4,5,1,266,0.532
500,16,"Tsiatis",1,20960707,0.00440970000022389,799472,4,NA,NA,256,0.512
500,16,"Tsiatis",2,20960708,0.00387660000001233,799472,4,NA,NA,248,0.496
500,16,"Tsiatis",3,20960709,0.00450040000009722,799472,4,NA,NA,265,0.53
500,16,"Tsiatis",4,20960710,0.00561500000026172,799472,4,NA,NA,257,0.514
500,16,"Tsiatis",5,20960711,0.00440500000013344,799472,4,NA,NA,249,0.498
500,16,"Tsiatis",6,20960712,0.00366780000013023,799472,4,NA,NA,250,0.5
500,16,"Tsiatis",7,20960713,0.00649740000017118,799472,4,NA,NA,242,0.484
500,16,"Tsiatis",8,20960714,0.006316900000229,799472,4,NA,NA,247,0.494
500,16,"Tsiatis",9,20960715,0.00574360000018714,799472,4,NA,NA,261,0.522
500,16,"Tsiatis",10,20960716,0.00508460000037303,799472,4,NA,NA,253,0.506
500,16,"Tsiatis",11,20960717,0.00473310000029414,799472,3,NA,NA,261,0.522
500,16,"Tsiatis",12,20960718,0.00554110000007313,799472,4,NA,NA,247,0.494
500,16,"Tsiatis",13,20960719,0.00639940000019124,799472,4,NA,NA,267,0.534
500,16,"Tsiatis",14,20960720,0.0071002000001954,799472,4,NA,NA,258,0.516
500,16,"Tsiatis",15,20960721,0.00873590000014701,799472,4,NA,NA,265,0.53
500,16,"Tsiatis",16,20960722,0.00401370000008683,799472,4,NA,NA,252,0.504
500,16,"Tsiatis",17,20960723,0.00608150000016394,799472,4,NA,NA,271,0.542
500,16,"Tsiatis",18,20960724,0.0073917000001984,799472,4,NA,NA,242,0.484
500,16,"Tsiatis",19,20960725,0.00650800000016716,799472,4,NA,NA,260,0.52
500,16,"Tsiatis",20,20960726,0.0140480000000025,799472,3,NA,NA,265,0.53
500,16,"Tsiatis",21,20960727,0.0039539000001696,799472,4,NA,NA,260,0.52
500,16,"Tsiatis",22,20960728,0.00714950000019599,799472,3,NA,NA,253,0.506
500,16,"Tsiatis",23,20960729,0.00493700000015451,799472,4,NA,NA,239,0.478
500,16,"Tsiatis",24,20960730,0.00593730000014148,799472,4,NA,NA,247,0.494
500,16,"Tsiatis",25,20960731,0.00719590000016979,799472,4,NA,NA,250,0.5
500,16,"Tsiatis",26,20960732,0.00371540000014647,799472,4,NA,NA,275,0.55
500,16,"Tsiatis",27,20960733,0.0055866000000151,799472,3,NA,NA,252,0.504
500,16,"Tsiatis",28,20960734,0.00635449999981574,799472,4,NA,NA,244,0.488
500,16,"Tsiatis",29,20960735,0.010910700000295,799472,4,NA,NA,264,0.528
500,16,"Tsiatis",30,20960736,0.00423880000016652,799472,4,NA,NA,266,0.532
500,16,"Xie",1,20960707,0.0500064000002567,2709240,4,NA,NA,256,0.512
500,16,"Xie",2,20960708,0.0430592000002434,2709064,4,NA,NA,248,0.496
500,16,"Xie",3,20960709,0.0507388000003175,2708744,4,NA,NA,265,0.53
500,16,"Xie",4,20960710,0.0472661000003427,2709096,4,NA,NA,257,0.514
500,16,"Xie",5,20960711,0.0450486000002002,2708736,4,NA,NA,249,0.498
500,16,"Xie",6,20960712,0.0454839000001357,2709264,4,NA,NA,250,0.5
500,16,"Xie",7,20960713,0.0662328000000798,2708720,4,NA,NA,242,0.484
500,16,"Xie",8,20960714,0.0527557000002616,2708592,4,NA,NA,247,0.494
500,16,"Xie",9,20960715,0.066441400000258,2708736,4,NA,NA,261,0.522
500,16,"Xie",10,20960716,0.068862400000171,2708264,4,NA,NA,253,0.506
500,16,"Xie",11,20960717,0.0460396000000856,2708400,3,NA,NA,261,0.522
500,16,"Xie",12,20960718,0.0655299000000014,2709416,4,NA,NA,247,0.494
500,16,"Xie",13,20960719,0.0587984000001143,2708872,4,NA,NA,267,0.534
500,16,"Xie",14,20960720,0.0679345000000922,2709088,4,NA,NA,258,0.516
500,16,"Xie",15,20960721,0.0679153000000952,2708880,4,NA,NA,265,0.53
500,16,"Xie",16,20960722,0.0461376000002929,2708888,4,NA,NA,252,0.504
500,16,"Xie",17,20960723,0.064053400000148,2709072,4,NA,NA,271,0.542
500,16,"Xie",18,20960724,0.0693581000000449,2709048,4,NA,NA,242,0.484
500,16,"Xie",19,20960725,0.0629212000001189,2708776,4,NA,NA,260,0.52
500,16,"Xie",20,20960726,0.0739051000002746,2708584,3,NA,NA,265,0.53
500,16,"Xie",21,20960727,0.0473793000001024,2709416,4,NA,NA,260,0.52
500,16,"Xie",22,20960728,0.0671698000001015,2708632,3,NA,NA,253,0.506
500,16,"Xie",23,20960729,0.0700200999999652,2709040,4,NA,NA,239,0.478
500,16,"Xie",24,20960730,0.0593987000002016,2708200,4,NA,NA,247,0.494
500,16,"Xie",25,20960731,0.0703742000000602,2709040,4,NA,NA,250,0.5
500,16,"Xie",26,20960732,0.0470589000001382,2709040,4,NA,NA,275,0.55
500,16,"Xie",27,20960733,0.0634201000000303,2708544,3,NA,NA,252,0.504
500,16,"Xie",28,20960734,0.0560175000000527,2709088,4,NA,NA,244,0.488
500,16,"Xie",29,20960735,0.0609357000000728,2709040,4,NA,NA,264,0.528
500,16,"Xie",30,20960736,0.0521105000000261,2708872,4,NA,NA,266,0.532
500,16,"Pulkstenis-Robinson",1,20960707,0.00232440000013412,370504,4,NA,NA,256,0.512
500,16,"Pulkstenis-Robinson",2,20960708,0.00200240000026497,370504,4,NA,NA,248,0.496
500,16,"Pulkstenis-Robinson",3,20960709,0.00249540000004345,370440,4,NA,NA,265,0.53
500,16,"Pulkstenis-Robinson",4,20960710,0.0033629000001838,370504,4,NA,NA,257,0.514
500,16,"Pulkstenis-Robinson",5,20960711,0.00263230000018666,370504,4,NA,NA,249,0.498
500,16,"Pulkstenis-Robinson",6,20960712,0.00217010000028495,370504,4,NA,NA,250,0.5
500,16,"Pulkstenis-Robinson",7,20960713,0.00333279999995284,370504,4,NA,NA,242,0.484
500,16,"Pulkstenis-Robinson",8,20960714,0.00365950000013981,370440,4,NA,NA,247,0.494
500,16,"Pulkstenis-Robinson",9,20960715,0.00392550000015035,370504,4,NA,NA,261,0.522
500,16,"Pulkstenis-Robinson",10,20960716,0.00336600000014187,370504,4,NA,NA,253,0.506
500,16,"Pulkstenis-Robinson",11,20960717,0.00248330000022179,370504,3,NA,NA,261,0.522
500,16,"Pulkstenis-Robinson",12,20960718,0.00406830000019909,370504,4,NA,NA,247,0.494
500,16,"Pulkstenis-Robinson",13,20960719,0.00369220000015957,370504,4,NA,NA,267,0.534
500,16,"Pulkstenis-Robinson",14,20960720,0.00349479999999858,370440,4,NA,NA,258,0.516
500,16,"Pulkstenis-Robinson",15,20960721,0.00360460000024432,370440,4,NA,NA,265,0.53
500,16,"Pulkstenis-Robinson",16,20960722,0.0021542000001773,370504,4,NA,NA,252,0.504
500,16,"Pulkstenis-Robinson",17,20960723,0.00351470000009613,370504,4,NA,NA,271,0.542
500,16,"Pulkstenis-Robinson",18,20960724,0.00363180000022112,370504,4,NA,NA,242,0.484
500,16,"Pulkstenis-Robinson",19,20960725,0.00348590000021431,370504,4,NA,NA,260,0.52
500,16,"Pulkstenis-Robinson",20,20960726,0.0041966000001139,370440,3,NA,NA,265,0.53
500,16,"Pulkstenis-Robinson",21,20960727,0.00218640000025516,370504,4,NA,NA,260,0.52
500,16,"Pulkstenis-Robinson",22,20960728,0.0038128000001052,370504,3,NA,NA,253,0.506
500,16,"Pulkstenis-Robinson",23,20960729,0.00318140000013045,370504,4,NA,NA,239,0.478
500,16,"Pulkstenis-Robinson",24,20960730,0.00328440000021146,370440,4,NA,NA,247,0.494
500,16,"Pulkstenis-Robinson",25,20960731,0.00490520000016659,370504,4,NA,NA,250,0.5
500,16,"Pulkstenis-Robinson",26,20960732,0.00217100000008941,370504,4,NA,NA,275,0.55
500,16,"Pulkstenis-Robinson",27,20960733,0.00377660000026481,370504,3,NA,NA,252,0.504
500,16,"Pulkstenis-Robinson",28,20960734,0.00359000000003107,370504,4,NA,NA,244,0.488
500,16,"Pulkstenis-Robinson",29,20960735,0.00407890000019506,370440,4,NA,NA,264,0.528
500,16,"Pulkstenis-Robinson",30,20960736,0.00273920000017824,370504,4,NA,NA,266,0.532
500,16,"le-Cessie",1,20960707,0.282088300000169,58607168,4,NA,NA,256,0.512
500,16,"le-Cessie",2,20960708,0.2256304,58607168,4,NA,NA,248,0.496
500,16,"le-Cessie",3,20960709,0.226011800000151,58607168,4,NA,NA,265,0.53
500,16,"le-Cessie",4,20960710,0.276891500000147,58607168,4,NA,NA,257,0.514
500,16,"le-Cessie",5,20960711,0.287193699999989,58606920,4,NA,NA,249,0.498
500,16,"glm_fit",1,20960707,0.00338700000020253,1669376,4,NA,NA,256,0.512
500,16,"glm_fit",2,20960708,0.00310490000015307,1669376,4,NA,NA,248,0.496
500,16,"glm_fit",3,20960709,0.00366570000005595,1669376,4,NA,NA,265,0.53
500,16,"glm_fit",4,20960710,0.00389040000027308,1669376,4,NA,NA,257,0.514
500,16,"glm_fit",5,20960711,0.00452309999991485,1669376,4,NA,NA,249,0.498
500,16,"glm_fit",6,20960712,0.00370670000006612,1669376,4,NA,NA,250,0.5
500,16,"glm_fit",7,20960713,0.00592619999997623,1669376,4,NA,NA,242,0.484
500,16,"glm_fit",8,20960714,0.00528460000009545,1669376,4,NA,NA,247,0.494
500,16,"glm_fit",9,20960715,0.00491100000022016,1669376,4,NA,NA,261,0.522
500,16,"glm_fit",10,20960716,0.00410810000016681,1669376,4,NA,NA,253,0.506
500,16,"glm_fit",11,20960717,0.00376630000027944,1384160,3,NA,NA,261,0.522
500,16,"glm_fit",12,20960718,0.00652140000011059,1669376,4,NA,NA,247,0.494
500,16,"glm_fit",13,20960719,0.00508610000019871,1669376,4,NA,NA,267,0.534
500,16,"glm_fit",14,20960720,0.00515300000006391,1669376,4,NA,NA,258,0.516
500,16,"glm_fit",15,20960721,0.00591500000018641,1669376,4,NA,NA,265,0.53
500,16,"glm_fit",16,20960722,0.00397150000003421,1669376,4,NA,NA,252,0.504
500,16,"glm_fit",17,20960723,0.00502490000030775,1669376,4,NA,NA,271,0.542
500,16,"glm_fit",18,20960724,0.00834630000008474,1669376,4,NA,NA,242,0.484
500,16,"glm_fit",19,20960725,0.00583930000016153,1669376,4,NA,NA,260,0.52
500,16,"glm_fit",20,20960726,0.00552240000001802,1384160,3,NA,NA,265,0.53
500,16,"glm_fit",21,20960727,0.00847150000004149,1669376,4,NA,NA,260,0.52
500,16,"glm_fit",22,20960728,0.00459630000000288,1384160,3,NA,NA,253,0.506
500,16,"glm_fit",23,20960729,0.00403880000021672,1669376,4,NA,NA,239,0.478
500,16,"glm_fit",24,20960730,0.00615220000008776,1669376,4,NA,NA,247,0.494
500,16,"glm_fit",25,20960731,0.00490030000014485,1669376,4,NA,NA,250,0.5
500,16,"glm_fit",26,20960732,0.00428200000010293,1669376,4,NA,NA,275,0.55
500,16,"glm_fit",27,20960733,0.00512060000028214,1384160,3,NA,NA,252,0.504
500,16,"glm_fit",28,20960734,0.00539920000005623,1669376,4,NA,NA,244,0.488
500,16,"glm_fit",29,20960735,0.00358700000015233,1669376,4,NA,NA,264,0.528
500,16,"glm_fit",30,20960736,0.00334909999992306,1669376,4,NA,NA,266,0.532
500,32,"DEF.poly3",1,21060707,0.00758680000012646,759352,4,NA,NA,242,0.484
500,32,"DEF.poly3",2,21060708,0.00443970000014815,759352,4,NA,NA,250,0.5
500,32,"DEF.poly3",3,21060709,0.00780700000018442,759352,4,NA,NA,273,0.546
500,32,"DEF.poly3",4,21060710,0.00942070000019157,759376,4,NA,NA,256,0.512
500,32,"DEF.poly3",5,21060711,0.00645120000012867,759352,4,NA,NA,256,0.512
500,32,"DEF.poly3",6,21060712,0.00475850000020728,759352,4,NA,NA,264,0.528
500,32,"DEF.poly3",7,21060713,0.013443400000142,759352,4,NA,NA,259,0.518
500,32,"DEF.poly3",8,21060714,0.0116590000000087,759352,4,NA,NA,270,0.54
500,32,"DEF.poly3",9,21060715,0.0102906000001894,759352,4,NA,NA,235,0.47
500,32,"DEF.poly3",10,21060716,0.00841900000000351,759352,4,NA,NA,246,0.492
500,32,"DEF.poly3",11,21060717,0.00640080000016496,759352,4,NA,NA,248,0.496
500,32,"DEF.poly3",12,21060718,0.0109601000001476,759352,4,NA,NA,263,0.526
500,32,"DEF.poly3",13,21060719,0.00901650000014342,759352,4,NA,NA,221,0.442
500,32,"DEF.poly3",14,21060720,0.00845780000008745,759352,4,NA,NA,246,0.492
500,32,"DEF.poly3",15,21060721,0.0193534000002273,759352,4,NA,NA,243,0.486
500,32,"DEF.poly3",16,21060722,0.0100033000001076,759352,4,NA,NA,257,0.514
500,32,"DEF.poly3",17,21060723,0.0130592000002707,759352,4,NA,NA,264,0.528
500,32,"DEF.poly3",18,21060724,0.0121546000000308,759352,4,NA,NA,254,0.508
500,32,"DEF.poly3",19,21060725,0.00926700000013625,759352,4,NA,NA,238,0.476
500,32,"DEF.poly3",20,21060726,0.00810990000013589,759352,4,NA,NA,261,0.522
500,32,"DEF.poly3",21,21060727,0.00607120000017858,759352,5,NA,NA,259,0.518
500,32,"DEF.poly3",22,21060728,0.0109785000001921,759352,4,NA,NA,269,0.538
500,32,"DEF.poly3",23,21060729,0.0078688000000966,759352,4,NA,NA,226,0.452
500,32,"DEF.poly3",24,21060730,0.0105559000000994,759352,4,NA,NA,249,0.498
500,32,"DEF.poly3",25,21060731,0.0107436000002963,759352,4,NA,NA,256,0.512
500,32,"DEF.poly3",26,21060732,0.0061745000002702,759352,4,NA,NA,241,0.482
500,32,"DEF.poly3",27,21060733,0.0186360000002423,759352,4,NA,NA,264,0.528
500,32,"DEF.poly3",28,21060734,0.00978500000019267,759352,4,NA,NA,269,0.538
500,32,"DEF.poly3",29,21060735,0.00885670000025129,759352,5,NA,NA,251,0.502
500,32,"DEF.poly3",30,21060736,0.0060995000001185,759352,4,NA,NA,251,0.502
500,32,"DEF.stukel",1,21060707,0.00811770000018441,752448,4,NA,NA,242,0.484
500,32,"DEF.stukel",2,21060708,0.00431820000017069,752448,4,NA,NA,250,0.5
500,32,"DEF.stukel",3,21060709,0.00726090000011936,752448,4,NA,NA,273,0.546
500,32,"DEF.stukel",4,21060710,0.00766980000025796,752448,4,NA,NA,256,0.512
500,32,"DEF.stukel",5,21060711,0.00811210000006213,752448,4,NA,NA,256,0.512
500,32,"DEF.stukel",6,21060712,0.00486650000016198,752448,4,NA,NA,264,0.528
500,32,"DEF.stukel",7,21060713,0.00952570000026753,752448,4,NA,NA,259,0.518
500,32,"DEF.stukel",8,21060714,0.0071439000000737,752448,4,NA,NA,270,0.54
500,32,"DEF.stukel",9,21060715,0.0117498000001888,752448,4,NA,NA,235,0.47
500,32,"DEF.stukel",10,21060716,0.0109673000001749,752448,4,NA,NA,246,0.492
500,32,"DEF.stukel",11,21060717,0.00485780000008162,752448,4,NA,NA,248,0.496
500,32,"DEF.stukel",12,21060718,0.00746440000011717,752448,4,NA,NA,263,0.526
500,32,"DEF.stukel",13,21060719,0.00757229999999254,752448,4,NA,NA,221,0.442
500,32,"DEF.stukel",14,21060720,0.0110796000001301,752448,4,NA,NA,246,0.492
500,32,"DEF.stukel",15,21060721,0.00848620000033407,752448,4,NA,NA,243,0.486
500,32,"DEF.stukel",16,21060722,0.00660960000004707,752448,4,NA,NA,257,0.514
500,32,"DEF.stukel",17,21060723,0.00784900000007838,752448,4,NA,NA,264,0.528
500,32,"DEF.stukel",18,21060724,0.0083353000002262,752448,4,NA,NA,254,0.508
500,32,"DEF.stukel",19,21060725,0.00797610000017812,752448,4,NA,NA,238,0.476
500,32,"DEF.stukel",20,21060726,0.0101558000001205,752448,4,NA,NA,261,0.522
500,32,"DEF.stukel",21,21060727,0.00585780000005798,752448,5,NA,NA,259,0.518
500,32,"DEF.stukel",22,21060728,0.00910550000003241,752448,4,NA,NA,269,0.538
500,32,"DEF.stukel",23,21060729,0.00844350000011218,752448,4,NA,NA,226,0.452
500,32,"DEF.stukel",24,21060730,0.00763350000011087,752448,4,NA,NA,249,0.498
500,32,"DEF.stukel",25,21060731,0.00740300000006755,752448,4,NA,NA,256,0.512
500,32,"DEF.stukel",26,21060732,0.00582370000029186,752448,4,NA,NA,241,0.482
500,32,"DEF.stukel",27,21060733,0.00775350000003527,752448,4,NA,NA,264,0.528
500,32,"DEF.stukel",28,21060734,0.00894080000011854,752448,4,NA,NA,269,0.538
500,32,"DEF.stukel",29,21060735,0.0132361000003129,752448,5,NA,NA,251,0.502
500,32,"DEF.stukel",30,21060736,0.00564470000017536,752448,4,NA,NA,251,0.502
500,32,"EF",1,21060707,0.00334250000014435,251144,4,NA,NA,242,0.484
500,32,"EF",2,21060708,0.00195110000004206,251144,4,NA,NA,250,0.5
500,32,"EF",3,21060709,0.0036472000001595,251144,4,NA,NA,273,0.546
500,32,"EF",4,21060710,0.00360470000009627,251144,4,NA,NA,256,0.512
500,32,"EF",5,21060711,0.00343220000013389,251144,4,NA,NA,256,0.512
500,32,"EF",6,21060712,0.00264130000027762,251144,4,NA,NA,264,0.528
500,32,"EF",7,21060713,0.00363060000017867,251144,4,NA,NA,259,0.518
500,32,"EF",8,21060714,0.0037704000001213,251144,4,NA,NA,270,0.54
500,32,"EF",9,21060715,0.00360700000010183,251144,4,NA,NA,235,0.47
500,32,"EF",10,21060716,0.00304249999999229,251144,4,NA,NA,246,0.492
500,32,"EF",11,21060717,0.0035106000000269,251144,4,NA,NA,248,0.496
500,32,"EF",12,21060718,0.00362680000012006,251144,4,NA,NA,263,0.526
500,32,"EF",13,21060719,0.00339530000019295,251144,4,NA,NA,221,0.442
500,32,"EF",14,21060720,0.00445510000008653,251144,4,NA,NA,246,0.492
500,32,"EF",15,21060721,0.0126501000002008,251144,4,NA,NA,243,0.486
500,32,"EF",16,21060722,0.00239370000008421,251144,4,NA,NA,257,0.514
500,32,"EF",17,21060723,0.00440660000026583,251144,4,NA,NA,264,0.528
500,32,"EF",18,21060724,0.00451590000011493,251144,4,NA,NA,254,0.508
500,32,"EF",19,21060725,0.00430219999998371,251144,4,NA,NA,238,0.476
500,32,"EF",20,21060726,0.00399680000009539,251144,4,NA,NA,261,0.522
500,32,"EF",21,21060727,0.00254170000016529,251144,5,NA,NA,259,0.518
500,32,"EF",22,21060728,0.00328780000018014,251144,4,NA,NA,269,0.538
500,32,"EF",23,21060729,0.00365210000018124,251144,4,NA,NA,226,0.452
500,32,"EF",24,21060730,0.00370710000015606,251144,4,NA,NA,249,0.498
500,32,"EF",25,21060731,0.00413570000023356,251144,4,NA,NA,256,0.512
500,32,"EF",26,21060732,0.00224070000012944,251144,4,NA,NA,241,0.482
500,32,"EF",27,21060733,0.00436579999995956,251144,4,NA,NA,264,0.528
500,32,"EF",28,21060734,0.00357810000014069,251144,4,NA,NA,269,0.538
500,32,"EF",29,21060735,0.00388020000013967,251144,5,NA,NA,251,0.502
500,32,"EF",30,21060736,0.00393050000002404,251144,4,NA,NA,251,0.502
500,32,"HL",1,21060707,0.00530240000011872,226432,4,NA,NA,242,0.484
500,32,"HL",2,21060708,0.00212090000013632,226432,4,NA,NA,250,0.5
500,32,"HL",3,21060709,0.00395670000011705,226432,4,NA,NA,273,0.546
500,32,"HL",4,21060710,0.00768290000019078,226432,4,NA,NA,256,0.512
500,32,"HL",5,21060711,0.00339939999980743,226432,4,NA,NA,256,0.512
500,32,"HL",6,21060712,0.00217400000019552,226432,4,NA,NA,264,0.528
500,32,"HL",7,21060713,0.00384640000015679,226432,4,NA,NA,259,0.518
500,32,"HL",8,21060714,0.0114830000002257,226432,4,NA,NA,270,0.54
500,32,"HL",9,21060715,0.00369050000017523,226432,4,NA,NA,235,0.47
500,32,"HL",10,21060716,0.00368590000016411,226432,4,NA,NA,246,0.492
500,32,"HL",11,21060717,0.0063334000001305,226432,4,NA,NA,248,0.496
500,32,"HL",12,21060718,0.00375940000026276,226432,4,NA,NA,263,0.526
500,32,"HL",13,21060719,0.00381450000008954,226432,4,NA,NA,221,0.442
500,32,"HL",14,21060720,0.00383700000020326,226432,4,NA,NA,246,0.492
500,32,"HL",15,21060721,0.00486850000015693,226432,4,NA,NA,243,0.486
500,32,"HL",16,21060722,0.00228730000003452,226432,4,NA,NA,257,0.514
500,32,"HL",17,21060723,0.00391990000002806,226432,4,NA,NA,264,0.528
500,32,"HL",18,21060724,0.00374570000008134,226432,4,NA,NA,254,0.508
500,32,"HL",19,21060725,0.00374700000020312,226432,4,NA,NA,238,0.476
500,32,"HL",20,21060726,0.00500240000019403,226432,4,NA,NA,261,0.522
500,32,"HL",21,21060727,0.00233810000008816,226432,5,NA,NA,259,0.518
500,32,"HL",22,21060728,0.00457980000010139,226432,4,NA,NA,269,0.538
500,32,"HL",23,21060729,0.00403800000026422,226432,4,NA,NA,226,0.452
500,32,"HL",24,21060730,0.00506259999997383,226432,4,NA,NA,249,0.498
500,32,"HL",25,21060731,0.00628840000013042,226432,4,NA,NA,256,0.512
500,32,"HL",26,21060732,0.00236610000001747,226432,4,NA,NA,241,0.482
500,32,"HL",27,21060733,0.00373560000025464,226432,4,NA,NA,264,0.528
500,32,"HL",28,21060734,0.00391039999999521,226432,4,NA,NA,269,0.538
500,32,"HL",29,21060735,0.00397740000016711,226432,5,NA,NA,251,0.502
500,32,"HL",30,21060736,0.00344330000007176,226432,4,NA,NA,251,0.502
500,32,"Pigeon-Heyse",1,21060707,0.00219580000020869,228400,4,NA,NA,242,0.484
500,32,"Pigeon-Heyse",2,21060708,0.00217840000004799,228400,4,NA,NA,250,0.5
500,32,"Pigeon-Heyse",3,21060709,0.00316450000013901,228400,4,NA,NA,273,0.546
500,32,"Pigeon-Heyse",4,21060710,0.00355239999998958,228400,4,NA,NA,256,0.512
500,32,"Pigeon-Heyse",5,21060711,0.00311910000027638,228400,4,NA,NA,256,0.512
500,32,"Pigeon-Heyse",6,21060712,0.00199769999994714,228400,4,NA,NA,264,0.528
500,32,"Pigeon-Heyse",7,21060713,0.00331950000008874,228400,4,NA,NA,259,0.518
500,32,"Pigeon-Heyse",8,21060714,0.00343280000015511,228400,4,NA,NA,270,0.54
500,32,"Pigeon-Heyse",9,21060715,0.00353700000005119,228400,4,NA,NA,235,0.47
500,32,"Pigeon-Heyse",10,21060716,0.00392660000011347,228400,4,NA,NA,246,0.492
500,32,"Pigeon-Heyse",11,21060717,0.00232700000015029,228400,4,NA,NA,248,0.496
500,32,"Pigeon-Heyse",12,21060718,0.00531760000012582,228400,4,NA,NA,263,0.526
500,32,"Pigeon-Heyse",13,21060719,0.00379510000016126,228400,4,NA,NA,221,0.442
500,32,"Pigeon-Heyse",14,21060720,0.00351310000019112,228400,4,NA,NA,246,0.492
500,32,"Pigeon-Heyse",15,21060721,0.00347430000010718,228400,4,NA,NA,243,0.486
500,32,"Pigeon-Heyse",16,21060722,0.00211350000017774,228400,4,NA,NA,257,0.514
500,32,"Pigeon-Heyse",17,21060723,0.011039700000083,228400,4,NA,NA,264,0.528
500,32,"Pigeon-Heyse",18,21060724,0.00362600000016755,228400,4,NA,NA,254,0.508
500,32,"Pigeon-Heyse",19,21060725,0.00344860000018343,228400,4,NA,NA,238,0.476
500,32,"Pigeon-Heyse",20,21060726,0.00373060000015357,228400,4,NA,NA,261,0.522
500,32,"Pigeon-Heyse",21,21060727,0.00235660000021198,228400,5,NA,NA,259,0.518
500,32,"Pigeon-Heyse",22,21060728,0.00375940000026276,228400,4,NA,NA,269,0.538
500,32,"Pigeon-Heyse",23,21060729,0.00372700000025361,228400,4,NA,NA,226,0.452
500,32,"Pigeon-Heyse",24,21060730,0.0039155000001756,228400,4,NA,NA,249,0.498
500,32,"Pigeon-Heyse",25,21060731,0.00353550000022551,228400,4,NA,NA,256,0.512
500,32,"Pigeon-Heyse",26,21060732,0.00221320000014202,228400,4,NA,NA,241,0.482
500,32,"Pigeon-Heyse",27,21060733,0.00356070000020736,228400,4,NA,NA,264,0.528
500,32,"Pigeon-Heyse",28,21060734,0.0054139000003488,228400,4,NA,NA,269,0.538
500,32,"Pigeon-Heyse",29,21060735,0.00485490000005484,228400,5,NA,NA,251,0.502
500,32,"Pigeon-Heyse",30,21060736,0.00270670000008977,228400,4,NA,NA,251,0.502
500,32,"Osius-Rojek",1,21060707,0.00274590000003627,488560,4,NA,NA,242,0.484
500,32,"Osius-Rojek",2,21060708,0.00186430000007931,488560,4,NA,NA,250,0.5
500,32,"Osius-Rojek",3,21060709,0.00200400000016998,488560,4,NA,NA,273,0.546
500,32,"Osius-Rojek",4,21060710,0.00205990000017664,488560,4,NA,NA,256,0.512
500,32,"Osius-Rojek",5,21060711,0.00328120000017407,488560,4,NA,NA,256,0.512
500,32,"Osius-Rojek",6,21060712,0.00211990000002515,488560,4,NA,NA,264,0.528
500,32,"Osius-Rojek",7,21060713,0.00371350000000348,488560,4,NA,NA,259,0.518
500,32,"Osius-Rojek",8,21060714,0.00709050000000389,488560,4,NA,NA,270,0.54
500,32,"Osius-Rojek",9,21060715,0.00337990000002719,488560,4,NA,NA,235,0.47
500,32,"Osius-Rojek",10,21060716,0.00401600000009239,488560,4,NA,NA,246,0.492
500,32,"Osius-Rojek",11,21060717,0.00304090000031465,488560,4,NA,NA,248,0.496
500,32,"Osius-Rojek",12,21060718,0.00361420000012913,488560,4,NA,NA,263,0.526
500,32,"Osius-Rojek",13,21060719,0.00307760000009694,488560,4,NA,NA,221,0.442
500,32,"Osius-Rojek",14,21060720,0.00322950000031597,488560,4,NA,NA,246,0.492
500,32,"Osius-Rojek",15,21060721,0.00304340000002412,488560,4,NA,NA,243,0.486
500,32,"Osius-Rojek",16,21060722,0.00240830000007008,488560,4,NA,NA,257,0.514
500,32,"Osius-Rojek",17,21060723,0.00349760000017341,488560,4,NA,NA,264,0.528
500,32,"Osius-Rojek",18,21060724,0.00372440000001006,488560,4,NA,NA,254,0.508
500,32,"Osius-Rojek",19,21060725,0.00322589999996126,488560,4,NA,NA,238,0.476
500,32,"Osius-Rojek",20,21060726,0.00341620000017429,488560,4,NA,NA,261,0.522
500,32,"Osius-Rojek",21,21060727,0.00586049999992611,488560,5,NA,NA,259,0.518
500,32,"Osius-Rojek",22,21060728,0.00386290000005829,488560,4,NA,NA,269,0.538
500,32,"Osius-Rojek",23,21060729,0.00359660000003714,488560,4,NA,NA,226,0.452
500,32,"Osius-Rojek",24,21060730,0.00567130000013094,488560,4,NA,NA,249,0.498
500,32,"Osius-Rojek",25,21060731,0.00710280000021157,488560,4,NA,NA,256,0.512
500,32,"Osius-Rojek",26,21060732,0.0024246000000403,488560,4,NA,NA,241,0.482
500,32,"Osius-Rojek",27,21060733,0.00357570000028318,488560,4,NA,NA,264,0.528
500,32,"Osius-Rojek",28,21060734,0.0108074000002034,488560,4,NA,NA,269,0.538
500,32,"Osius-Rojek",29,21060735,0.00411540000027344,488560,5,NA,NA,251,0.502
500,32,"Osius-Rojek",30,21060736,0.0021555000000717,488560,4,NA,NA,251,0.502
500,32,"Stukel",1,21060707,0.00182420000010097,522328,4,5,1,242,0.484
500,32,"Stukel",2,21060708,0.00180629999999837,522328,4,5,1,250,0.5
500,32,"Stukel",3,21060709,0.00205940000000737,522328,4,5,1,273,0.546
500,32,"Stukel",4,21060710,0.00186820000021726,522328,4,5,1,256,0.512
500,32,"Stukel",5,21060711,0.00427960000024541,522328,4,5,1,256,0.512
500,32,"Stukel",6,21060712,0.00436100000001716,522328,4,5,1,264,0.528
500,32,"Stukel",7,21060713,0.00338269999997465,522328,4,5,1,259,0.518
500,32,"Stukel",8,21060714,0.00299440000026152,522328,4,5,1,270,0.54
500,32,"Stukel",9,21060715,0.00269760000014685,522328,4,5,1,235,0.47
500,32,"Stukel",10,21060716,0.00339619999999741,522328,4,5,1,246,0.492
500,32,"Stukel",11,21060717,0.00287390000016785,522328,4,5,1,248,0.496
500,32,"Stukel",12,21060718,0.00371459999996659,522328,4,5,1,263,0.526
500,32,"Stukel",13,21060719,0.00256609999996726,522328,4,5,1,221,0.442
500,32,"Stukel",14,21060720,0.00317250000011882,522328,4,5,1,246,0.492
500,32,"Stukel",15,21060721,0.0028692000000774,522328,4,5,1,243,0.486
500,32,"Stukel",16,21060722,0.00263280000012855,522328,4,5,1,257,0.514
500,32,"Stukel",17,21060723,0.00325400000019727,522328,4,5,1,264,0.528
500,32,"Stukel",18,21060724,0.00274880000029043,522328,4,5,1,254,0.508
500,32,"Stukel",19,21060725,0.0029687000001104,522328,4,5,1,238,0.476
500,32,"Stukel",20,21060726,0.00552040000025045,522328,4,5,1,261,0.522
500,32,"Stukel",21,21060727,0.00268950000031509,522328,5,5,1,259,0.518
500,32,"Stukel",22,21060728,0.00335830000017268,522328,4,5,1,269,0.538
500,32,"Stukel",23,21060729,0.00275770000030207,522328,4,5,1,226,0.452
500,32,"Stukel",24,21060730,0.00316750000024513,522328,4,5,1,249,0.498
500,32,"Stukel",25,21060731,0.0026876000001721,522328,4,5,1,256,0.512
500,32,"Stukel",26,21060732,0.00193690000014612,522328,4,5,1,241,0.482
500,32,"Stukel",27,21060733,0.00297380000029079,522328,4,5,1,264,0.528
500,32,"Stukel",28,21060734,0.00325550000025032,522328,4,5,1,269,0.538
500,32,"Stukel",29,21060735,0.00284790000023349,522328,5,5,1,251,0.502
500,32,"Stukel",30,21060736,0.0017315000002327,522328,4,5,1,251,0.502
500,32,"Tsiatis",1,21060707,0.00662880000004407,1358824,4,NA,NA,242,0.484
500,32,"Tsiatis",2,21060708,0.00520819999997002,1358824,4,NA,NA,250,0.5
500,32,"Tsiatis",3,21060709,0.00592130000018187,1358824,4,NA,NA,273,0.546
500,32,"Tsiatis",4,21060710,0.00735439999994014,1358824,4,NA,NA,256,0.512
500,32,"Tsiatis",5,21060711,0.00729710000018713,1358824,4,NA,NA,256,0.512
500,32,"Tsiatis",6,21060712,0.00581869999996343,1358824,4,NA,NA,264,0.528
500,32,"Tsiatis",7,21060713,0.0103900000001431,1358824,4,NA,NA,259,0.518
500,32,"Tsiatis",8,21060714,0.0075937999999951,1358824,4,NA,NA,270,0.54
500,32,"Tsiatis",9,21060715,0.00942040000018096,1358824,4,NA,NA,235,0.47
500,32,"Tsiatis",10,21060716,0.0100358000001961,1358824,4,NA,NA,246,0.492
500,32,"Tsiatis",11,21060717,0.00839180000025408,1358824,4,NA,NA,248,0.496
500,32,"Tsiatis",12,21060718,0.00804020000032324,1358824,4,NA,NA,263,0.526
500,32,"Tsiatis",13,21060719,0.0104070000002139,1358824,4,NA,NA,221,0.442
500,32,"Tsiatis",14,21060720,0.00801200000023528,1358824,4,NA,NA,246,0.492
500,32,"Tsiatis",15,21060721,0.00742980000018179,1358824,4,NA,NA,243,0.486
500,32,"Tsiatis",16,21060722,0.00691219999998793,1358824,4,NA,NA,257,0.514
500,32,"Tsiatis",17,21060723,0.00729990000013458,1358824,4,NA,NA,264,0.528
500,32,"Tsiatis",18,21060724,0.0083313000002363,1358824,4,NA,NA,254,0.508
500,32,"Tsiatis",19,21060725,0.0087807000002158,1358824,4,NA,NA,238,0.476
500,32,"Tsiatis",20,21060726,0.010055599999987,1358824,4,NA,NA,261,0.522
500,32,"Tsiatis",21,21060727,0.00598119999995106,1358824,5,NA,NA,259,0.518
500,32,"Tsiatis",22,21060728,0.00880970000025627,1358824,4,NA,NA,269,0.538
500,32,"Tsiatis",23,21060729,0.0100021000002926,1358824,4,NA,NA,226,0.452
500,32,"Tsiatis",24,21060730,0.00888960000020234,1358824,4,NA,NA,249,0.498
500,32,"Tsiatis",25,21060731,0.00867310000012367,1358824,4,NA,NA,256,0.512
500,32,"Tsiatis",26,21060732,0.00659200000018245,1358824,4,NA,NA,241,0.482
500,32,"Tsiatis",27,21060733,0.00705310000012105,1358824,4,NA,NA,264,0.528
500,32,"Tsiatis",28,21060734,0.00781680000000051,1358824,4,NA,NA,269,0.538
500,32,"Tsiatis",29,21060735,0.0097573000000466,1358824,5,NA,NA,251,0.502
500,32,"Tsiatis",30,21060736,0.00512310000021898,1358824,4,NA,NA,251,0.502
500,32,"Xie",1,21060707,0.125799099999995,5532304,4,NA,NA,242,0.484
500,32,"Xie",2,21060708,0.101363200000151,5532704,4,NA,NA,250,0.5
500,32,"Xie",3,21060709,0.112737400000242,5531936,4,NA,NA,273,0.546
500,32,"Xie",4,21060710,0.130695200000218,5533136,4,NA,NA,256,0.512
500,32,"Xie",5,21060711,0.114873000000216,5532688,4,NA,NA,256,0.512
500,32,"Xie",6,21060712,0.10735550000004,5531840,4,NA,NA,264,0.528
500,32,"Xie",7,21060713,0.150546100000156,5533888,4,NA,NA,259,0.518
500,32,"Xie",8,21060714,0.139360800000077,5532800,4,NA,NA,270,0.54
500,32,"Xie",9,21060715,0.147148800000195,5533536,4,NA,NA,235,0.47
500,32,"Xie",10,21060716,0.147622700000056,5533392,4,NA,NA,246,0.492
500,32,"Xie",11,21060717,0.107936700000209,5533536,4,NA,NA,248,0.496
500,32,"Xie",12,21060718,0.143873500000154,5532336,4,NA,NA,263,0.526
500,32,"Xie",13,21060719,0.152100700000119,5533072,4,NA,NA,221,0.442
500,32,"Xie",14,21060720,0.129161500000237,5531424,4,NA,NA,246,0.492
500,32,"Xie",15,21060721,0.141470300000265,5532304,4,NA,NA,243,0.486
500,32,"Xie",16,21060722,0.115389600000299,5532320,4,NA,NA,257,0.514
500,32,"Xie",17,21060723,0.157216900000094,5532656,4,NA,NA,264,0.528
500,32,"Xie",18,21060724,0.155678000000307,5533376,4,NA,NA,254,0.508
500,32,"Xie",19,21060725,0.143880500000023,5533792,4,NA,NA,238,0.476
500,32,"Xie",20,21060726,0.15726090000021,5532704,4,NA,NA,261,0.522
500,32,"Xie",21,21060727,0.12183240000013,5532320,5,NA,NA,259,0.518
500,32,"Xie",22,21060728,0.147806700000046,5532240,4,NA,NA,269,0.538
500,32,"Xie",23,21060729,0.141384700000117,5533040,4,NA,NA,226,0.452
500,32,"Xie",24,21060730,0.150438400000212,5533392,4,NA,NA,249,0.498
500,32,"Xie",25,21060731,0.142701000000216,5532592,4,NA,NA,256,0.512
500,32,"Xie",26,21060732,0.112198600000283,5533056,4,NA,NA,241,0.482
500,32,"Xie",27,21060733,0.145636400000058,5532640,4,NA,NA,264,0.528
500,32,"Xie",28,21060734,0.150934400000097,5531696,4,NA,NA,269,0.538
500,32,"Xie",29,21060735,0.160194100000126,5532752,5,NA,NA,251,0.502
500,32,"Xie",30,21060736,0.105478100000255,5531904,4,NA,NA,251,0.502
500,32,"Pulkstenis-Robinson",1,21060707,0.00291070000002946,606280,4,NA,NA,242,0.484
500,32,"Pulkstenis-Robinson",2,21060708,0.00258450000001176,606216,4,NA,NA,250,0.5
500,32,"Pulkstenis-Robinson",3,21060709,0.00485539999999673,606280,4,NA,NA,273,0.546
500,32,"Pulkstenis-Robinson",4,21060710,0.0028996000000916,606280,4,NA,NA,256,0.512
500,32,"Pulkstenis-Robinson",5,21060711,0.00379829999997128,606280,4,NA,NA,256,0.512
500,32,"Pulkstenis-Robinson",6,21060712,0.00309470000001966,606280,4,NA,NA,264,0.528
500,32,"Pulkstenis-Robinson",7,21060713,0.00459390000014537,606280,4,NA,NA,259,0.518
500,32,"Pulkstenis-Robinson",8,21060714,0.00545000000033724,606216,4,NA,NA,270,0.54
500,32,"Pulkstenis-Robinson",9,21060715,0.00544550000017807,606280,4,NA,NA,235,0.47
500,32,"Pulkstenis-Robinson",10,21060716,0.00603750000004766,606280,4,NA,NA,246,0.492
500,32,"Pulkstenis-Robinson",11,21060717,0.00280010000028597,606280,4,NA,NA,248,0.496
500,32,"Pulkstenis-Robinson",12,21060718,0.00401190000025053,606280,4,NA,NA,263,0.526
500,32,"Pulkstenis-Robinson",13,21060719,0.00470580000001064,606280,4,NA,NA,221,0.442
500,32,"Pulkstenis-Robinson",14,21060720,0.00454670000021906,606280,4,NA,NA,246,0.492
500,32,"Pulkstenis-Robinson",15,21060721,0.00439410000012685,606280,4,NA,NA,243,0.486
500,32,"Pulkstenis-Robinson",16,21060722,0.00279920000002676,606280,4,NA,NA,257,0.514
500,32,"Pulkstenis-Robinson",17,21060723,0.00469730000008894,606216,4,NA,NA,264,0.528
500,32,"Pulkstenis-Robinson",18,21060724,0.00469850000013139,606280,4,NA,NA,254,0.508
500,32,"Pulkstenis-Robinson",19,21060725,0.00425840000002609,606280,4,NA,NA,238,0.476
500,32,"Pulkstenis-Robinson",20,21060726,0.00475449999999,606280,4,NA,NA,261,0.522
500,32,"Pulkstenis-Robinson",21,21060727,0.003101800000195,606216,5,NA,NA,259,0.518
500,32,"Pulkstenis-Robinson",22,21060728,0.00540910000017902,606280,4,NA,NA,269,0.538
500,32,"Pulkstenis-Robinson",23,21060729,0.00477340000020376,606280,4,NA,NA,226,0.452
500,32,"Pulkstenis-Robinson",24,21060730,0.00415240000006634,606280,4,NA,NA,249,0.498
500,32,"Pulkstenis-Robinson",25,21060731,0.00722700000005716,606216,4,NA,NA,256,0.512
500,32,"Pulkstenis-Robinson",26,21060732,0.00364390000004278,606280,4,NA,NA,241,0.482
500,32,"Pulkstenis-Robinson",27,21060733,0.0041951999999128,606280,4,NA,NA,264,0.528
500,32,"Pulkstenis-Robinson",28,21060734,0.00470440000003691,606280,4,NA,NA,269,0.538
500,32,"Pulkstenis-Robinson",29,21060735,0.00542110000014873,606280,5,NA,NA,251,0.502
500,32,"Pulkstenis-Robinson",30,21060736,0.00288260000002083,606216,4,NA,NA,251,0.502
500,32,"le-Cessie",1,21060707,0.273262300000169,91652200,4,NA,NA,242,0.484
500,32,"le-Cessie",2,21060708,0.221176100000093,91651952,4,NA,NA,250,0.5
500,32,"le-Cessie",3,21060709,0.326677300000256,91652200,4,NA,NA,273,0.546
500,32,"le-Cessie",4,21060710,0.35727820000011,91652200,4,NA,NA,256,0.512
500,32,"le-Cessie",5,21060711,0.312151800000265,91652200,4,NA,NA,256,0.512
500,32,"glm_fit",1,21060707,0.00776159999986703,2567048,4,NA,NA,242,0.484
500,32,"glm_fit",2,21060708,0.00737320000030195,2567048,4,NA,NA,250,0.5
500,32,"glm_fit",3,21060709,0.00689680000027693,2567048,4,NA,NA,273,0.546
500,32,"glm_fit",4,21060710,0.00614330000007612,2567048,4,NA,NA,256,0.512
500,32,"glm_fit",5,21060711,0.00615040000025147,2567048,4,NA,NA,256,0.512
500,32,"glm_fit",6,21060712,0.00518690000012612,2567048,4,NA,NA,264,0.528
500,32,"glm_fit",7,21060713,0.0110600000000431,2567048,4,NA,NA,259,0.518
500,32,"glm_fit",8,21060714,0.00884150000001682,2567048,4,NA,NA,270,0.54
500,32,"glm_fit",9,21060715,0.013586400000122,2567048,4,NA,NA,235,0.47
500,32,"glm_fit",10,21060716,0.00629170000024715,2567048,4,NA,NA,246,0.492
500,32,"glm_fit",11,21060717,0.00683709999998428,2567048,4,NA,NA,248,0.496
500,32,"glm_fit",12,21060718,0.0088847000001806,2567048,4,NA,NA,263,0.526
500,32,"glm_fit",13,21060719,0.0126741000001402,2567048,4,NA,NA,221,0.442
500,32,"glm_fit",14,21060720,0.00892250000015338,2567048,4,NA,NA,246,0.492
500,32,"glm_fit",15,21060721,0.0128368000002865,2567048,4,NA,NA,243,0.486
500,32,"glm_fit",16,21060722,0.00575540000022556,2567048,4,NA,NA,257,0.514
500,32,"glm_fit",17,21060723,0.0100795000000744,2567048,4,NA,NA,264,0.528
500,32,"glm_fit",18,21060724,0.00683250000020053,2567048,4,NA,NA,254,0.508
500,32,"glm_fit",19,21060725,0.00955220000014378,2567048,4,NA,NA,238,0.476
500,32,"glm_fit",20,21060726,0.0069140000000516,2567048,4,NA,NA,261,0.522
500,32,"glm_fit",21,21060727,0.0110515000003488,2981736,5,NA,NA,259,0.518
500,32,"glm_fit",22,21060728,0.00898630000006051,2567048,4,NA,NA,269,0.538
500,32,"glm_fit",23,21060729,0.0117992000000413,2567048,4,NA,NA,226,0.452
500,32,"glm_fit",24,21060730,0.00923850000026505,2567048,4,NA,NA,249,0.498
500,32,"glm_fit",25,21060731,0.0107000000000426,2567048,4,NA,NA,256,0.512
500,32,"glm_fit",26,21060732,0.00600280000026032,2567048,4,NA,NA,241,0.482
500,32,"glm_fit",27,21060733,0.00896140000008927,2567048,4,NA,NA,264,0.528
500,32,"glm_fit",28,21060734,0.0119117000001552,2567048,4,NA,NA,269,0.538
500,32,"glm_fit",29,21060735,0.00840850000008686,2981736,5,NA,NA,251,0.502
500,32,"glm_fit",30,21060736,0.00556090000009135,2567048,4,NA,NA,251,0.502
1000,4,"DEF.poly3",1,21160707,0.00432580000028793,468576,3,NA,NA,515,0.515
1000,4,"DEF.poly3",2,21160708,0.0469444000000294,468576,3,NA,NA,498,0.498
1000,4,"DEF.poly3",3,21160709,0.00510809999991579,468576,4,NA,NA,518,0.518
1000,4,"DEF.poly3",4,21160710,0.00403910000022734,468576,4,NA,NA,481,0.481
1000,4,"DEF.poly3",5,21160711,0.00510150000013709,468576,4,NA,NA,499,0.499
1000,4,"DEF.poly3",6,21160712,0.00383610000017143,468576,3,NA,NA,523,0.523
1000,4,"DEF.poly3",7,21160713,0.0100125000001299,468576,3,NA,NA,551,0.551
1000,4,"DEF.poly3",8,21160714,0.00797360000024128,468576,4,NA,NA,497,0.497
1000,4,"DEF.poly3",9,21160715,0.00883440000006885,468576,4,NA,NA,520,0.52
1000,4,"DEF.poly3",10,21160716,0.0139678000000458,468576,4,NA,NA,510,0.51
1000,4,"DEF.poly3",11,21160717,0.00652110000009998,468576,4,NA,NA,540,0.54
1000,4,"DEF.poly3",12,21160718,0.010186700000304,468576,3,NA,NA,530,0.53
1000,4,"DEF.poly3",13,21160719,0.00683650000019043,468576,4,NA,NA,498,0.498
1000,4,"DEF.poly3",14,21160720,0.00854990000016187,468576,4,NA,NA,531,0.531
1000,4,"DEF.poly3",15,21160721,0.0155351000000792,468576,4,NA,NA,500,0.5
1000,4,"DEF.poly3",16,21160722,0.00478979999979856,468576,4,NA,NA,505,0.505
1000,4,"DEF.poly3",17,21160723,0.0080995000000712,468576,4,NA,NA,500,0.5
1000,4,"DEF.poly3",18,21160724,0.0108135000000402,468576,4,NA,NA,525,0.525
1000,4,"DEF.poly3",19,21160725,0.0094445000001997,468576,4,NA,NA,492,0.492
1000,4,"DEF.poly3",20,21160726,0.00647799999978815,468576,3,NA,NA,519,0.519
1000,4,"DEF.poly3",21,21160727,0.00583060000008118,468576,4,NA,NA,525,0.525
1000,4,"DEF.poly3",22,21160728,0.00937420000013844,468576,4,NA,NA,501,0.501
1000,4,"DEF.poly3",23,21160729,0.0122993000002225,468576,3,NA,NA,507,0.507
1000,4,"DEF.poly3",24,21160730,0.0152503000001616,468576,4,NA,NA,495,0.495
1000,4,"DEF.poly3",25,21160731,0.00833780000016304,468576,3,NA,NA,516,0.516
1000,4,"DEF.poly3",26,21160732,0.00443410000002586,468576,4,NA,NA,511,0.511
1000,4,"DEF.poly3",27,21160733,0.00810690000002978,468576,4,NA,NA,532,0.532
1000,4,"DEF.poly3",28,21160734,0.00780120000013085,468576,4,NA,NA,524,0.524
1000,4,"DEF.poly3",29,21160735,0.00717620000023089,468576,4,NA,NA,538,0.538
1000,4,"DEF.poly3",30,21160736,0.00851920000013706,468576,4,NA,NA,496,0.496
1000,4,"DEF.stukel",1,21160707,0.0038480000000618,461672,3,NA,NA,515,0.515
1000,4,"DEF.stukel",2,21160708,0.00415000000020882,461672,3,NA,NA,498,0.498
1000,4,"DEF.stukel",3,21160709,0.00419420000025639,461672,4,NA,NA,518,0.518
1000,4,"DEF.stukel",4,21160710,0.00362519999998767,461672,4,NA,NA,481,0.481
1000,4,"DEF.stukel",5,21160711,0.00426360000028581,461672,4,NA,NA,499,0.499
1000,4,"DEF.stukel",6,21160712,0.00379910000015116,461672,3,NA,NA,523,0.523
1000,4,"DEF.stukel",7,21160713,0.00639610000007451,461672,3,NA,NA,551,0.551
1000,4,"DEF.stukel",8,21160714,0.00699630000030993,461672,4,NA,NA,497,0.497
1000,4,"DEF.stukel",9,21160715,0.00647860000003675,461672,4,NA,NA,520,0.52
1000,4,"DEF.stukel",10,21160716,0.0237294000000929,461672,4,NA,NA,510,0.51
1000,4,"DEF.stukel",11,21160717,0.00562080000031528,461672,4,NA,NA,540,0.54
1000,4,"DEF.stukel",12,21160718,0.00843170000007376,461672,3,NA,NA,530,0.53
1000,4,"DEF.stukel",13,21160719,0.00858110000012857,461672,4,NA,NA,498,0.498
1000,4,"DEF.stukel",14,21160720,0.00640979999980118,461672,4,NA,NA,531,0.531
1000,4,"DEF.stukel",15,21160721,0.00858310000012352,461672,4,NA,NA,500,0.5
1000,4,"DEF.stukel",16,21160722,0.00714330000005248,461672,4,NA,NA,505,0.505
1000,4,"DEF.stukel",17,21160723,0.0192751000001863,461672,4,NA,NA,500,0.5
1000,4,"DEF.stukel",18,21160724,0.011977200000274,461672,4,NA,NA,525,0.525
1000,4,"DEF.stukel",19,21160725,0.00935640000011517,461672,4,NA,NA,492,0.492
1000,4,"DEF.stukel",20,21160726,0.0151695000001837,461672,3,NA,NA,519,0.519
1000,4,"DEF.stukel",21,21160727,0.00665150000008907,461672,4,NA,NA,525,0.525
1000,4,"DEF.stukel",22,21160728,0.0103825000003326,461672,4,NA,NA,501,0.501
1000,4,"DEF.stukel",23,21160729,0.00874300000009498,461672,3,NA,NA,507,0.507
1000,4,"DEF.stukel",24,21160730,0.00800070000013875,461672,4,NA,NA,495,0.495
1000,4,"DEF.stukel",25,21160731,0.0126035000000684,461672,3,NA,NA,516,0.516
1000,4,"DEF.stukel",26,21160732,0.00420890000009422,461672,4,NA,NA,511,0.511
1000,4,"DEF.stukel",27,21160733,0.0079438000002483,461672,4,NA,NA,532,0.532
1000,4,"DEF.stukel",28,21160734,0.00716220000026624,461672,4,NA,NA,524,0.524
1000,4,"DEF.stukel",29,21160735,0.0106797000003098,461672,4,NA,NA,538,0.538
1000,4,"DEF.stukel",30,21160736,0.0049068000000716,461672,4,NA,NA,496,0.496
1000,4,"EF",1,21160707,0.00197560000015073,256600,3,NA,NA,515,0.515
1000,4,"EF",2,21160708,0.00153969999996661,256600,3,NA,NA,498,0.498
1000,4,"EF",3,21160709,0.00223440000013397,256600,4,NA,NA,518,0.518
1000,4,"EF",4,21160710,0.00236610000001747,256600,4,NA,NA,481,0.481
1000,4,"EF",5,21160711,0.00270069999987754,256600,4,NA,NA,499,0.499
1000,4,"EF",6,21160712,0.00178070000015396,256600,3,NA,NA,523,0.523
1000,4,"EF",7,21160713,0.00397590000011405,256600,3,NA,NA,551,0.551
1000,4,"EF",8,21160714,0.00421879999998964,256600,4,NA,NA,497,0.497
1000,4,"EF",9,21160715,0.00657090000026983,256600,4,NA,NA,520,0.52
1000,4,"EF",10,21160716,0.00340940000000955,256600,4,NA,NA,510,0.51
1000,4,"EF",11,21160717,0.00232010000013361,256600,4,NA,NA,540,0.54
1000,4,"EF",12,21160718,0.00415260000022499,256600,3,NA,NA,530,0.53
1000,4,"EF",13,21160719,0.00407180000001972,256600,4,NA,NA,498,0.498
1000,4,"EF",14,21160720,0.00429640000015752,256600,4,NA,NA,531,0.531
1000,4,"EF",15,21160721,0.00406810000004043,256600,4,NA,NA,500,0.5
1000,4,"EF",16,21160722,0.00320730000021285,256600,4,NA,NA,505,0.505
1000,4,"EF",17,21160723,0.00473490000035781,256600,4,NA,NA,500,0.5
1000,4,"EF",18,21160724,0.00424270000007709,256600,4,NA,NA,525,0.525
1000,4,"EF",19,21160725,0.0046676000001753,256600,4,NA,NA,492,0.492
1000,4,"EF",20,21160726,0.00415580000003501,256600,3,NA,NA,519,0.519
1000,4,"EF",21,21160727,0.00298990000010235,256600,4,NA,NA,525,0.525
1000,4,"EF",22,21160728,0.00375460000009298,256600,4,NA,NA,501,0.501
1000,4,"EF",23,21160729,0.00382220000005873,256600,3,NA,NA,507,0.507
1000,4,"EF",24,21160730,0.00364870000021256,256600,4,NA,NA,495,0.495
1000,4,"EF",25,21160731,0.00500430000010965,256600,3,NA,NA,516,0.516
1000,4,"EF",26,21160732,0.00293680000027052,256600,4,NA,NA,511,0.511
1000,4,"EF",27,21160733,0.00659160000009251,256600,4,NA,NA,532,0.532
1000,4,"EF",28,21160734,0.00380540000037399,256600,4,NA,NA,524,0.524
1000,4,"EF",29,21160735,0.00405970000019806,256600,4,NA,NA,538,0.538
1000,4,"EF",30,21160736,0.00281940000013492,256600,4,NA,NA,496,0.496
1000,4,"HL",1,21160707,0.002499600000192,207696,3,NA,NA,515,0.515
1000,4,"HL",2,21160708,0.00232740000001286,207696,3,NA,NA,498,0.498
1000,4,"HL",3,21160709,0.00232810000011341,207696,4,NA,NA,518,0.518
1000,4,"HL",4,21160710,0.00259620000019822,207696,4,NA,NA,481,0.481
1000,4,"HL",5,21160711,0.00231840000014927,207696,4,NA,NA,499,0.499
1000,4,"HL",6,21160712,0.00221729999998388,207696,3,NA,NA,523,0.523
1000,4,"HL",7,21160713,0.00482410000017808,207696,3,NA,NA,551,0.551
1000,4,"HL",8,21160714,0.00476210000010724,207696,4,NA,NA,497,0.497
1000,4,"HL",9,21160715,0.00541940000016439,207696,4,NA,NA,520,0.52
1000,4,"HL",10,21160716,0.00718510000001515,207696,4,NA,NA,510,0.51
1000,4,"HL",11,21160717,0.00265020000006189,207696,4,NA,NA,540,0.54
1000,4,"HL",12,21160718,0.00429230000031566,207696,3,NA,NA,530,0.53
1000,4,"HL",13,21160719,0.00470369999993636,207696,4,NA,NA,498,0.498
1000,4,"HL",14,21160720,0.00437099999999191,207696,4,NA,NA,531,0.531
1000,4,"HL",15,21160721,0.00500160000001415,207696,4,NA,NA,500,0.5
1000,4,"HL",16,21160722,0.00295720000008259,207696,4,NA,NA,505,0.505
1000,4,"HL",17,21160723,0.00480400000014924,207696,4,NA,NA,500,0.5
1000,4,"HL",18,21160724,0.00704600000017308,207696,4,NA,NA,525,0.525
1000,4,"HL",19,21160725,0.00388460000021951,207696,4,NA,NA,492,0.492
1000,4,"HL",20,21160726,0.00516600000014478,207696,3,NA,NA,519,0.519
1000,4,"HL",21,21160727,0.00440260000004855,207696,4,NA,NA,525,0.525
1000,4,"HL",22,21160728,0.00484200000028068,207696,4,NA,NA,501,0.501
1000,4,"HL",23,21160729,0.00435390000029656,207696,3,NA,NA,507,0.507
1000,4,"HL",24,21160730,0.00512980000030439,207696,4,NA,NA,495,0.495
1000,4,"HL",25,21160731,0.00896239999997306,207696,3,NA,NA,516,0.516
1000,4,"HL",26,21160732,0.00354200000015226,207696,4,NA,NA,511,0.511
1000,4,"HL",27,21160733,0.00643950000016957,207696,4,NA,NA,532,0.532
1000,4,"HL",28,21160734,0.00422760000014932,207696,4,NA,NA,524,0.524
1000,4,"HL",29,21160735,0.00663370000029317,207696,4,NA,NA,538,0.538
1000,4,"HL",30,21160736,0.00284560000000056,207696,4,NA,NA,496,0.496
1000,4,"Pigeon-Heyse",1,21160707,0.00179039999989072,209760,3,NA,NA,515,0.515
1000,4,"Pigeon-Heyse",2,21160708,0.00149260000011964,209760,3,NA,NA,498,0.498
1000,4,"Pigeon-Heyse",3,21160709,0.00166840000019874,209760,4,NA,NA,518,0.518
1000,4,"Pigeon-Heyse",4,21160710,0.0017832000000908,209760,4,NA,NA,481,0.481
1000,4,"Pigeon-Heyse",5,21160711,0.00173470000004272,209760,4,NA,NA,499,0.499
1000,4,"Pigeon-Heyse",6,21160712,0.00151430000005348,209760,3,NA,NA,523,0.523
1000,4,"Pigeon-Heyse",7,21160713,0.00336070000003019,209760,3,NA,NA,551,0.551
1000,4,"Pigeon-Heyse",8,21160714,0.00521250000019791,209760,4,NA,NA,497,0.497
1000,4,"Pigeon-Heyse",9,21160715,0.00463380000019242,209760,4,NA,NA,520,0.52
1000,4,"Pigeon-Heyse",10,21160716,0.00382680000006985,209760,4,NA,NA,510,0.51
1000,4,"Pigeon-Heyse",11,21160717,0.00206309999998666,209760,4,NA,NA,540,0.54
1000,4,"Pigeon-Heyse",12,21160718,0.00402860000031069,209760,3,NA,NA,530,0.53
1000,4,"Pigeon-Heyse",13,21160719,0.00353810000024168,209760,4,NA,NA,498,0.498
1000,4,"Pigeon-Heyse",14,21160720,0.00454980000017713,209760,4,NA,NA,531,0.531
1000,4,"Pigeon-Heyse",15,21160721,0.0037611000002471,209760,4,NA,NA,500,0.5
1000,4,"Pigeon-Heyse",16,21160722,0.00282190000029914,209760,4,NA,NA,505,0.505
1000,4,"Pigeon-Heyse",17,21160723,0.00341490000005251,209760,4,NA,NA,500,0.5
1000,4,"Pigeon-Heyse",18,21160724,0.00452930000005836,209760,4,NA,NA,525,0.525
1000,4,"Pigeon-Heyse",19,21160725,0.00379990000010366,209760,4,NA,NA,492,0.492
1000,4,"Pigeon-Heyse",20,21160726,0.00384020000001328,209760,3,NA,NA,519,0.519
1000,4,"Pigeon-Heyse",21,21160727,0.00271650000013324,209760,4,NA,NA,525,0.525
1000,4,"Pigeon-Heyse",22,21160728,0.00436270000022887,209760,4,NA,NA,501,0.501
1000,4,"Pigeon-Heyse",23,21160729,0.00388210000028266,209760,3,NA,NA,507,0.507
1000,4,"Pigeon-Heyse",24,21160730,0.00410710000005565,209760,4,NA,NA,495,0.495
1000,4,"Pigeon-Heyse",25,21160731,0.00372230000016316,209760,3,NA,NA,516,0.516
1000,4,"Pigeon-Heyse",26,21160732,0.00216930000010507,209760,4,NA,NA,511,0.511
1000,4,"Pigeon-Heyse",27,21160733,0.00392720000013469,209760,4,NA,NA,532,0.532
1000,4,"Pigeon-Heyse",28,21160734,0.00368930000013279,209760,4,NA,NA,524,0.524
1000,4,"Pigeon-Heyse",29,21160735,0.0037896000001183,209760,4,NA,NA,538,0.538
1000,4,"Pigeon-Heyse",30,21160736,0.00913669999999911,209760,4,NA,NA,496,0.496
1000,4,"Osius-Rojek",1,21160707,0.00157180000019252,282168,3,NA,NA,515,0.515
1000,4,"Osius-Rojek",2,21160708,0.0010608999998567,282168,3,NA,NA,498,0.498
1000,4,"Osius-Rojek",3,21160709,0.00125490000027639,282168,4,NA,NA,518,0.518
1000,4,"Osius-Rojek",4,21160710,0.00125899999989088,282168,4,NA,NA,481,0.481
1000,4,"Osius-Rojek",5,21160711,0.00112070000022868,282168,4,NA,NA,499,0.499
1000,4,"Osius-Rojek",6,21160712,0.00107700000012301,282168,3,NA,NA,523,0.523
1000,4,"Osius-Rojek",7,21160713,0.00322530000016741,282168,3,NA,NA,551,0.551
1000,4,"Osius-Rojek",8,21160714,0.00244340000017473,282168,4,NA,NA,497,0.497
1000,4,"Osius-Rojek",9,21160715,0.00298240000006444,282168,4,NA,NA,520,0.52
1000,4,"Osius-Rojek",10,21160716,0.0029666000002635,282168,4,NA,NA,510,0.51
1000,4,"Osius-Rojek",11,21160717,0.00159080000003087,282168,4,NA,NA,540,0.54
1000,4,"Osius-Rojek",12,21160718,0.00260740000021542,282168,3,NA,NA,530,0.53
1000,4,"Osius-Rojek",13,21160719,0.00348589999998694,282168,4,NA,NA,498,0.498
1000,4,"Osius-Rojek",14,21160720,0.00292480000007345,282168,4,NA,NA,531,0.531
1000,4,"Osius-Rojek",15,21160721,0.00299520000021403,282168,4,NA,NA,500,0.5
1000,4,"Osius-Rojek",16,21160722,0.00123200000007273,282168,4,NA,NA,505,0.505
1000,4,"Osius-Rojek",17,21160723,0.00288810000029116,282168,4,NA,NA,500,0.5
1000,4,"Osius-Rojek",18,21160724,0.00235170000019025,282168,4,NA,NA,525,0.525
1000,4,"Osius-Rojek",19,21160725,0.00296310000021549,282168,4,NA,NA,492,0.492
1000,4,"Osius-Rojek",20,21160726,0.00278920000005201,282168,3,NA,NA,519,0.519
1000,4,"Osius-Rojek",21,21160727,0.00183420000007573,282168,4,NA,NA,525,0.525
1000,4,"Osius-Rojek",22,21160728,0.00435500000025968,282168,4,NA,NA,501,0.501
1000,4,"Osius-Rojek",23,21160729,0.0044204000002992,282168,3,NA,NA,507,0.507
1000,4,"Osius-Rojek",24,21160730,0.00346360000025925,282168,4,NA,NA,495,0.495
1000,4,"Osius-Rojek",25,21160731,0.00831650000031914,282168,3,NA,NA,516,0.516
1000,4,"Osius-Rojek",26,21160732,0.00275530000021718,282168,4,NA,NA,511,0.511
1000,4,"Osius-Rojek",27,21160733,0.00208790000010595,282168,4,NA,NA,532,0.532
1000,4,"Osius-Rojek",28,21160734,0.0030243999999584,282168,4,NA,NA,524,0.524
1000,4,"Osius-Rojek",29,21160735,0.0027348000000984,282168,4,NA,NA,538,0.538
1000,4,"Osius-Rojek",30,21160736,0.0019302000002881,282168,4,NA,NA,496,0.496
1000,4,"Stukel",1,21160707,0.0012141000001975,350584,3,4,1,515,0.515
1000,4,"Stukel",2,21160708,0.00118580000025759,350584,3,4,1,498,0.498
1000,4,"Stukel",3,21160709,0.00114800000005744,350584,4,4,1,518,0.518
1000,4,"Stukel",4,21160710,0.00119610000024295,350584,4,4,1,481,0.481
1000,4,"Stukel",5,21160711,0.00137200000017401,350584,4,4,1,499,0.499
1000,4,"Stukel",6,21160712,0.00112840000019787,350584,3,4,1,523,0.523
1000,4,"Stukel",7,21160713,0.00253290000023298,350584,3,4,1,551,0.551
1000,4,"Stukel",8,21160714,0.00318620000030023,350584,4,4,1,497,0.497
1000,4,"Stukel",9,21160715,0.0035205000001497,350584,4,4,1,520,0.52
1000,4,"Stukel",10,21160716,0.00285840000015014,350584,4,4,1,510,0.51
1000,4,"Stukel",11,21160717,0.00129750000019158,350584,4,4,1,540,0.54
1000,4,"Stukel",12,21160718,0.00516610000022411,350584,3,4,1,530,0.53
1000,4,"Stukel",13,21160719,0.0028044000000591,350584,4,4,1,498,0.498
1000,4,"Stukel",14,21160720,0.00343350000002829,350584,4,4,1,531,0.531
1000,4,"Stukel",15,21160721,0.00243220000015754,350584,4,4,1,500,0.5
1000,4,"Stukel",16,21160722,0.0016659000002619,350584,4,4,1,505,0.505
1000,4,"Stukel",17,21160723,0.0162954000002173,350584,4,4,1,500,0.5
1000,4,"Stukel",18,21160724,0.00266720000013265,350584,4,4,1,525,0.525
1000,4,"Stukel",19,21160725,0.00253420000012738,350584,4,4,1,492,0.492
1000,4,"Stukel",20,21160726,0.00328110000009474,350584,3,4,1,519,0.519
1000,4,"Stukel",21,21160727,0.00192620000007082,350584,4,4,1,525,0.525
1000,4,"Stukel",22,21160728,0.00780310000004647,350584,4,4,1,501,0.501
1000,4,"Stukel",23,21160729,0.00255620000007184,350584,3,4,1,507,0.507
1000,4,"Stukel",24,21160730,0.00236630000017612,350584,4,4,1,495,0.495
1000,4,"Stukel",25,21160731,0.00352210000005471,350584,3,4,1,516,0.516
1000,4,"Stukel",26,21160732,0.00369330000012269,350584,4,4,1,511,0.511
1000,4,"Stukel",27,21160733,0.0040030000002389,350584,4,4,1,532,0.532
1000,4,"Stukel",28,21160734,0.00359079999998357,350584,4,4,1,524,0.524
1000,4,"Stukel",29,21160735,0.00295070000015585,350584,4,4,1,538,0.538
1000,4,"Stukel",30,21160736,0.00162710000017796,350584,4,4,1,496,0.496
1000,4,"Tsiatis",1,21160707,0.00352760000009766,819104,3,NA,NA,515,0.515
1000,4,"Tsiatis",2,21160708,0.00338990000022932,819104,3,NA,NA,498,0.498
1000,4,"Tsiatis",3,21160709,0.00297520000003715,819104,4,NA,NA,518,0.518
1000,4,"Tsiatis",4,21160710,0.00362700000005134,819104,4,NA,NA,481,0.481
1000,4,"Tsiatis",5,21160711,0.00303450000023986,819104,4,NA,NA,499,0.499
1000,4,"Tsiatis",6,21160712,0.00277090000031421,819104,3,NA,NA,523,0.523
1000,4,"Tsiatis",7,21160713,0.013539000000037,819104,3,NA,NA,551,0.551
1000,4,"Tsiatis",8,21160714,0.00609880000024532,819104,4,NA,NA,497,0.497
1000,4,"Tsiatis",9,21160715,0.00722000000018852,819104,4,NA,NA,520,0.52
1000,4,"Tsiatis",10,21160716,0.00578920000020844,819104,4,NA,NA,510,0.51
1000,4,"Tsiatis",11,21160717,0.00568400000020119,819104,4,NA,NA,540,0.54
1000,4,"Tsiatis",12,21160718,0.00659460000019862,819104,3,NA,NA,530,0.53
1000,4,"Tsiatis",13,21160719,0.00594340000020566,819104,4,NA,NA,498,0.498
1000,4,"Tsiatis",14,21160720,0.00707650000003923,819104,4,NA,NA,531,0.531
1000,4,"Tsiatis",15,21160721,0.00611240000012003,819104,4,NA,NA,500,0.5
1000,4,"Tsiatis",16,21160722,0.0044345000001158,819104,4,NA,NA,505,0.505
1000,4,"Tsiatis",17,21160723,0.00618040000017572,819104,4,NA,NA,500,0.5
1000,4,"Tsiatis",18,21160724,0.00530350000030921,819104,4,NA,NA,525,0.525
1000,4,"Tsiatis",19,21160725,0.00558750000004693,819104,4,NA,NA,492,0.492
1000,4,"Tsiatis",20,21160726,0.00755930000013905,819104,3,NA,NA,519,0.519
1000,4,"Tsiatis",21,21160727,0.00348329999997077,819104,4,NA,NA,525,0.525
1000,4,"Tsiatis",22,21160728,0.00590900000020156,819104,4,NA,NA,501,0.501
1000,4,"Tsiatis",23,21160729,0.00551439999981085,819104,3,NA,NA,507,0.507
1000,4,"Tsiatis",24,21160730,0.00754670000014812,819104,4,NA,NA,495,0.495
1000,4,"Tsiatis",25,21160731,0.00611530000014682,819104,3,NA,NA,516,0.516
1000,4,"Tsiatis",26,21160732,0.00497050000012678,819104,4,NA,NA,511,0.511
1000,4,"Tsiatis",27,21160733,0.00675470000010137,819104,4,NA,NA,532,0.532
1000,4,"Tsiatis",28,21160734,0.00673650000021553,819104,4,NA,NA,524,0.524
1000,4,"Tsiatis",29,21160735,0.0065382000000227,819104,4,NA,NA,538,0.538
1000,4,"Tsiatis",30,21160736,0.00675330000035501,819104,4,NA,NA,496,0.496
1000,4,"Xie",1,21160707,0.0279080000000249,1922832,3,NA,NA,515,0.515
1000,4,"Xie",2,21160708,0.0268295000003036,1922824,3,NA,NA,498,0.498
1000,4,"Xie",3,21160709,0.0239816000000701,1922808,4,NA,NA,518,0.518
1000,4,"Xie",4,21160710,0.0272550000001957,1922824,4,NA,NA,481,0.481
1000,4,"Xie",5,21160711,0.0281821000000946,1922824,4,NA,NA,499,0.499
1000,4,"Xie",6,21160712,0.0268869000001359,1922824,3,NA,NA,523,0.523
1000,4,"Xie",7,21160713,0.045911500000102,1922832,3,NA,NA,551,0.551
1000,4,"Xie",8,21160714,0.0483334000002742,1922832,4,NA,NA,497,0.497
1000,4,"Xie",9,21160715,0.0387778000001617,1922840,4,NA,NA,520,0.52
1000,4,"Xie",10,21160716,0.0569282000001294,1922832,4,NA,NA,510,0.51
1000,4,"Xie",11,21160717,0.0317365000000791,1922832,4,NA,NA,540,0.54
1000,4,"Xie",12,21160718,0.0398824999999761,1922832,3,NA,NA,530,0.53
1000,4,"Xie",13,21160719,0.0436839999999847,1922824,4,NA,NA,498,0.498
1000,4,"Xie",14,21160720,0.0575632000000041,1922824,4,NA,NA,531,0.531
1000,4,"Xie",15,21160721,0.0517059000003428,1922832,4,NA,NA,500,0.5
1000,4,"Xie",16,21160722,0.0313492000000224,1922840,4,NA,NA,505,0.505
1000,4,"Xie",17,21160723,0.0534237000001667,1922832,4,NA,NA,500,0.5
1000,4,"Xie",18,21160724,0.0443371999999727,1922816,4,NA,NA,525,0.525
1000,4,"Xie",19,21160725,0.0437650000001213,1922824,4,NA,NA,492,0.492
1000,4,"Xie",20,21160726,0.0377054000002772,1922832,3,NA,NA,519,0.519
1000,4,"Xie",21,21160727,0.0272191000001385,1922832,4,NA,NA,525,0.525
1000,4,"Xie",22,21160728,0.0416649000001144,1922832,4,NA,NA,501,0.501
1000,4,"Xie",23,21160729,0.0482253000002402,1922832,3,NA,NA,507,0.507
1000,4,"Xie",24,21160730,0.0472727000003488,1922840,4,NA,NA,495,0.495
1000,4,"Xie",25,21160731,0.0443607000001975,1922824,3,NA,NA,516,0.516
1000,4,"Xie",26,21160732,0.0314812000001439,1922840,4,NA,NA,511,0.511
1000,4,"Xie",27,21160733,0.0375480000000152,1922816,4,NA,NA,532,0.532
1000,4,"Xie",28,21160734,0.051561300000003,1922832,4,NA,NA,524,0.524
1000,4,"Xie",29,21160735,0.0389433000000281,1922832,4,NA,NA,538,0.538
1000,4,"Xie",30,21160736,0.0289212000002408,1922832,4,NA,NA,496,0.496
1000,4,"Pulkstenis-Robinson",1,21160707,0.00226080000015827,390824,3,NA,NA,515,0.515
1000,4,"Pulkstenis-Robinson",2,21160708,0.00194590000000971,390824,3,NA,NA,498,0.498
1000,4,"Pulkstenis-Robinson",3,21160709,0.00190500000007887,390824,4,NA,NA,518,0.518
1000,4,"Pulkstenis-Robinson",4,21160710,0.00205960000016603,390824,4,NA,NA,481,0.481
1000,4,"Pulkstenis-Robinson",5,21160711,0.00188920000027792,390824,4,NA,NA,499,0.499
1000,4,"Pulkstenis-Robinson",6,21160712,0.0023974000000635,390824,3,NA,NA,523,0.523
1000,4,"Pulkstenis-Robinson",7,21160713,0.00708730000019386,390824,3,NA,NA,551,0.551
1000,4,"Pulkstenis-Robinson",8,21160714,0.00830250000012711,390824,4,NA,NA,497,0.497
1000,4,"Pulkstenis-Robinson",9,21160715,0.00416780000000472,390824,4,NA,NA,520,0.52
1000,4,"Pulkstenis-Robinson",10,21160716,0.00485120000030292,390824,4,NA,NA,510,0.51
1000,4,"Pulkstenis-Robinson",11,21160717,0.00272090000021308,390824,4,NA,NA,540,0.54
1000,4,"Pulkstenis-Robinson",12,21160718,0.00346179999996821,390824,3,NA,NA,530,0.53
1000,4,"Pulkstenis-Robinson",13,21160719,0.00428790000023582,390824,4,NA,NA,498,0.498
1000,4,"Pulkstenis-Robinson",14,21160720,0.00360020000016448,390824,4,NA,NA,531,0.531
1000,4,"Pulkstenis-Robinson",15,21160721,0.00433780000025763,390760,4,NA,NA,500,0.5
1000,4,"Pulkstenis-Robinson",16,21160722,0.00362580000000889,390760,4,NA,NA,505,0.505
1000,4,"Pulkstenis-Robinson",17,21160723,0.0036936000001333,390824,4,NA,NA,500,0.5
1000,4,"Pulkstenis-Robinson",18,21160724,0.00277820000019346,390824,4,NA,NA,525,0.525
1000,4,"Pulkstenis-Robinson",19,21160725,0.00372280000010505,390824,4,NA,NA,492,0.492
1000,4,"Pulkstenis-Robinson",20,21160726,0.00434770000015305,390824,3,NA,NA,519,0.519
1000,4,"Pulkstenis-Robinson",21,21160727,0.00328250000006847,390760,4,NA,NA,525,0.525
1000,4,"Pulkstenis-Robinson",22,21160728,0.00387910000017655,390824,4,NA,NA,501,0.501
1000,4,"Pulkstenis-Robinson",23,21160729,0.00555830000007518,390760,3,NA,NA,507,0.507
1000,4,"Pulkstenis-Robinson",24,21160730,0.00409930000023451,390824,4,NA,NA,495,0.495
1000,4,"Pulkstenis-Robinson",25,21160731,0.00333739999996396,390824,3,NA,NA,516,0.516
1000,4,"Pulkstenis-Robinson",26,21160732,0.00246020000008684,390824,4,NA,NA,511,0.511
1000,4,"Pulkstenis-Robinson",27,21160733,0.00635430000033921,390824,4,NA,NA,532,0.532
1000,4,"Pulkstenis-Robinson",28,21160734,0.00404390000016974,390824,4,NA,NA,524,0.524
1000,4,"Pulkstenis-Robinson",29,21160735,0.00546540000004825,390824,4,NA,NA,538,0.538
1000,4,"Pulkstenis-Robinson",30,21160736,0.00866800000017065,390760,4,NA,NA,496,0.496
1000,4,"le-Cessie",1,21160707,1.93990070000018,134681080,3,NA,NA,515,0.515
1000,4,"le-Cessie",2,21160708,1.28324919999977,134681320,3,NA,NA,498,0.498
1000,4,"le-Cessie",3,21160709,1.9936130000001,134681080,4,NA,NA,518,0.518
1000,4,"le-Cessie",4,21160710,1.90767440000013,134681080,4,NA,NA,481,0.481
1000,4,"le-Cessie",5,21160711,2.32206770000016,134681080,4,NA,NA,499,0.499
1000,4,"glm_fit",1,21160707,0.00358170000026803,1662880,3,NA,NA,515,0.515
1000,4,"glm_fit",2,21160708,0.00259170000003905,1662880,3,NA,NA,498,0.498
1000,4,"glm_fit",3,21160709,0.00351709999995364,2037784,4,NA,NA,518,0.518
1000,4,"glm_fit",4,21160710,0.0032914000000801,2037784,4,NA,NA,481,0.481
1000,4,"glm_fit",5,21160711,0.00317260000019814,2037784,4,NA,NA,499,0.499
1000,4,"glm_fit",6,21160712,0.00266069999997853,1662880,3,NA,NA,523,0.523
1000,4,"glm_fit",7,21160713,0.00547130000018115,1662880,3,NA,NA,551,0.551
1000,4,"glm_fit",8,21160714,0.00630000000023756,2037784,4,NA,NA,497,0.497
1000,4,"glm_fit",9,21160715,0.00613640000005944,2037784,4,NA,NA,520,0.52
1000,4,"glm_fit",10,21160716,0.00398260000019945,2037784,4,NA,NA,510,0.51
1000,4,"glm_fit",11,21160717,0.00397669999983918,2037784,4,NA,NA,540,0.54
1000,4,"glm_fit",12,21160718,0.00504690000025221,1662880,3,NA,NA,530,0.53
1000,4,"glm_fit",13,21160719,0.00569900000004964,2037784,4,NA,NA,498,0.498
1000,4,"glm_fit",14,21160720,0.00609930000018721,2037784,4,NA,NA,531,0.531
1000,4,"glm_fit",15,21160721,0.00395640000010644,2037784,4,NA,NA,500,0.5
1000,4,"glm_fit",16,21160722,0.0043666999999914,2037784,4,NA,NA,505,0.505
1000,4,"glm_fit",17,21160723,0.00706880000007004,2037784,4,NA,NA,500,0.5
1000,4,"glm_fit",18,21160724,0.00424540000017259,2037784,4,NA,NA,525,0.525
1000,4,"glm_fit",19,21160725,0.0037544000001617,2037784,4,NA,NA,492,0.492
1000,4,"glm_fit",20,21160726,0.00579700000002958,1662880,3,NA,NA,519,0.519
1000,4,"glm_fit",21,21160727,0.00431530000014391,2037784,4,NA,NA,525,0.525
1000,4,"glm_fit",22,21160728,0.00565950000009252,2037784,4,NA,NA,501,0.501
1000,4,"glm_fit",23,21160729,0.00496680000014749,1662880,3,NA,NA,507,0.507
1000,4,"glm_fit",24,21160730,0.00500220000003537,2037784,4,NA,NA,495,0.495
1000,4,"glm_fit",25,21160731,0.00669910000010532,1662880,3,NA,NA,516,0.516
1000,4,"glm_fit",26,21160732,0.00500420000003032,2037784,4,NA,NA,511,0.511
1000,4,"glm_fit",27,21160733,0.00518210000018371,2037784,4,NA,NA,532,0.532
1000,4,"glm_fit",28,21160734,0.00601170000027196,2037784,4,NA,NA,524,0.524
1000,4,"glm_fit",29,21160735,0.00574540000002344,2037784,4,NA,NA,538,0.538
1000,4,"glm_fit",30,21160736,0.00356230000033975,2037784,4,NA,NA,496,0.496
1000,8,"DEF.poly3",1,21260707,0.00425550000022668,600592,4,NA,NA,489,0.489
1000,8,"DEF.poly3",2,21260708,0.0039851000001363,600592,3,NA,NA,520,0.52
1000,8,"DEF.poly3",3,21260709,0.0046140000001742,600592,4,NA,NA,494,0.494
1000,8,"DEF.poly3",4,21260710,0.00471310000011727,600592,3,NA,NA,508,0.508
1000,8,"DEF.poly3",5,21260711,0.00528950000011719,600592,4,NA,NA,539,0.539
1000,8,"DEF.poly3",6,21260712,0.00477010000008704,600592,4,NA,NA,506,0.506
1000,8,"DEF.poly3",7,21260713,0.0112001000002238,600592,4,NA,NA,523,0.523
1000,8,"DEF.poly3",8,21260714,0.01581699999997,600616,4,NA,NA,531,0.531
1000,8,"DEF.poly3",9,21260715,0.00693359999991117,600592,4,NA,NA,509,0.509
1000,8,"DEF.poly3",10,21260716,0.00951190000023416,600592,4,NA,NA,521,0.521
1000,8,"DEF.poly3",11,21260717,0.0066421999999875,600592,3,NA,NA,513,0.513
1000,8,"DEF.poly3",12,21260718,0.0101947000002838,600592,4,NA,NA,507,0.507
1000,8,"DEF.poly3",13,21260719,0.0123083000000861,600592,4,NA,NA,492,0.492
1000,8,"DEF.poly3",14,21260720,0.0114281000001029,600592,4,NA,NA,511,0.511
1000,8,"DEF.poly3",15,21260721,0.0136951000001773,600592,4,NA,NA,497,0.497
1000,8,"DEF.poly3",16,21260722,0.00524489999997968,600592,3,NA,NA,514,0.514
1000,8,"DEF.poly3",17,21260723,0.00986550000015995,600592,4,NA,NA,475,0.475
1000,8,"DEF.poly3",18,21260724,0.00919210000006387,600592,4,NA,NA,506,0.506
1000,8,"DEF.poly3",19,21260725,0.00834050000025854,600592,4,NA,NA,494,0.494
1000,8,"DEF.poly3",20,21260726,0.00956919999998718,600592,3,NA,NA,517,0.517
1000,8,"DEF.poly3",21,21260727,0.00625090000016826,600592,4,NA,NA,498,0.498
1000,8,"DEF.poly3",22,21260728,0.0088311000001795,600592,3,NA,NA,520,0.52
1000,8,"DEF.poly3",23,21260729,0.0170503000001645,600592,3,NA,NA,519,0.519
1000,8,"DEF.poly3",24,21260730,0.0060856000000058,600592,3,NA,NA,509,0.509
1000,8,"DEF.poly3",25,21260731,0.0100912000000335,600592,4,NA,NA,504,0.504
1000,8,"DEF.poly3",26,21260732,0.00442670000006729,600592,3,NA,NA,492,0.492
1000,8,"DEF.poly3",27,21260733,0.0100963000002139,600592,3,NA,NA,501,0.501
1000,8,"DEF.poly3",28,21260734,0.0093286999999691,600592,4,NA,NA,521,0.521
1000,8,"DEF.poly3",29,21260735,0.0147461000001385,600592,4,NA,NA,501,0.501
1000,8,"DEF.poly3",30,21260736,0.00611030000004575,600592,4,NA,NA,497,0.497
1000,8,"DEF.stukel",1,21260707,0.00551590000009128,593688,4,NA,NA,489,0.489
1000,8,"DEF.stukel",2,21260708,0.0036347000002479,593688,3,NA,NA,520,0.52
1000,8,"DEF.stukel",3,21260709,0.00370320000024549,593688,4,NA,NA,494,0.494
1000,8,"DEF.stukel",4,21260710,0.00425860000018474,593688,3,NA,NA,508,0.508
1000,8,"DEF.stukel",5,21260711,0.00384530000019367,593688,4,NA,NA,539,0.539
1000,8,"DEF.stukel",6,21260712,0.00378000000023349,593688,4,NA,NA,506,0.506
1000,8,"DEF.stukel",7,21260713,0.00886190000005627,593688,4,NA,NA,523,0.523
1000,8,"DEF.stukel",8,21260714,0.00869540000007873,593688,4,NA,NA,531,0.531
1000,8,"DEF.stukel",9,21260715,0.011870799999997,593688,4,NA,NA,509,0.509
1000,8,"DEF.stukel",10,21260716,0.00731459999997242,593688,4,NA,NA,521,0.521
1000,8,"DEF.stukel",11,21260717,0.0059267000001455,593688,3,NA,NA,513,0.513
1000,8,"DEF.stukel",12,21260718,0.0114493000000948,593688,4,NA,NA,507,0.507
1000,8,"DEF.stukel",13,21260719,0.0125072000000728,593688,4,NA,NA,492,0.492
1000,8,"DEF.stukel",14,21260720,0.010023799999999,593688,4,NA,NA,511,0.511
1000,8,"DEF.stukel",15,21260721,0.0105231000002277,593688,4,NA,NA,497,0.497
1000,8,"DEF.stukel",16,21260722,0.00533410000002732,593688,3,NA,NA,514,0.514
1000,8,"DEF.stukel",17,21260723,0.0121990000000096,593688,4,NA,NA,475,0.475
1000,8,"DEF.stukel",18,21260724,0.009626100000105,593688,4,NA,NA,506,0.506
1000,8,"DEF.stukel",19,21260725,0.0103986000001441,593688,4,NA,NA,494,0.494
1000,8,"DEF.stukel",20,21260726,0.00741930000003777,593688,3,NA,NA,517,0.517
1000,8,"DEF.stukel",21,21260727,0.00585709999973005,593688,4,NA,NA,498,0.498
1000,8,"DEF.stukel",22,21260728,0.0148738000002595,593688,3,NA,NA,520,0.52
1000,8,"DEF.stukel",23,21260729,0.0113440000000082,593688,3,NA,NA,519,0.519
1000,8,"DEF.stukel",24,21260730,0.00953160000017306,593688,3,NA,NA,509,0.509
1000,8,"DEF.stukel",25,21260731,0.00776760000007926,593688,4,NA,NA,504,0.504
1000,8,"DEF.stukel",26,21260732,0.00744240000017271,593688,3,NA,NA,492,0.492
1000,8,"DEF.stukel",27,21260733,0.00770110000007662,593688,3,NA,NA,501,0.501
1000,8,"DEF.stukel",28,21260734,0.00972140000021682,593688,4,NA,NA,521,0.521
1000,8,"DEF.stukel",29,21260735,0.00905250000027991,593688,4,NA,NA,501,0.501
1000,8,"DEF.stukel",30,21260736,0.0050831000000926,593688,4,NA,NA,497,0.497
1000,8,"EF",1,21260707,0.00180260000001908,288872,4,NA,NA,489,0.489
1000,8,"EF",2,21260708,0.00169840000035038,288872,3,NA,NA,520,0.52
1000,8,"EF",3,21260709,0.00187030000006416,288872,4,NA,NA,494,0.494
1000,8,"EF",4,21260710,0.001656500000081,288872,3,NA,NA,508,0.508
1000,8,"EF",5,21260711,0.00167570000030537,288872,4,NA,NA,539,0.539
1000,8,"EF",6,21260712,0.00171130000012454,288872,4,NA,NA,506,0.506
1000,8,"EF",7,21260713,0.00756320000004962,288872,4,NA,NA,523,0.523
1000,8,"EF",8,21260714,0.00418830000012349,288872,4,NA,NA,531,0.531
1000,8,"EF",9,21260715,0.00922170000012557,288872,4,NA,NA,509,0.509
1000,8,"EF",10,21260716,0.00324550000027557,288872,4,NA,NA,521,0.521
1000,8,"EF",11,21260717,0.00263840000025084,288872,3,NA,NA,513,0.513
1000,8,"EF",12,21260718,0.00490570000010848,288872,4,NA,NA,507,0.507
1000,8,"EF",13,21260719,0.00431430000026012,288872,4,NA,NA,492,0.492
1000,8,"EF",14,21260720,0.00473090000014054,288872,4,NA,NA,511,0.511
1000,8,"EF",15,21260721,0.00385360000018409,288872,4,NA,NA,497,0.497
1000,8,"EF",16,21260722,0.00274950000016361,288872,3,NA,NA,514,0.514
1000,8,"EF",17,21260723,0.00427460000014435,288872,4,NA,NA,475,0.475
1000,8,"EF",18,21260724,0.00435940000011215,288872,4,NA,NA,506,0.506
1000,8,"EF",19,21260725,0.00437450000003992,288872,4,NA,NA,494,0.494
1000,8,"EF",20,21260726,0.0050048999999035,288872,3,NA,NA,517,0.517
1000,8,"EF",21,21260727,0.00438550000012583,288872,4,NA,NA,498,0.498
1000,8,"EF",22,21260728,0.0037963000002037,288872,3,NA,NA,520,0.52
1000,8,"EF",23,21260729,0.0358490999999503,288872,3,NA,NA,519,0.519
1000,8,"EF",24,21260730,0.00481090000016593,288872,3,NA,NA,509,0.509
1000,8,"EF",25,21260731,0.00455070000020896,288872,4,NA,NA,504,0.504
1000,8,"EF",26,21260732,0.00312570000028245,288872,3,NA,NA,492,0.492
1000,8,"EF",27,21260733,0.0041903999999704,288872,3,NA,NA,501,0.501
1000,8,"EF",28,21260734,0.0043177000002288,288872,4,NA,NA,521,0.521
1000,8,"EF",29,21260735,0.00511660000006486,288872,4,NA,NA,501,0.501
1000,8,"EF",30,21260736,0.00291040000024623,288872,4,NA,NA,497,0.497
1000,8,"HL",1,21260707,0.00246369999990748,239968,4,NA,NA,489,0.489
1000,8,"HL",2,21260708,0.00222760000019662,239968,3,NA,NA,520,0.52
1000,8,"HL",3,21260709,0.00241470000014488,239968,4,NA,NA,494,0.494
1000,8,"HL",4,21260710,0.00242450000018835,239968,3,NA,NA,508,0.508
1000,8,"HL",5,21260711,0.00229820000026848,239968,4,NA,NA,539,0.539
1000,8,"HL",6,21260712,0.00349119999987124,239968,4,NA,NA,506,0.506
1000,8,"HL",7,21260713,0.0151711000000887,239968,4,NA,NA,523,0.523
1000,8,"HL",8,21260714,0.00473300000021482,239968,4,NA,NA,531,0.531
1000,8,"HL",9,21260715,0.00528350000013234,239968,4,NA,NA,509,0.509
1000,8,"HL",10,21260716,0.00452300000006289,239968,4,NA,NA,521,0.521
1000,8,"HL",11,21260717,0.00276810000013938,239968,3,NA,NA,513,0.513
1000,8,"HL",12,21260718,0.0137950000000728,239968,4,NA,NA,507,0.507
1000,8,"HL",13,21260719,0.00446970000007241,239968,4,NA,NA,492,0.492
1000,8,"HL",14,21260720,0.00498010000001159,239968,4,NA,NA,511,0.511
1000,8,"HL",15,21260721,0.00430570000003172,239968,4,NA,NA,497,0.497
1000,8,"HL",16,21260722,0.00388360000010834,239968,3,NA,NA,514,0.514
1000,8,"HL",17,21260723,0.00525609999999688,239968,4,NA,NA,475,0.475
1000,8,"HL",18,21260724,0.0038579000001846,239968,4,NA,NA,506,0.506
1000,8,"HL",19,21260725,0.00608720000013818,239968,4,NA,NA,494,0.494
1000,8,"HL",20,21260726,0.0070895000001201,239968,3,NA,NA,517,0.517
1000,8,"HL",21,21260727,0.00296999999977743,239968,4,NA,NA,498,0.498
1000,8,"HL",22,21260728,0.00464529999999286,239968,3,NA,NA,520,0.52
1000,8,"HL",23,21260729,0.00498310000034508,239968,3,NA,NA,519,0.519
1000,8,"HL",24,21260730,0.00856240000007347,239968,3,NA,NA,509,0.509
1000,8,"HL",25,21260731,0.0042766000001393,239968,4,NA,NA,504,0.504
1000,8,"HL",26,21260732,0.00409120000017538,239968,3,NA,NA,492,0.492
1000,8,"HL",27,21260733,0.00549160000014126,239968,3,NA,NA,501,0.501
1000,8,"HL",28,21260734,0.00446260000012444,239968,4,NA,NA,521,0.521
1000,8,"HL",29,21260735,0.00381960000004256,239968,4,NA,NA,501,0.501
1000,8,"HL",30,21260736,0.00241700000015044,239968,4,NA,NA,497,0.497
1000,8,"Pigeon-Heyse",1,21260707,0.00211830000034752,242032,4,NA,NA,489,0.489
1000,8,"Pigeon-Heyse",2,21260708,0.00154570000017884,242032,3,NA,NA,520,0.52
1000,8,"Pigeon-Heyse",3,21260709,0.00177370000005794,242032,4,NA,NA,494,0.494
1000,8,"Pigeon-Heyse",4,21260710,0.00187460000029205,242032,3,NA,NA,508,0.508
1000,8,"Pigeon-Heyse",5,21260711,0.00160320000031788,242032,4,NA,NA,539,0.539
1000,8,"Pigeon-Heyse",6,21260712,0.00169470000014371,242032,4,NA,NA,506,0.506
1000,8,"Pigeon-Heyse",7,21260713,0.00360640000008061,242032,4,NA,NA,523,0.523
1000,8,"Pigeon-Heyse",8,21260714,0.00473740000029466,242032,4,NA,NA,531,0.531
1000,8,"Pigeon-Heyse",9,21260715,0.00487790000011046,242032,4,NA,NA,509,0.509
1000,8,"Pigeon-Heyse",10,21260716,0.00276200000030258,242032,4,NA,NA,521,0.521
1000,8,"Pigeon-Heyse",11,21260717,0.00264670000001388,242032,3,NA,NA,513,0.513
1000,8,"Pigeon-Heyse",12,21260718,0.00531350000028397,242032,4,NA,NA,507,0.507
1000,8,"Pigeon-Heyse",13,21260719,0.00430619999997361,242032,4,NA,NA,492,0.492
1000,8,"Pigeon-Heyse",14,21260720,0.00372530000026927,242032,4,NA,NA,511,0.511
1000,8,"Pigeon-Heyse",15,21260721,0.00360020000016448,242032,4,NA,NA,497,0.497
1000,8,"Pigeon-Heyse",16,21260722,0.00214409999989584,242032,3,NA,NA,514,0.514
1000,8,"Pigeon-Heyse",17,21260723,0.00366550000012467,242032,4,NA,NA,475,0.475
1000,8,"Pigeon-Heyse",18,21260724,0.00312980000012431,242032,4,NA,NA,506,0.506
1000,8,"Pigeon-Heyse",19,21260725,0.00414409999984855,242032,4,NA,NA,494,0.494
1000,8,"Pigeon-Heyse",20,21260726,0.00358250000022053,242032,3,NA,NA,517,0.517
1000,8,"Pigeon-Heyse",21,21260727,0.00183780000020306,242032,4,NA,NA,498,0.498
1000,8,"Pigeon-Heyse",22,21260728,0.00681170000007114,242032,3,NA,NA,520,0.52
1000,8,"Pigeon-Heyse",23,21260729,0.0047212000001764,242032,3,NA,NA,519,0.519
1000,8,"Pigeon-Heyse",24,21260730,0.00550970000017514,242032,3,NA,NA,509,0.509
1000,8,"Pigeon-Heyse",25,21260731,0.00445310000031895,242032,4,NA,NA,504,0.504
1000,8,"Pigeon-Heyse",26,21260732,0.00270470000009482,242032,3,NA,NA,492,0.492
1000,8,"Pigeon-Heyse",27,21260733,0.00354900000024827,242032,3,NA,NA,501,0.501
1000,8,"Pigeon-Heyse",28,21260734,0.00445530000001781,242032,4,NA,NA,521,0.521
1000,8,"Pigeon-Heyse",29,21260735,0.00698920000013459,242032,4,NA,NA,501,0.501
1000,8,"Pigeon-Heyse",30,21260736,0.00226150000003145,242032,4,NA,NA,497,0.497
1000,8,"Osius-Rojek",1,21260707,0.0012226000001192,378592,4,NA,NA,489,0.489
1000,8,"Osius-Rojek",2,21260708,0.00117790000012974,378592,3,NA,NA,520,0.52
1000,8,"Osius-Rojek",3,21260709,0.00121350000017628,378592,4,NA,NA,494,0.494
1000,8,"Osius-Rojek",4,21260710,0.00123260000009395,378592,3,NA,NA,508,0.508
1000,8,"Osius-Rojek",5,21260711,0.00119040000004134,378592,4,NA,NA,539,0.539
1000,8,"Osius-Rojek",6,21260712,0.00134960000013962,378592,4,NA,NA,506,0.506
1000,8,"Osius-Rojek",7,21260713,0.0030242000002545,378592,4,NA,NA,523,0.523
1000,8,"Osius-Rojek",8,21260714,0.00353600000016741,378592,4,NA,NA,531,0.531
1000,8,"Osius-Rojek",9,21260715,0.00234660000023723,378592,4,NA,NA,509,0.509
1000,8,"Osius-Rojek",10,21260716,0.00295610000011948,378592,4,NA,NA,521,0.521
1000,8,"Osius-Rojek",11,21260717,0.00135410000007141,378592,3,NA,NA,513,0.513
1000,8,"Osius-Rojek",12,21260718,0.00224920000027851,378592,4,NA,NA,507,0.507
1000,8,"Osius-Rojek",13,21260719,0.00318430000015724,378592,4,NA,NA,492,0.492
1000,8,"Osius-Rojek",14,21260720,0.00317660000018805,378592,4,NA,NA,511,0.511
1000,8,"Osius-Rojek",15,21260721,0.00221949999991011,378592,4,NA,NA,497,0.497
1000,8,"Osius-Rojek",16,21260722,0.00153169999998681,378592,3,NA,NA,514,0.514
1000,8,"Osius-Rojek",17,21260723,0.00370390000011867,378592,4,NA,NA,475,0.475
1000,8,"Osius-Rojek",18,21260724,0.00441210000030878,378592,4,NA,NA,506,0.506
1000,8,"Osius-Rojek",19,21260725,0.00285630000030324,378592,4,NA,NA,494,0.494
1000,8,"Osius-Rojek",20,21260726,0.00743450000004486,378592,3,NA,NA,517,0.517
1000,8,"Osius-Rojek",21,21260727,0.0020238000001882,378592,4,NA,NA,498,0.498
1000,8,"Osius-Rojek",22,21260728,0.00738380000007055,378592,3,NA,NA,520,0.52
1000,8,"Osius-Rojek",23,21260729,0.00274399999989328,378592,3,NA,NA,519,0.519
1000,8,"Osius-Rojek",24,21260730,0.00320140000007996,378592,3,NA,NA,509,0.509
1000,8,"Osius-Rojek",25,21260731,0.00328230000013718,378592,4,NA,NA,504,0.504
1000,8,"Osius-Rojek",26,21260732,0.0016936000001806,378592,3,NA,NA,492,0.492
1000,8,"Osius-Rojek",27,21260733,0.00357610000014574,378592,3,NA,NA,501,0.501
1000,8,"Osius-Rojek",28,21260734,0.00326910000012504,378592,4,NA,NA,521,0.521
1000,8,"Osius-Rojek",29,21260735,0.00359850000018014,378592,4,NA,NA,501,0.501
1000,8,"Osius-Rojek",30,21260736,0.0016501000000062,378592,4,NA,NA,497,0.497
1000,8,"Stukel",1,21260707,0.00137950000021192,446856,4,4,1,489,0.489
1000,8,"Stukel",2,21260708,0.00126440000008188,446856,3,4,1,520,0.52
1000,8,"Stukel",3,21260709,0.00126279999994949,446856,4,4,1,494,0.494
1000,8,"Stukel",4,21260710,0.00127030000021477,446856,3,4,1,508,0.508
1000,8,"Stukel",5,21260711,0.00119340000014745,446856,4,4,1,539,0.539
1000,8,"Stukel",6,21260712,0.00176290000013068,446856,4,4,1,506,0.506
1000,8,"Stukel",7,21260713,0.00259000000005472,446856,4,4,1,523,0.523
1000,8,"Stukel",8,21260714,0.00296010000033675,446856,4,4,1,531,0.531
1000,8,"Stukel",9,21260715,0.00367470000014691,446856,4,4,1,509,0.509
1000,8,"Stukel",10,21260716,0.00239520000013727,446856,4,4,1,521,0.521
1000,8,"Stukel",11,21260717,0.00361500000030901,446856,3,4,1,513,0.513
1000,8,"Stukel",12,21260718,0.00284180000016931,446856,4,4,1,507,0.507
1000,8,"Stukel",13,21260719,0.00263650000010784,446856,4,4,1,492,0.492
1000,8,"Stukel",14,21260720,0.00323420000017904,446856,4,4,1,511,0.511
1000,8,"Stukel",15,21260721,0.00301530000001549,446856,4,4,1,497,0.497
1000,8,"Stukel",16,21260722,0.00228550000019823,446856,3,4,1,514,0.514
1000,8,"Stukel",17,21260723,0.00293500000020686,446856,4,4,1,475,0.475
1000,8,"Stukel",18,21260724,0.00288610000006884,446856,4,4,1,506,0.506
1000,8,"Stukel",19,21260725,0.00308120000022427,446856,4,4,1,494,0.494
1000,8,"Stukel",20,21260726,0.00236230000018622,446856,3,4,1,517,0.517
1000,8,"Stukel",21,21260727,0.00234320000026855,446856,4,4,1,498,0.498
1000,8,"Stukel",22,21260728,0.00391310000009071,446856,3,4,1,520,0.52
1000,8,"Stukel",23,21260729,0.00244600000019091,446856,3,4,1,519,0.519
1000,8,"Stukel",24,21260730,0.00593930000013643,446856,3,4,1,509,0.509
1000,8,"Stukel",25,21260731,0.00217659999998432,446856,4,4,1,504,0.504
1000,8,"Stukel",26,21260732,0.00181770000017423,446856,3,4,1,492,0.492
1000,8,"Stukel",27,21260733,0.00687200000015764,446856,3,4,1,501,0.501
1000,8,"Stukel",28,21260734,0.00266160000023774,446856,4,4,1,521,0.521
1000,8,"Stukel",29,21260735,0.0031733000002987,446856,4,4,1,501,0.501
1000,8,"Stukel",30,21260736,0.0018123000002106,446856,4,4,1,497,0.497
1000,8,"Tsiatis",1,21260707,0.00394720000008419,1054192,4,NA,NA,489,0.489
1000,8,"Tsiatis",2,21260708,0.00403500000015811,1054192,3,NA,NA,520,0.52
1000,8,"Tsiatis",3,21260709,0.00504850000015722,1054192,4,NA,NA,494,0.494
1000,8,"Tsiatis",4,21260710,0.00420510000026297,1054192,3,NA,NA,508,0.508
1000,8,"Tsiatis",5,21260711,0.005032200000187,1054192,4,NA,NA,539,0.539
1000,8,"Tsiatis",6,21260712,0.00448170000026948,1054192,4,NA,NA,506,0.506
1000,8,"Tsiatis",7,21260713,0.0141423000000032,1054192,4,NA,NA,523,0.523
1000,8,"Tsiatis",8,21260714,0.0124107000001459,1054192,4,NA,NA,531,0.531
1000,8,"Tsiatis",9,21260715,0.00897110000005341,1054192,4,NA,NA,509,0.509
1000,8,"Tsiatis",10,21260716,0.00907869999991817,1054192,4,NA,NA,521,0.521
1000,8,"Tsiatis",11,21260717,0.00507900000025074,1054192,3,NA,NA,513,0.513
1000,8,"Tsiatis",12,21260718,0.0125190999999631,1054192,4,NA,NA,507,0.507
1000,8,"Tsiatis",13,21260719,0.00843260000010559,1054192,4,NA,NA,492,0.492
1000,8,"Tsiatis",14,21260720,0.014916600000106,1054192,4,NA,NA,511,0.511
1000,8,"Tsiatis",15,21260721,0.00946279999993749,1054192,4,NA,NA,497,0.497
1000,8,"Tsiatis",16,21260722,0.0063190000000759,1054192,3,NA,NA,514,0.514
1000,8,"Tsiatis",17,21260723,0.0091132000000016,1054192,4,NA,NA,475,0.475
1000,8,"Tsiatis",18,21260724,0.00759620000030736,1054192,4,NA,NA,506,0.506
1000,8,"Tsiatis",19,21260725,0.0136490000002141,1054192,4,NA,NA,494,0.494
1000,8,"Tsiatis",20,21260726,0.00814439999999195,1054192,3,NA,NA,517,0.517
1000,8,"Tsiatis",21,21260727,0.00741270000003169,1054192,4,NA,NA,498,0.498
1000,8,"Tsiatis",22,21260728,0.0102961000002324,1054192,3,NA,NA,520,0.52
1000,8,"Tsiatis",23,21260729,0.00760360000003857,1054192,3,NA,NA,519,0.519
1000,8,"Tsiatis",24,21260730,0.0108958000002986,1054192,3,NA,NA,509,0.509
1000,8,"Tsiatis",25,21260731,0.00689650000026631,1054192,4,NA,NA,504,0.504
1000,8,"Tsiatis",26,21260732,0.00936330000013186,1054192,3,NA,NA,492,0.492
1000,8,"Tsiatis",27,21260733,0.00692320000007385,1054192,3,NA,NA,501,0.501
1000,8,"Tsiatis",28,21260734,0.00814980000018295,1054192,4,NA,NA,521,0.521
1000,8,"Tsiatis",29,21260735,0.00821170000017446,1054192,4,NA,NA,501,0.501
1000,8,"Tsiatis",30,21260736,0.00602720000006229,1054192,4,NA,NA,497,0.497
1000,8,"Xie",1,21260707,0.0500207000000046,3001416,4,NA,NA,489,0.489
1000,8,"Xie",2,21260708,0.0516405000000759,3001424,3,NA,NA,520,0.52
1000,8,"Xie",3,21260709,0.0551135999999133,3001416,4,NA,NA,494,0.494
1000,8,"Xie",4,21260710,0.048774400000184,3001424,3,NA,NA,508,0.508
1000,8,"Xie",5,21260711,0.0546491000002334,3001424,4,NA,NA,539,0.539
1000,8,"Xie",6,21260712,0.0508846000000176,3001416,4,NA,NA,506,0.506
1000,8,"Xie",7,21260713,0.0751832000000832,3001424,4,NA,NA,523,0.523
1000,8,"Xie",8,21260714,0.0856465000001663,3001424,4,NA,NA,531,0.531
1000,8,"Xie",9,21260715,0.0985315999998875,3001424,4,NA,NA,509,0.509
1000,8,"Xie",10,21260716,0.0691075000002002,3001424,4,NA,NA,521,0.521
1000,8,"Xie",11,21260717,0.057571100000132,3001416,3,NA,NA,513,0.513
1000,8,"Xie",12,21260718,0.0706144000000677,3001424,4,NA,NA,507,0.507
1000,8,"Xie",13,21260719,0.0894107000001441,3001424,4,NA,NA,492,0.492
1000,8,"Xie",14,21260720,0.0664389000000938,3001424,4,NA,NA,511,0.511
1000,8,"Xie",15,21260721,0.072822700000188,3001424,4,NA,NA,497,0.497
1000,8,"Xie",16,21260722,0.0604693000002499,3001440,3,NA,NA,514,0.514
1000,8,"Xie",17,21260723,0.0965457000002061,3001416,4,NA,NA,475,0.475
1000,8,"Xie",18,21260724,0.0765833000002658,3001432,4,NA,NA,506,0.506
1000,8,"Xie",19,21260725,0.103883199999927,3001416,4,NA,NA,494,0.494
1000,8,"Xie",20,21260726,0.108111900000267,3001416,3,NA,NA,517,0.517
1000,8,"Xie",21,21260727,0.0523131000002195,3001440,4,NA,NA,498,0.498
1000,8,"Xie",22,21260728,0.0911066000001028,3001424,3,NA,NA,520,0.52
1000,8,"Xie",23,21260729,0.0727208000000701,3001424,3,NA,NA,519,0.519
1000,8,"Xie",24,21260730,0.0777747000001909,3001424,3,NA,NA,509,0.509
1000,8,"Xie",25,21260731,0.0939971000000241,3001424,4,NA,NA,504,0.504
1000,8,"Xie",26,21260732,0.0697973000001184,3001424,3,NA,NA,492,0.492
1000,8,"Xie",27,21260733,0.075220500000114,3001424,3,NA,NA,501,0.501
1000,8,"Xie",28,21260734,0.0950818000003437,3001408,4,NA,NA,521,0.521
1000,8,"Xie",29,21260735,0.0674578000000565,3001424,4,NA,NA,501,0.501
1000,8,"Xie",30,21260736,0.0498328000001038,3001424,4,NA,NA,497,0.497
1000,8,"Pulkstenis-Robinson",1,21260707,0.00216050000017276,504440,4,NA,NA,489,0.489
1000,8,"Pulkstenis-Robinson",2,21260708,0.00196149999987938,504440,3,NA,NA,520,0.52
1000,8,"Pulkstenis-Robinson",3,21260709,0.00207799999998315,504440,4,NA,NA,494,0.494
1000,8,"Pulkstenis-Robinson",4,21260710,0.00233049999997093,504440,3,NA,NA,508,0.508
1000,8,"Pulkstenis-Robinson",5,21260711,0.00302030000011655,504440,4,NA,NA,539,0.539
1000,8,"Pulkstenis-Robinson",6,21260712,0.00232820000019274,504440,4,NA,NA,506,0.506
1000,8,"Pulkstenis-Robinson",7,21260713,0.00362100000006649,504376,4,NA,NA,523,0.523
1000,8,"Pulkstenis-Robinson",8,21260714,0.00437940000028902,504376,4,NA,NA,531,0.531
1000,8,"Pulkstenis-Robinson",9,21260715,0.00686510000036833,504440,4,NA,NA,509,0.509
1000,8,"Pulkstenis-Robinson",10,21260716,0.00341300000013689,504376,4,NA,NA,521,0.521
1000,8,"Pulkstenis-Robinson",11,21260717,0.002499600000192,504440,3,NA,NA,513,0.513
1000,8,"Pulkstenis-Robinson",12,21260718,0.00717710000003535,504440,4,NA,NA,507,0.507
1000,8,"Pulkstenis-Robinson",13,21260719,0.00498910000010255,504376,4,NA,NA,492,0.492
1000,8,"Pulkstenis-Robinson",14,21260720,0.00417450000031749,504376,4,NA,NA,511,0.511
1000,8,"Pulkstenis-Robinson",15,21260721,0.00712990000010905,504376,4,NA,NA,497,0.497
1000,8,"Pulkstenis-Robinson",16,21260722,0.0029343000001063,504376,3,NA,NA,514,0.514
1000,8,"Pulkstenis-Robinson",17,21260723,0.0045582000000195,504440,4,NA,NA,475,0.475
1000,8,"Pulkstenis-Robinson",18,21260724,0.00270660000023781,504376,4,NA,NA,506,0.506
1000,8,"Pulkstenis-Robinson",19,21260725,0.00437070000020867,504376,4,NA,NA,494,0.494
1000,8,"Pulkstenis-Robinson",20,21260726,0.00459750000004533,504440,3,NA,NA,517,0.517
1000,8,"Pulkstenis-Robinson",21,21260727,0.00293060000012701,504440,4,NA,NA,498,0.498
1000,8,"Pulkstenis-Robinson",22,21260728,0.00740000000018881,504376,3,NA,NA,520,0.52
1000,8,"Pulkstenis-Robinson",23,21260729,0.00662400000010166,504376,3,NA,NA,519,0.519
1000,8,"Pulkstenis-Robinson",24,21260730,0.00457120000010036,504440,3,NA,NA,509,0.509
1000,8,"Pulkstenis-Robinson",25,21260731,0.00472780000018247,504440,4,NA,NA,504,0.504
1000,8,"Pulkstenis-Robinson",26,21260732,0.00367340000002514,504376,3,NA,NA,492,0.492
1000,8,"Pulkstenis-Robinson",27,21260733,0.00842430000034255,504440,3,NA,NA,501,0.501
1000,8,"Pulkstenis-Robinson",28,21260734,0.00450570000020889,504376,4,NA,NA,521,0.521
1000,8,"Pulkstenis-Robinson",29,21260735,0.00333390000014333,504440,4,NA,NA,501,0.501
1000,8,"Pulkstenis-Robinson",30,21260736,0.00243510000018432,504440,4,NA,NA,497,0.497
1000,8,"le-Cessie",1,21260707,2.08542650000027,167182456,4,NA,NA,489,0.489
1000,8,"le-Cessie",2,21260708,1.31242480000014,167182456,3,NA,NA,520,0.52
1000,8,"le-Cessie",3,21260709,1.97781240000018,167182456,4,NA,NA,494,0.494
1000,8,"le-Cessie",4,21260710,1.92866920000006,167182456,3,NA,NA,508,0.508
1000,8,"le-Cessie",5,21260711,2.07146660000012,167182456,4,NA,NA,539,0.539
1000,8,"glm_fit",1,21260707,0.00353689999997187,2458000,4,NA,NA,489,0.489
1000,8,"glm_fit",2,21260708,0.00333330000012211,2018912,3,NA,NA,520,0.52
1000,8,"glm_fit",3,21260709,0.00343730000008691,2458000,4,NA,NA,494,0.494
1000,8,"glm_fit",4,21260710,0.00345810000021629,2018912,3,NA,NA,508,0.508
1000,8,"glm_fit",5,21260711,0.00359590000016397,2458000,4,NA,NA,539,0.539
1000,8,"glm_fit",6,21260712,0.00343230000021322,2458000,4,NA,NA,506,0.506
1000,8,"glm_fit",7,21260713,0.00809120000008079,2458000,4,NA,NA,523,0.523
1000,8,"glm_fit",8,21260714,0.00751250000007531,2458000,4,NA,NA,531,0.531
1000,8,"glm_fit",9,21260715,0.00535949999994045,2458000,4,NA,NA,509,0.509
1000,8,"glm_fit",10,21260716,0.00613840000028176,2458000,4,NA,NA,521,0.521
1000,8,"glm_fit",11,21260717,0.0035921999999573,2018912,3,NA,NA,513,0.513
1000,8,"glm_fit",12,21260718,0.00732140000013715,2458000,4,NA,NA,507,0.507
1000,8,"glm_fit",13,21260719,0.0044886000000588,2458000,4,NA,NA,492,0.492
1000,8,"glm_fit",14,21260720,0.00681940000004033,2458000,4,NA,NA,511,0.511
1000,8,"glm_fit",15,21260721,0.0068556000001081,2458000,4,NA,NA,497,0.497
1000,8,"glm_fit",16,21260722,0.00336760000004688,2018912,3,NA,NA,514,0.514
1000,8,"glm_fit",17,21260723,0.00808649999999034,2458000,4,NA,NA,475,0.475
1000,8,"glm_fit",18,21260724,0.00560790000031375,2458000,4,NA,NA,506,0.506
1000,8,"glm_fit",19,21260725,0.0057710000003226,2458000,4,NA,NA,494,0.494
1000,8,"glm_fit",20,21260726,0.00612320000004729,2018912,3,NA,NA,517,0.517
1000,8,"glm_fit",21,21260727,0.00411290000010922,2458000,4,NA,NA,498,0.498
1000,8,"glm_fit",22,21260728,0.00669650000008915,2018912,3,NA,NA,520,0.52
1000,8,"glm_fit",23,21260729,0.004681500000288,2018912,3,NA,NA,519,0.519
1000,8,"glm_fit",24,21260730,0.00887110000007851,2018912,3,NA,NA,509,0.509
1000,8,"glm_fit",25,21260731,0.00675650000016503,2458000,4,NA,NA,504,0.504
1000,8,"glm_fit",26,21260732,0.00403100000016821,2018912,3,NA,NA,492,0.492
1000,8,"glm_fit",27,21260733,0.00530710000020918,2018912,3,NA,NA,501,0.501
1000,8,"glm_fit",28,21260734,0.00570749999997133,2458000,4,NA,NA,521,0.521
1000,8,"glm_fit",29,21260735,0.00382550000017545,2458000,4,NA,NA,501,0.501
1000,8,"glm_fit",30,21260736,0.00487020000014127,2458000,4,NA,NA,497,0.497
1000,16,"DEF.poly3",1,21360707,0.00536760000022696,867760,4,NA,NA,508,0.508
1000,16,"DEF.poly3",2,21360708,0.00486060000002908,867760,4,NA,NA,499,0.499
1000,16,"DEF.poly3",3,21360709,0.00568240000029618,867760,4,NA,NA,504,0.504
1000,16,"DEF.poly3",4,21360710,0.0056053000000702,867760,4,NA,NA,555,0.555
1000,16,"DEF.poly3",5,21360711,0.00694130000010773,867760,4,NA,NA,516,0.516
1000,16,"DEF.poly3",6,21360712,0.00527180000017324,867760,4,NA,NA,478,0.478
1000,16,"DEF.poly3",7,21360713,0.00918330000013157,867760,4,NA,NA,539,0.539
1000,16,"DEF.poly3",8,21360714,0.00884370000017043,867760,4,NA,NA,513,0.513
1000,16,"DEF.poly3",9,21360715,0.00885050000010779,867760,4,NA,NA,524,0.524
1000,16,"DEF.poly3",10,21360716,0.010561700000153,867760,4,NA,NA,495,0.495
1000,16,"DEF.poly3",11,21360717,0.00832400000012967,867760,4,NA,NA,509,0.509
1000,16,"DEF.poly3",12,21360718,0.00964420000013888,867760,4,NA,NA,523,0.523
1000,16,"DEF.poly3",13,21360719,0.0103930000000219,867760,4,NA,NA,485,0.485
1000,16,"DEF.poly3",14,21360720,0.0148385000002236,867760,3,NA,NA,495,0.495
1000,16,"DEF.poly3",15,21360721,0.0088271000001896,867760,4,NA,NA,526,0.526
1000,16,"DEF.poly3",16,21360722,0.00508720000016183,867760,4,NA,NA,518,0.518
1000,16,"DEF.poly3",17,21360723,0.0109929000002467,867784,4,NA,NA,508,0.508
1000,16,"DEF.poly3",18,21360724,0.00947140000016589,867760,4,NA,NA,508,0.508
1000,16,"DEF.poly3",19,21360725,0.0100697000002583,867760,4,NA,NA,506,0.506
1000,16,"DEF.poly3",20,21360726,0.00825760000020637,867760,3,NA,NA,505,0.505
1000,16,"DEF.poly3",21,21360727,0.0046020000002045,867760,4,NA,NA,483,0.483
1000,16,"DEF.poly3",22,21360728,0.0131560000002082,867760,3,NA,NA,489,0.489
1000,16,"DEF.poly3",23,21360729,0.010584400000198,867760,4,NA,NA,511,0.511
1000,16,"DEF.poly3",24,21360730,0.0112716000001001,867760,4,NA,NA,504,0.504
1000,16,"DEF.poly3",25,21360731,0.00908540000000357,867760,4,NA,NA,544,0.544
1000,16,"DEF.poly3",26,21360732,0.00632280000013452,867760,4,NA,NA,523,0.523
1000,16,"DEF.poly3",27,21360733,0.011102800000117,867760,4,NA,NA,494,0.494
1000,16,"DEF.poly3",28,21360734,0.0149552000000313,867760,4,NA,NA,500,0.5
1000,16,"DEF.poly3",29,21360735,0.00952530000017759,867760,4,NA,NA,528,0.528
1000,16,"DEF.poly3",30,21360736,0.00551730000006501,867760,3,NA,NA,496,0.496
1000,16,"DEF.stukel",1,21360707,0.00503880000019308,860856,4,NA,NA,508,0.508
1000,16,"DEF.stukel",2,21360708,0.0041091000000506,860856,4,NA,NA,499,0.499
1000,16,"DEF.stukel",3,21360709,0.00491380000016761,860856,4,NA,NA,504,0.504
1000,16,"DEF.stukel",4,21360710,0.0044012000003022,860856,4,NA,NA,555,0.555
1000,16,"DEF.stukel",5,21360711,0.00648709999973107,860856,4,NA,NA,516,0.516
1000,16,"DEF.stukel",6,21360712,0.00429880000001504,860856,4,NA,NA,478,0.478
1000,16,"DEF.stukel",7,21360713,0.00824260000013055,860856,4,NA,NA,539,0.539
1000,16,"DEF.stukel",8,21360714,0.00935019999997166,860856,4,NA,NA,513,0.513
1000,16,"DEF.stukel",9,21360715,0.0109344000002238,860856,4,NA,NA,524,0.524
1000,16,"DEF.stukel",10,21360716,0.0369060000002719,860856,4,NA,NA,495,0.495
1000,16,"DEF.stukel",11,21360717,0.00622420000013335,860856,4,NA,NA,509,0.509
1000,16,"DEF.stukel",12,21360718,0.00843290000034358,860856,4,NA,NA,523,0.523
1000,16,"DEF.stukel",13,21360719,0.00900640000008934,860856,4,NA,NA,485,0.485
1000,16,"DEF.stukel",14,21360720,0.0124563000001672,860856,3,NA,NA,495,0.495
1000,16,"DEF.stukel",15,21360721,0.0105060999999296,860856,4,NA,NA,526,0.526
1000,16,"DEF.stukel",16,21360722,0.00775060000023586,860856,4,NA,NA,518,0.518
1000,16,"DEF.stukel",17,21360723,0.0111698000002889,860856,4,NA,NA,508,0.508
1000,16,"DEF.stukel",18,21360724,0.0144390000000385,860856,4,NA,NA,508,0.508
1000,16,"DEF.stukel",19,21360725,0.00971840000011071,860856,4,NA,NA,506,0.506
1000,16,"DEF.stukel",20,21360726,0.00604600000019673,860856,3,NA,NA,505,0.505
1000,16,"DEF.stukel",21,21360727,0.00690210000016123,860856,4,NA,NA,483,0.483
1000,16,"DEF.stukel",22,21360728,0.0113583000002109,860856,3,NA,NA,489,0.489
1000,16,"DEF.stukel",23,21360729,0.0113637000001745,860856,4,NA,NA,511,0.511
1000,16,"DEF.stukel",24,21360730,0.00966379999999845,860856,4,NA,NA,504,0.504
1000,16,"DEF.stukel",25,21360731,0.00910160000012183,860856,4,NA,NA,544,0.544
1000,16,"DEF.stukel",26,21360732,0.00789780000013707,860856,4,NA,NA,523,0.523
1000,16,"DEF.stukel",27,21360733,0.0136751000002278,860856,4,NA,NA,494,0.494
1000,16,"DEF.stukel",28,21360734,0.0115577000001394,860856,4,NA,NA,500,0.5
1000,16,"DEF.stukel",29,21360735,0.0189321000000291,860856,4,NA,NA,528,0.528
1000,16,"DEF.stukel",30,21360736,0.00767360000008921,860856,3,NA,NA,496,0.496
1000,16,"EF",1,21360707,0.00214629999982208,353976,4,NA,NA,508,0.508
1000,16,"EF",2,21360708,0.00171210000007704,353976,4,NA,NA,499,0.499
1000,16,"EF",3,21360709,0.00269420000017817,353976,4,NA,NA,504,0.504
1000,16,"EF",4,21360710,0.00192820000006577,353976,4,NA,NA,555,0.555
1000,16,"EF",5,21360711,0.00178890000006504,353976,4,NA,NA,516,0.516
1000,16,"EF",6,21360712,0.00181090000023687,353976,4,NA,NA,478,0.478
1000,16,"EF",7,21360713,0.00445520000016586,353976,4,NA,NA,539,0.539
1000,16,"EF",8,21360714,0.00435140000013234,353976,4,NA,NA,513,0.513
1000,16,"EF",9,21360715,0.00590600000009545,353976,4,NA,NA,524,0.524
1000,16,"EF",10,21360716,0.00479100000029575,353976,4,NA,NA,495,0.495
1000,16,"EF",11,21360717,0.00224550000007184,353976,4,NA,NA,509,0.509
1000,16,"EF",12,21360718,0.00853760000018156,353976,4,NA,NA,523,0.523
1000,16,"EF",13,21360719,0.00455700000020443,353976,4,NA,NA,485,0.485
1000,16,"EF",14,21360720,0.00550680000014836,353976,3,NA,NA,495,0.495
1000,16,"EF",15,21360721,0.00512640000010833,353976,4,NA,NA,526,0.526
1000,16,"EF",16,21360722,0.00338990000000194,353976,4,NA,NA,518,0.518
1000,16,"EF",17,21360723,0.00751380000019708,353976,4,NA,NA,508,0.508
1000,16,"EF",18,21360724,0.00529790000018693,353976,4,NA,NA,508,0.508
1000,16,"EF",19,21360725,0.00478410000005169,353976,4,NA,NA,506,0.506
1000,16,"EF",20,21360726,0.00522900000032678,353976,3,NA,NA,505,0.505
1000,16,"EF",21,21360727,0.00243820000014239,353976,4,NA,NA,483,0.483
1000,16,"EF",22,21360728,0.00928660000022319,353976,3,NA,NA,489,0.489
1000,16,"EF",23,21360729,0.00664540000025227,353976,4,NA,NA,511,0.511
1000,16,"EF",24,21360730,0.00388580000026195,353976,4,NA,NA,504,0.504
1000,16,"EF",25,21360731,0.0041761000002225,353976,4,NA,NA,544,0.544
1000,16,"EF",26,21360732,0.00192990000005011,353976,4,NA,NA,523,0.523
1000,16,"EF",27,21360733,0.00621430000001055,353976,4,NA,NA,494,0.494
1000,16,"EF",28,21360734,0.00500460000012026,353976,4,NA,NA,500,0.5
1000,16,"EF",29,21360735,0.00731689999997798,353976,4,NA,NA,528,0.528
1000,16,"EF",30,21360736,0.00364520000016455,353976,3,NA,NA,496,0.496
1000,16,"HL",1,21360707,0.00244330000009541,305072,4,NA,NA,508,0.508
1000,16,"HL",2,21360708,0.00245600000016566,305072,4,NA,NA,499,0.499
1000,16,"HL",3,21360709,0.00250230000006013,305072,4,NA,NA,504,0.504
1000,16,"HL",4,21360710,0.00288550000027499,305072,4,NA,NA,555,0.555
1000,16,"HL",5,21360711,0.00249100000019098,305072,4,NA,NA,516,0.516
1000,16,"HL",6,21360712,0.00261020000016288,305072,4,NA,NA,478,0.478
1000,16,"HL",7,21360713,0.00648079999996298,305072,4,NA,NA,539,0.539
1000,16,"HL",8,21360714,0.00654250000025058,305072,4,NA,NA,513,0.513
1000,16,"HL",9,21360715,0.00497030000019549,305072,4,NA,NA,524,0.524
1000,16,"HL",10,21360716,0.00904820000027939,305072,4,NA,NA,495,0.495
1000,16,"HL",11,21360717,0.00290880000011384,305072,4,NA,NA,509,0.509
1000,16,"HL",12,21360718,0.00820520000024771,305072,4,NA,NA,523,0.523
1000,16,"HL",13,21360719,0.00500329999977112,305072,4,NA,NA,485,0.485
1000,16,"HL",14,21360720,0.00588590000006661,305072,3,NA,NA,495,0.495
1000,16,"HL",15,21360721,0.00819360000014058,305072,4,NA,NA,526,0.526
1000,16,"HL",16,21360722,0.00362950000021556,305072,4,NA,NA,518,0.518
1000,16,"HL",17,21360723,0.00552840000023025,305072,4,NA,NA,508,0.508
1000,16,"HL",18,21360724,0.00535450000006676,305072,4,NA,NA,508,0.508
1000,16,"HL",19,21360725,0.00545980000015334,305072,4,NA,NA,506,0.506
1000,16,"HL",20,21360726,0.00499690000015107,305072,3,NA,NA,505,0.505
1000,16,"HL",21,21360727,0.00342220000015914,305072,4,NA,NA,483,0.483
1000,16,"HL",22,21360728,0.00512200000025587,305072,3,NA,NA,489,0.489
1000,16,"HL",23,21360729,0.005730400000175,305072,4,NA,NA,511,0.511
1000,16,"HL",24,21360730,0.00555850000023383,305072,4,NA,NA,504,0.504
1000,16,"HL",25,21360731,0.00438050000025214,305072,4,NA,NA,544,0.544
1000,16,"HL",26,21360732,0.00456630000007863,305072,4,NA,NA,523,0.523
1000,16,"HL",27,21360733,0.018423200000143,305072,4,NA,NA,494,0.494
1000,16,"HL",28,21360734,0.00492160000021613,305072,4,NA,NA,500,0.5
1000,16,"HL",29,21360735,0.00617480000005344,305072,4,NA,NA,528,0.528
1000,16,"HL",30,21360736,0.003801600000088,305072,3,NA,NA,496,0.496
1000,16,"Pigeon-Heyse",1,21360707,0.00184860000013032,307136,4,NA,NA,508,0.508
1000,16,"Pigeon-Heyse",2,21360708,0.00192910000009761,307136,4,NA,NA,499,0.499
1000,16,"Pigeon-Heyse",3,21360709,0.00194639999995161,307136,4,NA,NA,504,0.504
1000,16,"Pigeon-Heyse",4,21360710,0.00187970000001769,307136,4,NA,NA,555,0.555
1000,16,"Pigeon-Heyse",5,21360711,0.00214960000016617,307136,4,NA,NA,516,0.516
1000,16,"Pigeon-Heyse",6,21360712,0.00176580000015747,307136,4,NA,NA,478,0.478
1000,16,"Pigeon-Heyse",7,21360713,0.00558369999998831,307136,4,NA,NA,539,0.539
1000,16,"Pigeon-Heyse",8,21360714,0.00591740000004393,307136,4,NA,NA,513,0.513
1000,16,"Pigeon-Heyse",9,21360715,0.00963150000006863,307136,4,NA,NA,524,0.524
1000,16,"Pigeon-Heyse",10,21360716,0.0304203000000598,307136,4,NA,NA,495,0.495
1000,16,"Pigeon-Heyse",11,21360717,0.00208380000003672,307136,4,NA,NA,509,0.509
1000,16,"Pigeon-Heyse",12,21360718,0.0041270000001532,307136,4,NA,NA,523,0.523
1000,16,"Pigeon-Heyse",13,21360719,0.00454640000020845,307136,4,NA,NA,485,0.485
1000,16,"Pigeon-Heyse",14,21360720,0.00421190000020033,307136,3,NA,NA,495,0.495
1000,16,"Pigeon-Heyse",15,21360721,0.00962700000013683,307136,4,NA,NA,526,0.526
1000,16,"Pigeon-Heyse",16,21360722,0.00313860000028399,307136,4,NA,NA,518,0.518
1000,16,"Pigeon-Heyse",17,21360723,0.00438420000023143,307136,4,NA,NA,508,0.508
1000,16,"Pigeon-Heyse",18,21360724,0.00446860000033666,307136,4,NA,NA,508,0.508
1000,16,"Pigeon-Heyse",19,21360725,0.00458490000028178,307136,4,NA,NA,506,0.506
1000,16,"Pigeon-Heyse",20,21360726,0.00851820000025327,307136,3,NA,NA,505,0.505
1000,16,"Pigeon-Heyse",21,21360727,0.00250620000019808,307136,4,NA,NA,483,0.483
1000,16,"Pigeon-Heyse",22,21360728,0.00774890000025152,307136,3,NA,NA,489,0.489
1000,16,"Pigeon-Heyse",23,21360729,0.0172579000002315,307136,4,NA,NA,511,0.511
1000,16,"Pigeon-Heyse",24,21360730,0.0128558000001249,307136,4,NA,NA,504,0.504
1000,16,"Pigeon-Heyse",25,21360731,0.00357669999993959,307136,4,NA,NA,544,0.544
1000,16,"Pigeon-Heyse",26,21360732,0.00187700000014956,307136,4,NA,NA,523,0.523
1000,16,"Pigeon-Heyse",27,21360733,0.00441330000012385,307136,4,NA,NA,494,0.494
1000,16,"Pigeon-Heyse",28,21360734,0.00571850000005725,307136,4,NA,NA,500,0.5
1000,16,"Pigeon-Heyse",29,21360735,0.00518970000007357,307136,4,NA,NA,528,0.528
1000,16,"Pigeon-Heyse",30,21360736,0.00344910000012533,307136,3,NA,NA,496,0.496
1000,16,"Osius-Rojek",1,21360707,0.00185010000018337,571760,4,NA,NA,508,0.508
1000,16,"Osius-Rojek",2,21360708,0.00174660000016047,571760,4,NA,NA,499,0.499
1000,16,"Osius-Rojek",3,21360709,0.00173070000005282,571760,4,NA,NA,504,0.504
1000,16,"Osius-Rojek",4,21360710,0.00164799999993193,571760,4,NA,NA,555,0.555
1000,16,"Osius-Rojek",5,21360711,0.00153630000022531,571760,4,NA,NA,516,0.516
1000,16,"Osius-Rojek",6,21360712,0.00152129999992212,571760,4,NA,NA,478,0.478
1000,16,"Osius-Rojek",7,21360713,0.00336720000018431,571760,4,NA,NA,539,0.539
1000,16,"Osius-Rojek",8,21360714,0.0036649999999554,571760,4,NA,NA,513,0.513
1000,16,"Osius-Rojek",9,21360715,0.0195627000000513,571760,4,NA,NA,524,0.524
1000,16,"Osius-Rojek",10,21360716,0.00537370000006376,571760,4,NA,NA,495,0.495
1000,16,"Osius-Rojek",11,21360717,0.00237320000019281,571760,4,NA,NA,509,0.509
1000,16,"Osius-Rojek",12,21360718,0.00359220000018468,571760,4,NA,NA,523,0.523
1000,16,"Osius-Rojek",13,21360719,0.00308700000027784,571760,4,NA,NA,485,0.485
1000,16,"Osius-Rojek",14,21360720,0.00411800000006224,571760,3,NA,NA,495,0.495
1000,16,"Osius-Rojek",15,21360721,0.00455590000001393,571760,4,NA,NA,526,0.526
1000,16,"Osius-Rojek",16,21360722,0.00164710000012747,571760,4,NA,NA,518,0.518
1000,16,"Osius-Rojek",17,21360723,0.0042223999998896,571760,4,NA,NA,508,0.508
1000,16,"Osius-Rojek",18,21360724,0.00459260000002359,571760,4,NA,NA,508,0.508
1000,16,"Osius-Rojek",19,21360725,0.0158244000001559,571760,4,NA,NA,506,0.506
1000,16,"Osius-Rojek",20,21360726,0.0120235000001685,571760,3,NA,NA,505,0.505
1000,16,"Osius-Rojek",21,21360727,0.00236900000004425,571760,4,NA,NA,483,0.483
1000,16,"Osius-Rojek",22,21360728,0.00397270000007666,571760,3,NA,NA,489,0.489
1000,16,"Osius-Rojek",23,21360729,0.00299290000020846,571760,4,NA,NA,511,0.511
1000,16,"Osius-Rojek",24,21360730,0.00384070000018255,571760,4,NA,NA,504,0.504
1000,16,"Osius-Rojek",25,21360731,0.00326010000026145,571760,4,NA,NA,544,0.544
1000,16,"Osius-Rojek",26,21360732,0.00214760000017122,571760,4,NA,NA,523,0.523
1000,16,"Osius-Rojek",27,21360733,0.00357420000023012,571760,4,NA,NA,494,0.494
1000,16,"Osius-Rojek",28,21360734,0.00436040000022331,571760,4,NA,NA,500,0.5
1000,16,"Osius-Rojek",29,21360735,0.0182562000002235,571760,4,NA,NA,528,0.528
1000,16,"Osius-Rojek",30,21360736,0.00204040000016903,571760,3,NA,NA,496,0.496
1000,16,"Stukel",1,21360707,0.00147500000025502,639960,4,5,1,508,0.508
1000,16,"Stukel",2,21360708,0.00182100000006358,639960,4,5,1,499,0.499
1000,16,"Stukel",3,21360709,0.00168940000003204,639960,4,5,1,504,0.504
1000,16,"Stukel",4,21360710,0.00176010000018323,639960,4,5,1,555,0.555
1000,16,"Stukel",5,21360711,0.0014101000001574,639960,4,5,1,516,0.516
1000,16,"Stukel",6,21360712,0.00149250000004031,639960,4,5,1,478,0.478
1000,16,"Stukel",7,21360713,0.00302830000009635,639960,4,5,1,539,0.539
1000,16,"Stukel",8,21360714,0.00374380000016572,639960,4,5,1,513,0.513
1000,16,"Stukel",9,21360715,0.0151066000003084,639960,4,5,1,524,0.524
1000,16,"Stukel",10,21360716,0.00328200000012657,639960,4,5,1,495,0.495
1000,16,"Stukel",11,21360717,0.00327910000009979,639960,4,5,1,509,0.509
1000,16,"Stukel",12,21360718,0.00399160000006304,639960,4,5,1,523,0.523
1000,16,"Stukel",13,21360719,0.0043382000001202,639960,4,5,1,485,0.485
1000,16,"Stukel",14,21360720,0.00655370000026778,639960,3,5,1,495,0.495
1000,16,"Stukel",15,21360721,0.00327740000011545,639960,4,5,1,526,0.526
1000,16,"Stukel",16,21360722,0.00181110000016815,639960,4,5,1,518,0.518
1000,16,"Stukel",17,21360723,0.00503109999999651,639960,4,5,1,508,0.508
1000,16,"Stukel",18,21360724,0.00363940000011098,639960,4,5,1,508,0.508
1000,16,"Stukel",19,21360725,0.00441960000011932,639960,4,5,1,506,0.506
1000,16,"Stukel",20,21360726,0.00328030000014223,639960,3,5,1,505,0.505
1000,16,"Stukel",21,21360727,0.00226650000013251,639960,4,5,1,483,0.483
1000,16,"Stukel",22,21360728,0.00907670000015059,639960,3,5,1,489,0.489
1000,16,"Stukel",23,21360729,0.00269860000025801,639960,4,5,1,511,0.511
1000,16,"Stukel",24,21360730,0.00505290000023706,639960,4,5,1,504,0.504
1000,16,"Stukel",25,21360731,0.00301220000005742,639960,4,5,1,544,0.544
1000,16,"Stukel",26,21360732,0.00221179999994092,639960,4,5,1,523,0.523
1000,16,"Stukel",27,21360733,0.00397380000003977,639960,4,5,1,494,0.494
1000,16,"Stukel",28,21360734,0.00319710000007944,639960,4,5,1,500,0.5
1000,16,"Stukel",29,21360735,0.00278460000026826,639960,4,5,1,528,0.528
1000,16,"Stukel",30,21360736,0.00440430000026026,639960,3,5,1,496,0.496
1000,16,"Tsiatis",1,21360707,0.00574670000014521,1529664,4,NA,NA,508,0.508
1000,16,"Tsiatis",2,21360708,0.00500420000003032,1529664,4,NA,NA,499,0.499
1000,16,"Tsiatis",3,21360709,0.00713880000012068,1529664,4,NA,NA,504,0.504
1000,16,"Tsiatis",4,21360710,0.00711040000010144,1529664,4,NA,NA,555,0.555
1000,16,"Tsiatis",5,21360711,0.00587919999998121,1529664,4,NA,NA,516,0.516
1000,16,"Tsiatis",6,21360712,0.00681540000005043,1529664,4,NA,NA,478,0.478
1000,16,"Tsiatis",7,21360713,0.0115175000000818,1529664,4,NA,NA,539,0.539
1000,16,"Tsiatis",8,21360714,0.0134436000000733,1529664,4,NA,NA,513,0.513
1000,16,"Tsiatis",9,21360715,0.011001300000089,1529664,4,NA,NA,524,0.524
1000,16,"Tsiatis",10,21360716,0.0163115000002563,1529664,4,NA,NA,495,0.495
1000,16,"Tsiatis",11,21360717,0.00630490000003192,1529664,4,NA,NA,509,0.509
1000,16,"Tsiatis",12,21360718,0.0135639000002357,1529664,4,NA,NA,523,0.523
1000,16,"Tsiatis",13,21360719,0.0207067000003462,1529664,4,NA,NA,485,0.485
1000,16,"Tsiatis",14,21360720,0.00898730000017167,1529664,3,NA,NA,495,0.495
1000,16,"Tsiatis",15,21360721,0.0237970000002861,1529664,4,NA,NA,526,0.526
1000,16,"Tsiatis",16,21360722,0.00691960000017389,1529664,4,NA,NA,518,0.518
1000,16,"Tsiatis",17,21360723,0.009235100000069,1529664,4,NA,NA,508,0.508
1000,16,"Tsiatis",18,21360724,0.011537200000248,1529664,4,NA,NA,508,0.508
1000,16,"Tsiatis",19,21360725,0.0100681999999779,1529664,4,NA,NA,506,0.506
1000,16,"Tsiatis",20,21360726,0.0118396000000303,1529664,3,NA,NA,505,0.505
1000,16,"Tsiatis",21,21360727,0.0073877000002085,1529664,4,NA,NA,483,0.483
1000,16,"Tsiatis",22,21360728,0.0102888999999777,1529664,3,NA,NA,489,0.489
1000,16,"Tsiatis",23,21360729,0.0110459000002265,1529664,4,NA,NA,511,0.511
1000,16,"Tsiatis",24,21360730,0.0120226000001367,1529664,4,NA,NA,504,0.504
1000,16,"Tsiatis",25,21360731,0.0130106000001433,1529664,4,NA,NA,544,0.544
1000,16,"Tsiatis",26,21360732,0.0137588000002324,1529664,4,NA,NA,523,0.523
1000,16,"Tsiatis",27,21360733,0.0109051000001728,1529664,4,NA,NA,494,0.494
1000,16,"Tsiatis",28,21360734,0.0114241000003403,1529664,4,NA,NA,500,0.5
1000,16,"Tsiatis",29,21360735,0.0180896000001667,1529664,4,NA,NA,528,0.528
1000,16,"Tsiatis",30,21360736,0.00910490000023856,1529664,3,NA,NA,496,0.496
1000,16,"Xie",1,21360707,0.120427600000085,5236064,4,NA,NA,508,0.508
1000,16,"Xie",2,21360708,0.10995620000017,5236056,4,NA,NA,499,0.499
1000,16,"Xie",3,21360709,0.112133600000107,5236056,4,NA,NA,504,0.504
1000,16,"Xie",4,21360710,0.109880800000155,5236056,4,NA,NA,555,0.555
1000,16,"Xie",5,21360711,0.113549700000249,5236056,4,NA,NA,516,0.516
1000,16,"Xie",6,21360712,0.107333100000233,5236040,4,NA,NA,478,0.478
1000,16,"Xie",7,21360713,0.155673500000148,5235864,4,NA,NA,539,0.539
1000,16,"Xie",8,21360714,0.149477899999965,5236048,4,NA,NA,513,0.513
1000,16,"Xie",9,21360715,0.146925000000238,5236040,4,NA,NA,524,0.524
1000,16,"Xie",10,21360716,0.16849520000028,5236048,4,NA,NA,495,0.495
1000,16,"Xie",11,21360717,0.115295300000298,5236040,4,NA,NA,509,0.509
1000,16,"Xie",12,21360718,0.149200300000075,5236048,4,NA,NA,523,0.523
1000,16,"Xie",13,21360719,0.174826800000346,5236048,4,NA,NA,485,0.485
1000,16,"Xie",14,21360720,0.162716199999977,5236056,3,NA,NA,495,0.495
1000,16,"Xie",15,21360721,0.164615100000219,5236048,4,NA,NA,526,0.526
1000,16,"Xie",16,21360722,0.114325900000267,5236048,4,NA,NA,518,0.518
1000,16,"Xie",17,21360723,0.169096300000092,5236048,4,NA,NA,508,0.508
1000,16,"Xie",18,21360724,0.197598800000151,5236056,4,NA,NA,508,0.508
1000,16,"Xie",19,21360725,0.166714100000263,5235888,4,NA,NA,506,0.506
1000,16,"Xie",20,21360726,0.147678600000063,5235864,3,NA,NA,505,0.505
1000,16,"Xie",21,21360727,0.131091900000229,5236056,4,NA,NA,483,0.483
1000,16,"Xie",22,21360728,0.147879599999897,5236048,3,NA,NA,489,0.489
1000,16,"Xie",23,21360729,0.161200200000167,5236048,4,NA,NA,511,0.511
1000,16,"Xie",24,21360730,0.150836100000333,5236056,4,NA,NA,504,0.504
1000,16,"Xie",25,21360731,0.172910700000102,5236040,4,NA,NA,544,0.544
1000,16,"Xie",26,21360732,0.126758400000199,5236048,4,NA,NA,523,0.523
1000,16,"Xie",27,21360733,0.13707740000018,5235864,4,NA,NA,494,0.494
1000,16,"Xie",28,21360734,0.148969000000079,5236056,4,NA,NA,500,0.5
1000,16,"Xie",29,21360735,0.169341700000132,5236056,4,NA,NA,528,0.528
1000,16,"Xie",30,21360736,0.117287500000202,5236056,3,NA,NA,496,0.496
1000,16,"Pulkstenis-Robinson",1,21360707,0.00325260000022354,732232,4,NA,NA,508,0.508
1000,16,"Pulkstenis-Robinson",2,21360708,0.00248990000022786,732232,4,NA,NA,499,0.499
1000,16,"Pulkstenis-Robinson",3,21360709,0.00261590000013712,732168,4,NA,NA,504,0.504
1000,16,"Pulkstenis-Robinson",4,21360710,0.00254760000007082,732168,4,NA,NA,555,0.555
1000,16,"Pulkstenis-Robinson",5,21360711,0.00260449999996126,732168,4,NA,NA,516,0.516
1000,16,"Pulkstenis-Robinson",6,21360712,0.00278900000012072,732232,4,NA,NA,478,0.478
1000,16,"Pulkstenis-Robinson",7,21360713,0.00539810000032048,732232,4,NA,NA,539,0.539
1000,16,"Pulkstenis-Robinson",8,21360714,0.0090999000001375,732232,4,NA,NA,513,0.513
1000,16,"Pulkstenis-Robinson",9,21360715,0.00454010000021299,732232,4,NA,NA,524,0.524
1000,16,"Pulkstenis-Robinson",10,21360716,0.00597809999999299,732168,4,NA,NA,495,0.495
1000,16,"Pulkstenis-Robinson",11,21360717,0.0042673000002651,732232,4,NA,NA,509,0.509
1000,16,"Pulkstenis-Robinson",12,21360718,0.00711500000011256,732232,4,NA,NA,523,0.523
1000,16,"Pulkstenis-Robinson",13,21360719,0.013535900000079,732232,4,NA,NA,485,0.485
1000,16,"Pulkstenis-Robinson",14,21360720,0.00447890000009465,732232,3,NA,NA,495,0.495
1000,16,"Pulkstenis-Robinson",15,21360721,0.00423540000019784,732232,4,NA,NA,526,0.526
1000,16,"Pulkstenis-Robinson",16,21360722,0.00289029999999002,732232,4,NA,NA,518,0.518
1000,16,"Pulkstenis-Robinson",17,21360723,0.00470850000010614,732232,4,NA,NA,508,0.508
1000,16,"Pulkstenis-Robinson",18,21360724,0.00556860000006054,732232,4,NA,NA,508,0.508
1000,16,"Pulkstenis-Robinson",19,21360725,0.00583860000006098,732232,4,NA,NA,506,0.506
1000,16,"Pulkstenis-Robinson",20,21360726,0.00439630000005309,732168,3,NA,NA,505,0.505
1000,16,"Pulkstenis-Robinson",21,21360727,0.00263160000031348,732232,4,NA,NA,483,0.483
1000,16,"Pulkstenis-Robinson",22,21360728,0.00661440000021685,732232,3,NA,NA,489,0.489
1000,16,"Pulkstenis-Robinson",23,21360729,0.00369180000006963,732232,4,NA,NA,511,0.511
1000,16,"Pulkstenis-Robinson",24,21360730,0.00645890000009786,732232,4,NA,NA,504,0.504
1000,16,"Pulkstenis-Robinson",25,21360731,0.00467190000017581,732232,4,NA,NA,544,0.544
1000,16,"Pulkstenis-Robinson",26,21360732,0.00260190000017246,732232,4,NA,NA,523,0.523
1000,16,"Pulkstenis-Robinson",27,21360733,0.00431170000001657,732232,4,NA,NA,494,0.494
1000,16,"Pulkstenis-Robinson",28,21360734,0.00601230000006581,732232,4,NA,NA,500,0.5
1000,16,"Pulkstenis-Robinson",29,21360735,0.00442050000015115,732232,4,NA,NA,528,0.528
1000,16,"Pulkstenis-Robinson",30,21360736,0.0136864000000969,732232,3,NA,NA,496,0.496
1000,16,"le-Cessie",1,21360707,1.9886168999999,232188168,4,NA,NA,508,0.508
1000,16,"le-Cessie",2,21360708,1.37679590000016,232188168,4,NA,NA,499,0.499
1000,16,"le-Cessie",3,21360709,2.14259230000016,232188168,4,NA,NA,504,0.504
1000,16,"le-Cessie",4,21360710,2.2236577000001,232188168,4,NA,NA,555,0.555
1000,16,"le-Cessie",5,21360711,1.90540880000026,232188168,4,NA,NA,516,0.516
1000,16,"glm_fit",1,21360707,0.00464590000001408,3303472,4,NA,NA,508,0.508
1000,16,"glm_fit",2,21360708,0.00483330000020032,3303472,4,NA,NA,499,0.499
1000,16,"glm_fit",3,21360709,0.00569910000012896,3303472,4,NA,NA,504,0.504
1000,16,"glm_fit",4,21360710,0.00532140000018444,3303472,4,NA,NA,555,0.555
1000,16,"glm_fit",5,21360711,0.00603500000011081,3303472,4,NA,NA,516,0.516
1000,16,"glm_fit",6,21360712,0.0050439000001461,3303472,4,NA,NA,478,0.478
1000,16,"glm_fit",7,21360713,0.00817860000006476,3303472,4,NA,NA,539,0.539
1000,16,"glm_fit",8,21360714,0.00874459999999999,3303472,4,NA,NA,513,0.513
1000,16,"glm_fit",9,21360715,0.00715690000015456,3303472,4,NA,NA,524,0.524
1000,16,"glm_fit",10,21360716,0.00615840000023127,3303472,4,NA,NA,495,0.495
1000,16,"glm_fit",11,21360717,0.00927100000012615,3303472,4,NA,NA,509,0.509
1000,16,"glm_fit",12,21360718,0.0100162000001092,3303472,4,NA,NA,523,0.523
1000,16,"glm_fit",13,21360719,0.00655779999988226,3303472,4,NA,NA,485,0.485
1000,16,"glm_fit",14,21360720,0.00862430000006498,2736256,3,NA,NA,495,0.495
1000,16,"glm_fit",15,21360721,0.00806050000005598,3303472,4,NA,NA,526,0.526
1000,16,"glm_fit",16,21360722,0.00859530000002451,3303472,4,NA,NA,518,0.518
1000,16,"glm_fit",17,21360723,0.00919680000015433,3303472,4,NA,NA,508,0.508
1000,16,"glm_fit",18,21360724,0.00929580000024544,3303472,4,NA,NA,508,0.508
1000,16,"glm_fit",19,21360725,0.00897910000026059,3303472,4,NA,NA,506,0.506
1000,16,"glm_fit",20,21360726,0.00791360000016539,2736256,3,NA,NA,505,0.505
1000,16,"glm_fit",21,21360727,0.00518179999994572,3303472,4,NA,NA,483,0.483
1000,16,"glm_fit",22,21360728,0.00583250000022417,2736256,3,NA,NA,489,0.489
1000,16,"glm_fit",23,21360729,0.00916570000003958,3303472,4,NA,NA,511,0.511
1000,16,"glm_fit",24,21360730,0.00922750000017913,3303472,4,NA,NA,504,0.504
1000,16,"glm_fit",25,21360731,0.00869379999994635,3303472,4,NA,NA,544,0.544
1000,16,"glm_fit",26,21360732,0.00714850000008482,3303472,4,NA,NA,523,0.523
1000,16,"glm_fit",27,21360733,0.00971290000029512,3303472,4,NA,NA,494,0.494
1000,16,"glm_fit",28,21360734,0.00897320000012769,3303472,4,NA,NA,500,0.5
1000,16,"glm_fit",29,21360735,0.00672680000002401,3303472,4,NA,NA,528,0.528
1000,16,"glm_fit",30,21360736,0.0057821000000331,2736256,3,NA,NA,496,0.496
1000,32,"DEF.poly3",1,21460707,0.0286762000000635,1431448,4,NA,NA,517,0.517
1000,32,"DEF.poly3",2,21460708,0.014008700000204,1431448,4,NA,NA,517,0.517
1000,32,"DEF.poly3",3,21460709,0.00656650000018999,1431448,4,NA,NA,526,0.526
1000,32,"DEF.poly3",4,21460710,0.0061878000001343,1431448,4,NA,NA,544,0.544
1000,32,"DEF.poly3",5,21460711,0.0222843000001376,1431472,4,NA,NA,505,0.505
1000,32,"DEF.poly3",6,21460712,0.00656480000020565,1431448,4,NA,NA,499,0.499
1000,32,"DEF.poly3",7,21460713,0.0132895000001554,1431448,4,NA,NA,528,0.528
1000,32,"DEF.poly3",8,21460714,0.0110369000001356,1431448,4,NA,NA,511,0.511
1000,32,"DEF.poly3",9,21460715,0.0217065000001639,1431448,4,NA,NA,562,0.562
1000,32,"DEF.poly3",10,21460716,0.0100959000001239,1431448,4,NA,NA,493,0.493
1000,32,"DEF.poly3",11,21460717,0.00945700000033867,1431448,4,NA,NA,517,0.517
1000,32,"DEF.poly3",12,21460718,0.0117884000001141,1431448,4,NA,NA,522,0.522
1000,32,"DEF.poly3",13,21460719,0.0164074000001619,1431448,4,NA,NA,509,0.509
1000,32,"DEF.poly3",14,21460720,0.0107301000000461,1431448,4,NA,NA,481,0.481
1000,32,"DEF.poly3",15,21460721,0.0113919000000351,1431448,4,NA,NA,500,0.5
1000,32,"DEF.poly3",16,21460722,0.00840830000015558,1431448,4,NA,NA,477,0.477
1000,32,"DEF.poly3",17,21460723,0.0119881000000532,1431448,4,NA,NA,531,0.531
1000,32,"DEF.poly3",18,21460724,0.0131216000002041,1431448,4,NA,NA,506,0.506
1000,32,"DEF.poly3",19,21460725,0.0237579000001915,1431448,4,NA,NA,505,0.505
1000,32,"DEF.poly3",20,21460726,0.011629700000185,1431448,4,NA,NA,505,0.505
1000,32,"DEF.poly3",21,21460727,0.00924310000027617,1431448,4,NA,NA,494,0.494
1000,32,"DEF.poly3",22,21460728,0.0170986000002813,1431448,4,NA,NA,512,0.512
1000,32,"DEF.poly3",23,21460729,0.0122205000002396,1431448,4,NA,NA,500,0.5
1000,32,"DEF.poly3",24,21460730,0.0108328000001165,1431448,4,NA,NA,543,0.543
1000,32,"DEF.poly3",25,21460731,0.0108425000000807,1431448,3,NA,NA,526,0.526
1000,32,"DEF.poly3",26,21460732,0.00745190000020557,1431448,4,NA,NA,524,0.524
1000,32,"DEF.poly3",27,21460733,0.0109508000002734,1431472,4,NA,NA,502,0.502
1000,32,"DEF.poly3",28,21460734,0.0195410000001175,1431448,4,NA,NA,471,0.471
1000,32,"DEF.poly3",29,21460735,0.0102833000000828,1431448,4,NA,NA,518,0.518
1000,32,"DEF.poly3",30,21460736,0.00994870000022274,1431448,4,NA,NA,502,0.502
1000,32,"DEF.stukel",1,21460707,0.00644000000011147,1424544,4,NA,NA,517,0.517
1000,32,"DEF.stukel",2,21460708,0.00539680000019871,1424544,4,NA,NA,517,0.517
1000,32,"DEF.stukel",3,21460709,0.00719360000016422,1424544,4,NA,NA,526,0.526
1000,32,"DEF.stukel",4,21460710,0.00717699999995602,1424544,4,NA,NA,544,0.544
1000,32,"DEF.stukel",5,21460711,0.00645850000023529,1424544,4,NA,NA,505,0.505
1000,32,"DEF.stukel",6,21460712,0.0062124000003223,1424544,4,NA,NA,499,0.499
1000,32,"DEF.stukel",7,21460713,0.0115718000001834,1424544,4,NA,NA,528,0.528
1000,32,"DEF.stukel",8,21460714,0.0115026000000853,1424544,4,NA,NA,511,0.511
1000,32,"DEF.stukel",9,21460715,0.0112969000001613,1424544,4,NA,NA,562,0.562
1000,32,"DEF.stukel",10,21460716,0.00952890000007756,1424544,4,NA,NA,493,0.493
1000,32,"DEF.stukel",11,21460717,0.00615780000021005,1424544,4,NA,NA,517,0.517
1000,32,"DEF.stukel",12,21460718,0.0133553000000575,1424544,4,NA,NA,522,0.522
1000,32,"DEF.stukel",13,21460719,0.0143019000001914,1424544,4,NA,NA,509,0.509
1000,32,"DEF.stukel",14,21460720,0.0135840000000371,1424544,4,NA,NA,481,0.481
1000,32,"DEF.stukel",15,21460721,0.0163085000001502,1424544,4,NA,NA,500,0.5
1000,32,"DEF.stukel",16,21460722,0.00910680000015418,1424544,4,NA,NA,477,0.477
1000,32,"DEF.stukel",17,21460723,0.0131365000002006,1424544,4,NA,NA,531,0.531
1000,32,"DEF.stukel",18,21460724,0.0231228000002375,1424544,4,NA,NA,506,0.506
1000,32,"DEF.stukel",19,21460725,0.00984110000013061,1424544,4,NA,NA,505,0.505
1000,32,"DEF.stukel",20,21460726,0.0124096000001828,1424544,4,NA,NA,505,0.505
1000,32,"DEF.stukel",21,21460727,0.00982060000001184,1424544,4,NA,NA,494,0.494
1000,32,"DEF.stukel",22,21460728,0.0235428000000866,1424544,4,NA,NA,512,0.512
1000,32,"DEF.stukel",23,21460729,0.0125469000001885,1424544,4,NA,NA,500,0.5
1000,32,"DEF.stukel",24,21460730,0.0130850000000464,1424544,4,NA,NA,543,0.543
1000,32,"DEF.stukel",25,21460731,0.00977560000001176,1424544,3,NA,NA,526,0.526
1000,32,"DEF.stukel",26,21460732,0.00751280000031329,1424544,4,NA,NA,524,0.524
1000,32,"DEF.stukel",27,21460733,0.0130169000001388,1424544,4,NA,NA,502,0.502
1000,32,"DEF.stukel",28,21460734,0.0110844999999244,1424544,4,NA,NA,471,0.471
1000,32,"DEF.stukel",29,21460735,0.0166552000000593,1424544,4,NA,NA,518,0.518
1000,32,"DEF.stukel",30,21460736,0.00798300000019481,1424544,4,NA,NA,502,0.502
1000,32,"EF",1,21460707,0.00230189999979302,489432,4,NA,NA,517,0.517
1000,32,"EF",2,21460708,0.00200900000027104,489432,4,NA,NA,517,0.517
1000,32,"EF",3,21460709,0.00244240000006357,489432,4,NA,NA,526,0.526
1000,32,"EF",4,21460710,0.00221700000020064,489432,4,NA,NA,544,0.544
1000,32,"EF",5,21460711,0.00241909999999734,489432,4,NA,NA,505,0.505
1000,32,"EF",6,21460712,0.00302130000022771,489432,4,NA,NA,499,0.499
1000,32,"EF",7,21460713,0.00364890000014384,489432,4,NA,NA,528,0.528
1000,32,"EF",8,21460714,0.00490980000017771,489432,4,NA,NA,511,0.511
1000,32,"EF",9,21460715,0.00513990000013109,489432,4,NA,NA,562,0.562
1000,32,"EF",10,21460716,0.00426590000006399,489432,4,NA,NA,493,0.493
1000,32,"EF",11,21460717,0.00289710000015475,489432,4,NA,NA,517,0.517
1000,32,"EF",12,21460718,0.00434380000001511,489432,4,NA,NA,522,0.522
1000,32,"EF",13,21460719,0.00484280000023318,489432,4,NA,NA,509,0.509
1000,32,"EF",14,21460720,0.0153985999997985,489432,4,NA,NA,481,0.481
1000,32,"EF",15,21460721,0.00914950000014869,489432,4,NA,NA,500,0.5
1000,32,"EF",16,21460722,0.00262630000020181,489432,4,NA,NA,477,0.477
1000,32,"EF",17,21460723,0.00460430000021006,489432,4,NA,NA,531,0.531
1000,32,"EF",18,21460724,0.00744850000023689,489432,4,NA,NA,506,0.506
1000,32,"EF",19,21460725,0.00603780000005827,489432,4,NA,NA,505,0.505
1000,32,"EF",20,21460726,0.00677390000009837,489432,4,NA,NA,505,0.505
1000,32,"EF",21,21460727,0.00289450000013858,489432,4,NA,NA,494,0.494
1000,32,"EF",22,21460728,0.00519080000026406,489432,4,NA,NA,512,0.512
1000,32,"EF",23,21460729,0.00566460000004554,489432,4,NA,NA,500,0.5
1000,32,"EF",24,21460730,0.00655119999987619,489432,4,NA,NA,543,0.543
1000,32,"EF",25,21460731,0.00417330000004767,489432,3,NA,NA,526,0.526
1000,32,"EF",26,21460732,0.00324620000014875,489432,4,NA,NA,524,0.524
1000,32,"EF",27,21460733,0.00576430000000983,489432,4,NA,NA,502,0.502
1000,32,"EF",28,21460734,0.00530150000031426,489432,4,NA,NA,471,0.471
1000,32,"EF",29,21460735,0.0065660000002481,489432,4,NA,NA,518,0.518
1000,32,"EF",30,21460736,0.00377570000023297,489432,4,NA,NA,502,0.502
1000,32,"HL",1,21460707,0.00274530000024242,440528,4,NA,NA,517,0.517
1000,32,"HL",2,21460708,0.00286220000020876,440528,4,NA,NA,517,0.517
1000,32,"HL",3,21460709,0.00277220000020861,440528,4,NA,NA,526,0.526
1000,32,"HL",4,21460710,0.0029111000001194,440528,4,NA,NA,544,0.544
1000,32,"HL",5,21460711,0.00281270000027689,440528,4,NA,NA,505,0.505
1000,32,"HL",6,21460712,0.00367300000016257,440528,4,NA,NA,499,0.499
1000,32,"HL",7,21460713,0.00434070000005704,440528,4,NA,NA,528,0.528
1000,32,"HL",8,21460714,0.00525000000016007,440528,4,NA,NA,511,0.511
1000,32,"HL",9,21460715,0.0074832000002516,440528,4,NA,NA,562,0.562
1000,32,"HL",10,21460716,0.00912940000011986,440528,4,NA,NA,493,0.493
1000,32,"HL",11,21460717,0.00458190000017566,440528,4,NA,NA,517,0.517
1000,32,"HL",12,21460718,0.00509230000034222,440528,4,NA,NA,522,0.522
1000,32,"HL",13,21460719,0.00653230000011717,440528,4,NA,NA,509,0.509
1000,32,"HL",14,21460720,0.00619350000010854,440528,4,NA,NA,481,0.481
1000,32,"HL",15,21460721,0.0095883000003596,440528,4,NA,NA,500,0.5
1000,32,"HL",16,21460722,0.00363350000020546,440528,4,NA,NA,477,0.477
1000,32,"HL",17,21460723,0.00573660000009113,440528,4,NA,NA,531,0.531
1000,32,"HL",18,21460724,0.0075349000001097,440528,4,NA,NA,506,0.506
1000,32,"HL",19,21460725,0.00637050000023009,440528,4,NA,NA,505,0.505
1000,32,"HL",20,21460726,0.00832100000002356,440528,4,NA,NA,505,0.505
1000,32,"HL",21,21460727,0.00374010000018643,440528,4,NA,NA,494,0.494
1000,32,"HL",22,21460728,0.00707720000013978,440528,4,NA,NA,512,0.512
1000,32,"HL",23,21460729,0.00697409999997944,440528,4,NA,NA,500,0.5
1000,32,"HL",24,21460730,0.00597719999996116,440528,4,NA,NA,543,0.543
1000,32,"HL",25,21460731,0.00534300000003896,440528,3,NA,NA,526,0.526
1000,32,"HL",26,21460732,0.00568780000025981,440528,4,NA,NA,524,0.524
1000,32,"HL",27,21460733,0.00634550000017953,440528,4,NA,NA,502,0.502
1000,32,"HL",28,21460734,0.00528860000008535,440528,4,NA,NA,471,0.471
1000,32,"HL",29,21460735,0.00554310000006808,440528,4,NA,NA,518,0.518
1000,32,"HL",30,21460736,0.00323690000027455,440528,4,NA,NA,502,0.502
1000,32,"Pigeon-Heyse",1,21460707,0.00215660000003481,442592,4,NA,NA,517,0.517
1000,32,"Pigeon-Heyse",2,21460708,0.00230920000012702,442592,4,NA,NA,517,0.517
1000,32,"Pigeon-Heyse",3,21460709,0.0020879999999579,442592,4,NA,NA,526,0.526
1000,32,"Pigeon-Heyse",4,21460710,0.00210210000000188,442592,4,NA,NA,544,0.544
1000,32,"Pigeon-Heyse",5,21460711,0.00278820000016822,442592,4,NA,NA,505,0.505
1000,32,"Pigeon-Heyse",6,21460712,0.00246650000008231,442592,4,NA,NA,499,0.499
1000,32,"Pigeon-Heyse",7,21460713,0.00486800000021503,442592,4,NA,NA,528,0.528
1000,32,"Pigeon-Heyse",8,21460714,0.00650940000014089,442592,4,NA,NA,511,0.511
1000,32,"Pigeon-Heyse",9,21460715,0.00633460000017294,442592,4,NA,NA,562,0.562
1000,32,"Pigeon-Heyse",10,21460716,0.0103808000001209,442592,4,NA,NA,493,0.493
1000,32,"Pigeon-Heyse",11,21460717,0.0025849000001017,442592,4,NA,NA,517,0.517
1000,32,"Pigeon-Heyse",12,21460718,0.00529520000009143,442592,4,NA,NA,522,0.522
1000,32,"Pigeon-Heyse",13,21460719,0.00818970000023,442592,4,NA,NA,509,0.509
1000,32,"Pigeon-Heyse",14,21460720,0.00566790000016226,442592,4,NA,NA,481,0.481
1000,32,"Pigeon-Heyse",15,21460721,0.00498110000012275,442592,4,NA,NA,500,0.5
1000,32,"Pigeon-Heyse",16,21460722,0.00416710000035891,442592,4,NA,NA,477,0.477
1000,32,"Pigeon-Heyse",17,21460723,0.00800360000016553,442592,4,NA,NA,531,0.531
1000,32,"Pigeon-Heyse",18,21460724,0.00576169999999365,442592,4,NA,NA,506,0.506
1000,32,"Pigeon-Heyse",19,21460725,0.00572899999974652,442592,4,NA,NA,505,0.505
1000,32,"Pigeon-Heyse",20,21460726,0.00698170000009668,442592,4,NA,NA,505,0.505
1000,32,"Pigeon-Heyse",21,21460727,0.00374530000021878,442592,4,NA,NA,494,0.494
1000,32,"Pigeon-Heyse",22,21460728,0.00478450000014163,442592,4,NA,NA,512,0.512
1000,32,"Pigeon-Heyse",23,21460729,0.00538940000001276,442592,4,NA,NA,500,0.5
1000,32,"Pigeon-Heyse",24,21460730,0.0179426000001968,442592,4,NA,NA,543,0.543
1000,32,"Pigeon-Heyse",25,21460731,0.0076050000000123,442592,3,NA,NA,526,0.526
1000,32,"Pigeon-Heyse",26,21460732,0.00379890000021987,442592,4,NA,NA,524,0.524
1000,32,"Pigeon-Heyse",27,21460733,0.00488800000016454,442592,4,NA,NA,502,0.502
1000,32,"Pigeon-Heyse",28,21460734,0.00500920000013139,442592,4,NA,NA,471,0.471
1000,32,"Pigeon-Heyse",29,21460735,0.00576840000030643,442592,4,NA,NA,518,0.518
1000,32,"Pigeon-Heyse",30,21460736,0.00464540000029956,442592,4,NA,NA,502,0.502
1000,32,"Osius-Rojek",1,21460707,0.00283030000014151,964560,4,NA,NA,517,0.517
1000,32,"Osius-Rojek",2,21460708,0.00234870000008414,964560,4,NA,NA,517,0.517
1000,32,"Osius-Rojek",3,21460709,0.00287290000005669,964560,4,NA,NA,526,0.526
1000,32,"Osius-Rojek",4,21460710,0.00270860000023276,964560,4,NA,NA,544,0.544
1000,32,"Osius-Rojek",5,21460711,0.0023737000001347,964560,4,NA,NA,505,0.505
1000,32,"Osius-Rojek",6,21460712,0.00238030000014078,964560,4,NA,NA,499,0.499
1000,32,"Osius-Rojek",7,21460713,0.00539090000029319,964560,4,NA,NA,528,0.528
1000,32,"Osius-Rojek",8,21460714,0.00705200000015793,964560,4,NA,NA,511,0.511
1000,32,"Osius-Rojek",9,21460715,0.00622320000024956,964560,4,NA,NA,562,0.562
1000,32,"Osius-Rojek",10,21460716,0.00670420000028571,964560,4,NA,NA,493,0.493
1000,32,"Osius-Rojek",11,21460717,0.00269460000004074,964560,4,NA,NA,517,0.517
1000,32,"Osius-Rojek",12,21460718,0.00465670000016871,964560,4,NA,NA,522,0.522
1000,32,"Osius-Rojek",13,21460719,0.00533540000014909,964560,4,NA,NA,509,0.509
1000,32,"Osius-Rojek",14,21460720,0.00551690000020244,964560,4,NA,NA,481,0.481
1000,32,"Osius-Rojek",15,21460721,0.0083705000001828,964560,4,NA,NA,500,0.5
1000,32,"Osius-Rojek",16,21460722,0.00493619999997463,964560,4,NA,NA,477,0.477
1000,32,"Osius-Rojek",17,21460723,0.00541100000009465,964560,4,NA,NA,531,0.531
1000,32,"Osius-Rojek",18,21460724,0.0076648000001569,964560,4,NA,NA,506,0.506
1000,32,"Osius-Rojek",19,21460725,0.00551549999977397,964560,4,NA,NA,505,0.505
1000,32,"Osius-Rojek",20,21460726,0.00750530000004801,964560,4,NA,NA,505,0.505
1000,32,"Osius-Rojek",21,21460727,0.00314909999997326,964560,4,NA,NA,494,0.494
1000,32,"Osius-Rojek",22,21460728,0.00713910000013129,964560,4,NA,NA,512,0.512
1000,32,"Osius-Rojek",23,21460729,0.00835570000026564,964560,4,NA,NA,500,0.5
1000,32,"Osius-Rojek",24,21460730,0.00604610000004868,964560,4,NA,NA,543,0.543
1000,32,"Osius-Rojek",25,21460731,0.00549430000000939,964560,3,NA,NA,526,0.526
1000,32,"Osius-Rojek",26,21460732,0.00378410000007534,964560,4,NA,NA,524,0.524
1000,32,"Osius-Rojek",27,21460733,0.0060646000001725,964560,4,NA,NA,502,0.502
1000,32,"Osius-Rojek",28,21460734,0.00520870000013929,964560,4,NA,NA,471,0.471
1000,32,"Osius-Rojek",29,21460735,0.00516570000013417,964560,4,NA,NA,518,0.518
1000,32,"Osius-Rojek",30,21460736,0.00314059999982419,964560,4,NA,NA,502,0.502
1000,32,"Stukel",1,21460707,0.00206010000010792,1032328,4,4,1,517,0.517
1000,32,"Stukel",2,21460708,0.00188170000001264,1032328,4,4,1,517,0.517
1000,32,"Stukel",3,21460709,0.00193420000005062,1032328,4,4,1,526,0.526
1000,32,"Stukel",4,21460710,0.0019091000001481,1032328,4,4,1,544,0.544
1000,32,"Stukel",5,21460711,0.00278419999995094,1032328,4,4,1,505,0.505
1000,32,"Stukel",6,21460712,0.00542080000013812,1032328,4,4,1,499,0.499
1000,32,"Stukel",7,21460713,0.00446470000019872,1032328,4,4,1,528,0.528
1000,32,"Stukel",8,21460714,0.00684719999981098,1032328,4,4,1,511,0.511
1000,32,"Stukel",9,21460715,0.0141625999999633,1032328,4,4,1,562,0.562
1000,32,"Stukel",10,21460716,0.00635590000024422,1032328,4,4,1,493,0.493
1000,32,"Stukel",11,21460717,0.00240240000016456,1032328,4,4,1,517,0.517
1000,32,"Stukel",12,21460718,0.00450220000016088,1032328,4,4,1,522,0.522
1000,32,"Stukel",13,21460719,0.00787940000009257,1032328,4,4,1,509,0.509
1000,32,"Stukel",14,21460720,0.00536430000011023,1032328,4,4,1,481,0.481
1000,32,"Stukel",15,21460721,0.00535700000000361,1032328,4,4,1,500,0.5
1000,32,"Stukel",16,21460722,0.00191270000004806,1032328,4,4,1,477,0.477
1000,32,"Stukel",17,21460723,0.00541549999979907,1032328,4,4,1,531,0.531
1000,32,"Stukel",18,21460724,0.00752340000030927,1032328,4,4,1,506,0.506
1000,32,"Stukel",19,21460725,0.00562350000018341,1032328,4,4,1,505,0.505
1000,32,"Stukel",20,21460726,0.00528699999995297,1032328,4,4,1,505,0.505
1000,32,"Stukel",21,21460727,0.00246550000019852,1032328,4,4,1,494,0.494
1000,32,"Stukel",22,21460728,0.00523680000014792,1032328,4,4,1,512,0.512
1000,32,"Stukel",23,21460729,0.00446269999997639,1032328,4,4,1,500,0.5
1000,32,"Stukel",24,21460730,0.00441020000016579,1032328,4,4,1,543,0.543
1000,32,"Stukel",25,21460731,0.00510530000019571,1032328,3,4,1,526,0.526
1000,32,"Stukel",26,21460732,0.00457040000014786,1032328,4,4,1,524,0.524
1000,32,"Stukel",27,21460733,0.00528760000020156,1032328,4,4,1,502,0.502
1000,32,"Stukel",28,21460734,0.00784530000009909,1032328,4,4,1,471,0.471
1000,32,"Stukel",29,21460735,0.00512270000035642,1032328,4,4,1,518,0.518
1000,32,"Stukel",30,21460736,0.00267760000019734,1032328,4,4,1,502,0.502
1000,32,"Tsiatis",1,21460707,0.0106797000003098,2537016,4,NA,NA,517,0.517
1000,32,"Tsiatis",2,21460708,0.011887999999999,2537016,4,NA,NA,517,0.517
1000,32,"Tsiatis",3,21460709,0.00892830000020695,2537016,4,NA,NA,526,0.526
1000,32,"Tsiatis",4,21460710,0.00936320000005253,2537016,4,NA,NA,544,0.544
1000,32,"Tsiatis",5,21460711,0.0103593000001183,2537016,4,NA,NA,505,0.505
1000,32,"Tsiatis",6,21460712,0.00881480000020929,2537016,4,NA,NA,499,0.499
1000,32,"Tsiatis",7,21460713,0.0324302000001353,2537016,4,NA,NA,528,0.528
1000,32,"Tsiatis",8,21460714,0.0157514999998511,2537016,4,NA,NA,511,0.511
1000,32,"Tsiatis",9,21460715,0.0195095000001402,2537016,4,NA,NA,562,0.562
1000,32,"Tsiatis",10,21460716,0.0182360000001154,2537016,4,NA,NA,493,0.493
1000,32,"Tsiatis",11,21460717,0.015258600000152,2537016,4,NA,NA,517,0.517
1000,32,"Tsiatis",12,21460718,0.0151956000001974,2537016,4,NA,NA,522,0.522
1000,32,"Tsiatis",13,21460719,0.016572700000097,2537016,4,NA,NA,509,0.509
1000,32,"Tsiatis",14,21460720,0.0186125000002448,2537016,4,NA,NA,481,0.481
1000,32,"Tsiatis",15,21460721,0.0203549000000294,2537016,4,NA,NA,500,0.5
1000,32,"Tsiatis",16,21460722,0.0100402000002759,2537016,4,NA,NA,477,0.477
1000,32,"Tsiatis",17,21460723,0.0164983000001939,2537016,4,NA,NA,531,0.531
1000,32,"Tsiatis",18,21460724,0.0161998000000949,2537016,4,NA,NA,506,0.506
1000,32,"Tsiatis",19,21460725,0.0145475000001625,2537016,4,NA,NA,505,0.505
1000,32,"Tsiatis",20,21460726,0.023366100000203,2537016,4,NA,NA,505,0.505
1000,32,"Tsiatis",21,21460727,0.0185628000001543,2537016,4,NA,NA,494,0.494
1000,32,"Tsiatis",22,21460728,0.0154844000001049,2537016,4,NA,NA,512,0.512
1000,32,"Tsiatis",23,21460729,0.0118930000001001,2537016,4,NA,NA,500,0.5
1000,32,"Tsiatis",24,21460730,0.0253767000001517,2537016,4,NA,NA,543,0.543
1000,32,"Tsiatis",25,21460731,0.0170210000001134,2537016,3,NA,NA,526,0.526
1000,32,"Tsiatis",26,21460732,0.0117612000001373,2537016,4,NA,NA,524,0.524
1000,32,"Tsiatis",27,21460733,0.0148627999999462,2537016,4,NA,NA,502,0.502
1000,32,"Tsiatis",28,21460734,0.030790799999977,2537016,4,NA,NA,471,0.471
1000,32,"Tsiatis",29,21460735,0.0141924000001836,2537016,4,NA,NA,518,0.518
1000,32,"Tsiatis",30,21460736,0.0139572000002772,2537016,4,NA,NA,502,0.502
1000,32,"Xie",1,21460707,0.268314200000077,10472712,4,NA,NA,517,0.517
1000,32,"Xie",2,21460708,0.291285900000048,10472944,4,NA,NA,517,0.517
1000,32,"Xie",3,21460709,0.263005299999804,10473088,4,NA,NA,526,0.526
1000,32,"Xie",4,21460710,0.284210700000131,10472344,4,NA,NA,544,0.544
1000,32,"Xie",5,21460711,0.276747800000066,10472880,4,NA,NA,505,0.505
1000,32,"Xie",6,21460712,0.267239200000176,10472704,4,NA,NA,499,0.499
1000,32,"Xie",7,21460713,0.375537100000201,10472216,4,NA,NA,528,0.528
1000,32,"Xie",8,21460714,0.404908000000205,10472728,4,NA,NA,511,0.511
1000,32,"Xie",9,21460715,0.40365850000012,10472920,4,NA,NA,562,0.562
1000,32,"Xie",10,21460716,0.415512300000046,10472720,4,NA,NA,493,0.493
1000,32,"Xie",11,21460717,0.281562000000122,10472256,4,NA,NA,517,0.517
1000,32,"Xie",12,21460718,0.385479200000191,10472952,4,NA,NA,522,0.522
1000,32,"Xie",13,21460719,0.404565200000206,10472720,4,NA,NA,509,0.509
1000,32,"Xie",14,21460720,0.373642100000097,10472376,4,NA,NA,481,0.481
1000,32,"Xie",15,21460721,0.394643400000177,10472224,4,NA,NA,500,0.5
1000,32,"Xie",16,21460722,0.2834098000003,10472960,4,NA,NA,477,0.477
1000,32,"Xie",17,21460723,0.393126500000108,10473504,4,NA,NA,531,0.531
1000,32,"Xie",18,21460724,0.423585700000103,10472712,4,NA,NA,506,0.506
1000,32,"Xie",19,21460725,0.381780800000115,10472760,4,NA,NA,505,0.505
1000,32,"Xie",20,21460726,0.400472400000126,10472176,4,NA,NA,505,0.505
1000,32,"Xie",21,21460727,0.292992899999945,10473304,4,NA,NA,494,0.494
1000,32,"Xie",22,21460728,0.384351800000104,10473288,4,NA,NA,512,0.512
1000,32,"Xie",23,21460729,0.391055900000083,10472360,4,NA,NA,500,0.5
1000,32,"Xie",24,21460730,0.383248100000174,10472328,4,NA,NA,543,0.543
1000,32,"Xie",25,21460731,0.367730600000186,10472720,3,NA,NA,526,0.526
1000,32,"Xie",26,21460732,0.287205000000085,10472944,4,NA,NA,524,0.524
1000,32,"Xie",27,21460733,0.36241700000005,10472408,4,NA,NA,502,0.502
1000,32,"Xie",28,21460734,0.401247800000192,10472600,4,NA,NA,471,0.471
1000,32,"Xie",29,21460735,0.392333500000177,10472896,4,NA,NA,518,0.518
1000,32,"Xie",30,21460736,0.285010200000215,10472832,4,NA,NA,502,0.502
1000,32,"Pulkstenis-Robinson",1,21460707,0.00359490000028018,1193544,4,NA,NA,517,0.517
1000,32,"Pulkstenis-Robinson",2,21460708,0.00353220000010879,1193480,4,NA,NA,517,0.517
1000,32,"Pulkstenis-Robinson",3,21460709,0.00386140000023261,1193544,4,NA,NA,526,0.526
1000,32,"Pulkstenis-Robinson",4,21460710,0.00339249999979074,1193544,4,NA,NA,544,0.544
1000,32,"Pulkstenis-Robinson",5,21460711,0.00321660000008706,1193544,4,NA,NA,505,0.505
1000,32,"Pulkstenis-Robinson",6,21460712,0.00403410000012627,1193544,4,NA,NA,499,0.499
1000,32,"Pulkstenis-Robinson",7,21460713,0.0063044000003174,1193480,4,NA,NA,528,0.528
1000,32,"Pulkstenis-Robinson",8,21460714,0.0064137000001665,1193544,4,NA,NA,511,0.511
1000,32,"Pulkstenis-Robinson",9,21460715,0.00680050000028132,1193544,4,NA,NA,562,0.562
1000,32,"Pulkstenis-Robinson",10,21460716,0.00639909999995325,1193480,4,NA,NA,493,0.493
1000,32,"Pulkstenis-Robinson",11,21460717,0.00463350000018181,1193544,4,NA,NA,517,0.517
1000,32,"Pulkstenis-Robinson",12,21460718,0.00677500000028886,1193480,4,NA,NA,522,0.522
1000,32,"Pulkstenis-Robinson",13,21460719,0.00851990000001024,1193544,4,NA,NA,509,0.509
1000,32,"Pulkstenis-Robinson",14,21460720,0.00711910000018179,1193544,4,NA,NA,481,0.481
1000,32,"Pulkstenis-Robinson",15,21460721,0.0071346000001995,1193544,4,NA,NA,500,0.5
1000,32,"Pulkstenis-Robinson",16,21460722,0.00459870000031515,1193480,4,NA,NA,477,0.477
1000,32,"Pulkstenis-Robinson",17,21460723,0.00748670000029961,1193544,4,NA,NA,531,0.531
1000,32,"Pulkstenis-Robinson",18,21460724,0.0074720000002344,1193544,4,NA,NA,506,0.506
1000,32,"Pulkstenis-Robinson",19,21460725,0.00695940000014161,1193480,4,NA,NA,505,0.505
1000,32,"Pulkstenis-Robinson",20,21460726,0.00734510000006594,1193544,4,NA,NA,505,0.505
1000,32,"Pulkstenis-Robinson",21,21460727,0.00339210000015555,1193544,4,NA,NA,494,0.494
1000,32,"Pulkstenis-Robinson",22,21460728,0.0072666000000936,1193544,4,NA,NA,512,0.512
1000,32,"Pulkstenis-Robinson",23,21460729,0.00802690000000439,1193544,4,NA,NA,500,0.5
1000,32,"Pulkstenis-Robinson",24,21460730,0.00861040000017965,1193480,4,NA,NA,543,0.543
1000,32,"Pulkstenis-Robinson",25,21460731,0.00548430000003464,1193544,3,NA,NA,526,0.526
1000,32,"Pulkstenis-Robinson",26,21460732,0.00337070000023232,1193480,4,NA,NA,524,0.524
1000,32,"Pulkstenis-Robinson",27,21460733,0.0164257000003545,1193544,4,NA,NA,502,0.502
1000,32,"Pulkstenis-Robinson",28,21460734,0.00553799999988769,1193544,4,NA,NA,471,0.471
1000,32,"Pulkstenis-Robinson",29,21460735,0.00794250000012653,1193544,4,NA,NA,518,0.518
1000,32,"Pulkstenis-Robinson",30,21460736,0.00432379999983823,1193544,4,NA,NA,502,0.502
1000,32,"le-Cessie",1,21460707,2.2306394000002,362225200,4,NA,NA,517,0.517
1000,32,"le-Cessie",2,21460708,1.43422000000032,362225200,4,NA,NA,517,0.517
1000,32,"le-Cessie",3,21460709,2.12776620000022,362225200,4,NA,NA,526,0.526
1000,32,"le-Cessie",4,21460710,2.46797570000012,362225200,4,NA,NA,544,0.544
1000,32,"le-Cessie",5,21460711,2.55180850000011,362225200,4,NA,NA,505,0.505
1000,32,"glm_fit",1,21460707,0.009727500000281,5033144,4,NA,NA,517,0.517
1000,32,"glm_fit",2,21460708,0.00970920000008846,5033144,4,NA,NA,517,0.517
1000,32,"glm_fit",3,21460709,0.0092472000003454,5033144,4,NA,NA,526,0.526
1000,32,"glm_fit",4,21460710,0.00871360000019195,5033144,4,NA,NA,544,0.544
1000,32,"glm_fit",5,21460711,0.00857200000018565,5033144,4,NA,NA,505,0.505
1000,32,"glm_fit",6,21460712,0.00796690000015587,5033144,4,NA,NA,499,0.499
1000,32,"glm_fit",7,21460713,0.013923400000067,5033144,4,NA,NA,528,0.528
1000,32,"glm_fit",8,21460714,0.0160999000001993,5033144,4,NA,NA,511,0.511
1000,32,"glm_fit",9,21460715,0.0165306000001237,5033144,4,NA,NA,562,0.562
1000,32,"glm_fit",10,21460716,0.0180719000002227,5033144,4,NA,NA,493,0.493
1000,32,"glm_fit",11,21460717,0.0086204000001544,5033144,4,NA,NA,517,0.517
1000,32,"glm_fit",12,21460718,0.0167523000002348,5033144,4,NA,NA,522,0.522
1000,32,"glm_fit",13,21460719,0.0106662000000597,5033144,4,NA,NA,509,0.509
1000,32,"glm_fit",14,21460720,0.0135027000001173,5033144,4,NA,NA,481,0.481
1000,32,"glm_fit",15,21460721,0.0124074000000292,5033144,4,NA,NA,500,0.5
1000,32,"glm_fit",16,21460722,0.0130447000001368,5033144,4,NA,NA,477,0.477
1000,32,"glm_fit",17,21460723,0.0159475000002658,5033144,4,NA,NA,531,0.531
1000,32,"glm_fit",18,21460724,0.0129002000001037,5033144,4,NA,NA,506,0.506
1000,32,"glm_fit",19,21460725,0.0170144000001073,5033144,4,NA,NA,505,0.505
1000,32,"glm_fit",20,21460726,0.0171863000000485,5033144,4,NA,NA,505,0.505
1000,32,"glm_fit",21,21460727,0.00889900000015587,5033144,4,NA,NA,494,0.494
1000,32,"glm_fit",22,21460728,0.0155255000001944,5033144,4,NA,NA,512,0.512
1000,32,"glm_fit",23,21460729,0.0141879999998764,5033144,4,NA,NA,500,0.5
1000,32,"glm_fit",24,21460730,0.017786100000194,5033144,4,NA,NA,543,0.543
1000,32,"glm_fit",25,21460731,0.0143401000000267,4208456,3,NA,NA,526,0.526
1000,32,"glm_fit",26,21460732,0.00855420000016238,5033144,4,NA,NA,524,0.524
1000,32,"glm_fit",27,21460733,0.0149045000002843,5033144,4,NA,NA,502,0.502
1000,32,"glm_fit",28,21460734,0.0142726000001403,5033144,4,NA,NA,471,0.471
1000,32,"glm_fit",29,21460735,0.0154113000000962,5033144,4,NA,NA,518,0.518
1000,32,"glm_fit",30,21460736,0.00855540000020483,5033144,4,NA,NA,502,0.502
2000,4,"DEF.poly3",1,21560707,0.00516020000009121,916768,3,NA,NA,1017,0.5085
2000,4,"DEF.poly3",2,21560708,0.00522530000012011,916768,3,NA,NA,1020,0.51
2000,4,"DEF.poly3",3,21560709,0.00581380000016907,916768,3,NA,NA,1008,0.504
2000,4,"DEF.poly3",4,21560710,0.00586850000013328,916768,4,NA,NA,1035,0.5175
2000,4,"DEF.poly3",5,21560711,0.00616550000017924,916768,4,NA,NA,1003,0.5015
2000,4,"DEF.poly3",6,21560712,0.00640930000008666,916792,3,NA,NA,994,0.497
2000,4,"DEF.poly3",7,21560713,0.024827200000118,916768,4,NA,NA,1045,0.5225
2000,4,"DEF.poly3",8,21560714,0.0106188000002021,916792,4,NA,NA,1022,0.511
2000,4,"DEF.poly3",9,21560715,0.00975050000010924,916768,4,NA,NA,1051,0.5255
2000,4,"DEF.poly3",10,21560716,0.0114526000002115,916768,4,NA,NA,1018,0.509
2000,4,"DEF.poly3",11,21560717,0.00807730000019546,916768,4,NA,NA,990,0.495
2000,4,"DEF.poly3",12,21560718,0.0170973000001595,916768,3,NA,NA,1050,0.525
2000,4,"DEF.poly3",13,21560719,0.0154695000001084,916768,3,NA,NA,1025,0.5125
2000,4,"DEF.poly3",14,21560720,0.0287575000002107,916768,3,NA,NA,1027,0.5135
2000,4,"DEF.poly3",15,21560721,0.0131253000001834,916768,4,NA,NA,1020,0.51
2000,4,"DEF.poly3",16,21560722,0.00938070000006519,916768,4,NA,NA,1035,0.5175
2000,4,"DEF.poly3",17,21560723,0.0143924999999854,916768,3,NA,NA,1037,0.5185
2000,4,"DEF.poly3",18,21560724,0.0124321000000691,916792,3,NA,NA,1013,0.5065
2000,4,"DEF.poly3",19,21560725,0.0118754000002355,916768,4,NA,NA,995,0.4975
2000,4,"DEF.poly3",20,21560726,0.0136739000001853,916768,4,NA,NA,1036,0.518
2000,4,"DEF.poly3",21,21560727,0.00957220000009329,916768,3,NA,NA,1006,0.503
2000,4,"DEF.poly3",22,21560728,0.0155599000001985,916768,4,NA,NA,1018,0.509
2000,4,"DEF.poly3",23,21560729,0.0114837000000989,916768,4,NA,NA,990,0.495
2000,4,"DEF.poly3",24,21560730,0.0166705999999976,916768,3,NA,NA,998,0.499
2000,4,"DEF.poly3",25,21560731,0.0133499000000938,916768,4,NA,NA,999,0.4995
2000,4,"DEF.poly3",26,21560732,0.00917080000021997,916768,3,NA,NA,1013,0.5065
2000,4,"DEF.poly3",27,21560733,0.0115573000000495,916768,4,NA,NA,1014,0.507
2000,4,"DEF.poly3",28,21560734,0.0115142000001924,916768,4,NA,NA,1031,0.5155
2000,4,"DEF.poly3",29,21560735,0.0114250000001448,916768,3,NA,NA,1014,0.507
2000,4,"DEF.poly3",30,21560736,0.0092890000000807,916768,4,NA,NA,1002,0.501
2000,4,"DEF.stukel",1,21560707,0.00528170000006867,909864,3,NA,NA,1017,0.5085
2000,4,"DEF.stukel",2,21560708,0.00492759999997361,909864,3,NA,NA,1020,0.51
2000,4,"DEF.stukel",3,21560709,0.00531390000014653,909864,3,NA,NA,1008,0.504
2000,4,"DEF.stukel",4,21560710,0.00573650000023918,909864,4,NA,NA,1035,0.5175
2000,4,"DEF.stukel",5,21560711,0.00639300000011644,909864,4,NA,NA,1003,0.5015
2000,4,"DEF.stukel",6,21560712,0.00452359999985674,909864,3,NA,NA,994,0.497
2000,4,"DEF.stukel",7,21560713,0.0107469000001856,909864,4,NA,NA,1045,0.5225
2000,4,"DEF.stukel",8,21560714,0.0112621000000672,909864,4,NA,NA,1022,0.511
2000,4,"DEF.stukel",9,21560715,0.0103423000000475,909864,4,NA,NA,1051,0.5255
2000,4,"DEF.stukel",10,21560716,0.0123173000001771,909864,4,NA,NA,1018,0.509
2000,4,"DEF.stukel",11,21560717,0.00739470000007714,909864,4,NA,NA,990,0.495
2000,4,"DEF.stukel",12,21560718,0.012615900000128,909864,3,NA,NA,1050,0.525
2000,4,"DEF.stukel",13,21560719,0.0113882000002832,909864,3,NA,NA,1025,0.5125
2000,4,"DEF.stukel",14,21560720,0.00904370000012023,909864,3,NA,NA,1027,0.5135
2000,4,"DEF.stukel",15,21560721,0.0106543000001693,909864,4,NA,NA,1020,0.51
2000,4,"DEF.stukel",16,21560722,0.00903420000008737,909864,4,NA,NA,1035,0.5175
2000,4,"DEF.stukel",17,21560723,0.010116600000174,909864,3,NA,NA,1037,0.5185
2000,4,"DEF.stukel",18,21560724,0.00942060000033962,909864,3,NA,NA,1013,0.5065
2000,4,"DEF.stukel",19,21560725,0.0139592000000448,909864,4,NA,NA,995,0.4975
2000,4,"DEF.stukel",20,21560726,0.00942490000011276,909864,4,NA,NA,1036,0.518
2000,4,"DEF.stukel",21,21560727,0.00984349999998813,909864,3,NA,NA,1006,0.503
2000,4,"DEF.stukel",22,21560728,0.00985090000017408,909864,4,NA,NA,1018,0.509
2000,4,"DEF.stukel",23,21560729,0.013651400000299,909864,4,NA,NA,990,0.495
2000,4,"DEF.stukel",24,21560730,0.0202683000002253,909864,3,NA,NA,998,0.499
2000,4,"DEF.stukel",25,21560731,0.00882900000010522,909864,4,NA,NA,999,0.4995
2000,4,"DEF.stukel",26,21560732,0.00834290000011606,909864,3,NA,NA,1013,0.5065
2000,4,"DEF.stukel",27,21560733,0.0108624000001782,909864,4,NA,NA,1014,0.507
2000,4,"DEF.stukel",28,21560734,0.0106740000003356,909864,4,NA,NA,1031,0.5155
2000,4,"DEF.stukel",29,21560735,0.00951300000019728,909864,3,NA,NA,1014,0.507
2000,4,"DEF.stukel",30,21560736,0.00685270000008131,909864,4,NA,NA,1002,0.501
2000,4,"EF",1,21560707,0.00198150000028363,509176,3,NA,NA,1017,0.5085
2000,4,"EF",2,21560708,0.0019123000001855,509176,3,NA,NA,1020,0.51
2000,4,"EF",3,21560709,0.00209160000008524,509176,3,NA,NA,1008,0.504
2000,4,"EF",4,21560710,0.00220810000018901,509176,4,NA,NA,1035,0.5175
2000,4,"EF",5,21560711,0.00234040000009372,509176,4,NA,NA,1003,0.5015
2000,4,"EF",6,21560712,0.00169080000000577,509176,3,NA,NA,994,0.497
2000,4,"EF",7,21560713,0.00995490000013888,509176,4,NA,NA,1045,0.5225
2000,4,"EF",8,21560714,0.00396860000000743,509176,4,NA,NA,1022,0.511
2000,4,"EF",9,21560715,0.00569240000027094,509176,4,NA,NA,1051,0.5255
2000,4,"EF",10,21560716,0.00477660000024116,509176,4,NA,NA,1018,0.509
2000,4,"EF",11,21560717,0.00417200000015328,509176,4,NA,NA,990,0.495
2000,4,"EF",12,21560718,0.00528040000017427,509176,3,NA,NA,1050,0.525
2000,4,"EF",13,21560719,0.0069954000002781,509176,3,NA,NA,1025,0.5125
2000,4,"EF",14,21560720,0.00441370000021379,509176,3,NA,NA,1027,0.5135
2000,4,"EF",15,21560721,0.0074453000001995,509176,4,NA,NA,1020,0.51
2000,4,"EF",16,21560722,0.00299380000001293,509176,4,NA,NA,1035,0.5175
2000,4,"EF",17,21560723,0.00418039999999564,509176,3,NA,NA,1037,0.5185
2000,4,"EF",18,21560724,0.00460650000013629,509176,3,NA,NA,1013,0.5065
2000,4,"EF",19,21560725,0.00459950000026765,509176,4,NA,NA,995,0.4975
2000,4,"EF",20,21560726,0.00536010000018905,509176,4,NA,NA,1036,0.518
2000,4,"EF",21,21560727,0.00314769999999953,509176,3,NA,NA,1006,0.503
2000,4,"EF",22,21560728,0.00474430000031134,509176,4,NA,NA,1018,0.509
2000,4,"EF",23,21560729,0.00420430000008309,509176,4,NA,NA,990,0.495
2000,4,"EF",24,21560730,0.0041056000000026,509176,3,NA,NA,998,0.499
2000,4,"EF",25,21560731,0.00402669999994032,509176,4,NA,NA,999,0.4995
2000,4,"EF",26,21560732,0.0132434000001922,509176,3,NA,NA,1013,0.5065
2000,4,"EF",27,21560733,0.00354700000002595,509176,4,NA,NA,1014,0.507
2000,4,"EF",28,21560734,0.00587040000027628,509176,4,NA,NA,1031,0.5155
2000,4,"EF",29,21560735,0.0052581000002192,509176,3,NA,NA,1014,0.507
2000,4,"EF",30,21560736,0.00436520000016571,509176,4,NA,NA,1002,0.501
2000,4,"HL",1,21560707,0.00471750000019711,411888,3,NA,NA,1017,0.5085
2000,4,"HL",2,21560708,0.00337080000031165,411888,3,NA,NA,1020,0.51
2000,4,"HL",3,21560709,0.00356780000015533,411888,3,NA,NA,1008,0.504
2000,4,"HL",4,21560710,0.0039512000000741,411888,4,NA,NA,1035,0.5175
2000,4,"HL",5,21560711,0.00426230000016403,411888,4,NA,NA,1003,0.5015
2000,4,"HL",6,21560712,0.00360030000024381,411888,3,NA,NA,994,0.497
2000,4,"HL",7,21560713,0.00776590000009492,411888,4,NA,NA,1045,0.5225
2000,4,"HL",8,21560714,0.00622600000019702,411888,4,NA,NA,1022,0.511
2000,4,"HL",9,21560715,0.00825210000016341,411888,4,NA,NA,1051,0.5255
2000,4,"HL",10,21560716,0.0124969000000874,411888,4,NA,NA,1018,0.509
2000,4,"HL",11,21560717,0.00456120000012561,411888,4,NA,NA,990,0.495
2000,4,"HL",12,21560718,0.00548090000029333,411888,3,NA,NA,1050,0.525
2000,4,"HL",13,21560719,0.0140890000000127,411888,3,NA,NA,1025,0.5125
2000,4,"HL",14,21560720,0.00555880000024445,411888,3,NA,NA,1027,0.5135
2000,4,"HL",15,21560721,0.00633250000032604,411888,4,NA,NA,1020,0.51
2000,4,"HL",16,21560722,0.00697140000011132,411888,4,NA,NA,1035,0.5175
2000,4,"HL",17,21560723,0.00651860000016313,411888,3,NA,NA,1037,0.5185
2000,4,"HL",18,21560724,0.00518020000026809,411888,3,NA,NA,1013,0.5065
2000,4,"HL",19,21560725,0.00608330000000024,411888,4,NA,NA,995,0.4975
2000,4,"HL",20,21560726,0.021411000000171,411888,4,NA,NA,1036,0.518
2000,4,"HL",21,21560727,0.0046180000001641,411888,3,NA,NA,1006,0.503
2000,4,"HL",22,21560728,0.00655479999977615,411888,4,NA,NA,1018,0.509
2000,4,"HL",23,21560729,0.0127762000001894,411888,4,NA,NA,990,0.495
2000,4,"HL",24,21560730,0.00830050000013216,411888,3,NA,NA,998,0.499
2000,4,"HL",25,21560731,0.00569220000011228,411888,4,NA,NA,999,0.4995
2000,4,"HL",26,21560732,0.00489580000021306,411888,3,NA,NA,1013,0.5065
2000,4,"HL",27,21560733,0.00616050000007817,411888,4,NA,NA,1014,0.507
2000,4,"HL",28,21560734,0.00723830000015369,411888,4,NA,NA,1031,0.5155
2000,4,"HL",29,21560735,0.0059539000001223,411888,3,NA,NA,1014,0.507
2000,4,"HL",30,21560736,0.00673460000029991,411888,4,NA,NA,1002,0.501
2000,4,"Pigeon-Heyse",1,21560707,0.00175540000009278,414144,3,NA,NA,1017,0.5085
2000,4,"Pigeon-Heyse",2,21560708,0.00193830000011985,414144,3,NA,NA,1020,0.51
2000,4,"Pigeon-Heyse",3,21560709,0.00193460000014056,414144,3,NA,NA,1008,0.504
2000,4,"Pigeon-Heyse",4,21560710,0.00202930000023116,414144,4,NA,NA,1035,0.5175
2000,4,"Pigeon-Heyse",5,21560711,0.0019051000001582,414144,4,NA,NA,1003,0.5015
2000,4,"Pigeon-Heyse",6,21560712,0.00167550000014671,414144,3,NA,NA,994,0.497
2000,4,"Pigeon-Heyse",7,21560713,0.00558580000006259,414144,4,NA,NA,1045,0.5225
2000,4,"Pigeon-Heyse",8,21560714,0.0184407000001556,414144,4,NA,NA,1022,0.511
2000,4,"Pigeon-Heyse",9,21560715,0.0052210000001196,414144,4,NA,NA,1051,0.5255
2000,4,"Pigeon-Heyse",10,21560716,0.00711730000011812,414144,4,NA,NA,1018,0.509
2000,4,"Pigeon-Heyse",11,21560717,0.00456650000000991,414144,4,NA,NA,990,0.495
2000,4,"Pigeon-Heyse",12,21560718,0.00557440000011411,414144,3,NA,NA,1050,0.525
2000,4,"Pigeon-Heyse",13,21560719,0.0136298000002171,414144,3,NA,NA,1025,0.5125
2000,4,"Pigeon-Heyse",14,21560720,0.00598890000014762,414144,3,NA,NA,1027,0.5135
2000,4,"Pigeon-Heyse",15,21560721,0.00423930000010841,414144,4,NA,NA,1020,0.51
2000,4,"Pigeon-Heyse",16,21560722,0.00419650000003458,414144,4,NA,NA,1035,0.5175
2000,4,"Pigeon-Heyse",17,21560723,0.00617230000011659,414144,3,NA,NA,1037,0.5185
2000,4,"Pigeon-Heyse",18,21560724,0.00832050000030904,414144,3,NA,NA,1013,0.5065
2000,4,"Pigeon-Heyse",19,21560725,0.00542410000025484,414144,4,NA,NA,995,0.4975
2000,4,"Pigeon-Heyse",20,21560726,0.00390690000017457,414144,4,NA,NA,1036,0.518
2000,4,"Pigeon-Heyse",21,21560727,0.00318059999995057,414144,3,NA,NA,1006,0.503
2000,4,"Pigeon-Heyse",22,21560728,0.005967800000235,414144,4,NA,NA,1018,0.509
2000,4,"Pigeon-Heyse",23,21560729,0.00459020000016608,414144,4,NA,NA,990,0.495
2000,4,"Pigeon-Heyse",24,21560730,0.00436920000015562,414144,3,NA,NA,998,0.499
2000,4,"Pigeon-Heyse",25,21560731,0.00414610000007087,414144,4,NA,NA,999,0.4995
2000,4,"Pigeon-Heyse",26,21560732,0.00500690000012582,414144,3,NA,NA,1013,0.5065
2000,4,"Pigeon-Heyse",27,21560733,0.00531080000018846,414144,4,NA,NA,1014,0.507
2000,4,"Pigeon-Heyse",28,21560734,0.00515870000003815,414144,4,NA,NA,1031,0.5155
2000,4,"Pigeon-Heyse",29,21560735,0.0043742000000293,414144,3,NA,NA,1014,0.507
2000,4,"Pigeon-Heyse",30,21560736,0.00407120000022587,414144,4,NA,NA,1002,0.501
2000,4,"Osius-Rojek",1,21560707,0.00149629999987155,562168,3,NA,NA,1017,0.5085
2000,4,"Osius-Rojek",2,21560708,0.00141929999995227,562168,3,NA,NA,1020,0.51
2000,4,"Osius-Rojek",3,21560709,0.00129730000026029,562168,3,NA,NA,1008,0.504
2000,4,"Osius-Rojek",4,21560710,0.00128950000021177,562168,4,NA,NA,1035,0.5175
2000,4,"Osius-Rojek",5,21560711,0.00119680000011613,562168,4,NA,NA,1003,0.5015
2000,4,"Osius-Rojek",6,21560712,0.00114050000001953,562168,3,NA,NA,994,0.497
2000,4,"Osius-Rojek",7,21560713,0.00372580000021117,562168,4,NA,NA,1045,0.5225
2000,4,"Osius-Rojek",8,21560714,0.00326050000012401,562168,4,NA,NA,1022,0.511
2000,4,"Osius-Rojek",9,21560715,0.00275380000016412,562168,4,NA,NA,1051,0.5255
2000,4,"Osius-Rojek",10,21560716,0.00281210000002829,562168,4,NA,NA,1018,0.509
2000,4,"Osius-Rojek",11,21560717,0.00460710000015752,562168,4,NA,NA,990,0.495
2000,4,"Osius-Rojek",12,21560718,0.0035373000000618,562168,3,NA,NA,1050,0.525
2000,4,"Osius-Rojek",13,21560719,0.00590460000012172,562168,3,NA,NA,1025,0.5125
2000,4,"Osius-Rojek",14,21560720,0.00325520000001234,562168,3,NA,NA,1027,0.5135
2000,4,"Osius-Rojek",15,21560721,0.0053170000001046,562168,4,NA,NA,1020,0.51
2000,4,"Osius-Rojek",16,21560722,0.00294120000012299,562168,4,NA,NA,1035,0.5175
2000,4,"Osius-Rojek",17,21560723,0.00349199999982375,562168,3,NA,NA,1037,0.5185
2000,4,"Osius-Rojek",18,21560724,0.00762430000008862,562168,3,NA,NA,1013,0.5065
2000,4,"Osius-Rojek",19,21560725,0.00443790000008448,562168,4,NA,NA,995,0.4975
2000,4,"Osius-Rojek",20,21560726,0.00378010000008544,562168,4,NA,NA,1036,0.518
2000,4,"Osius-Rojek",21,21560727,0.0036160000001928,562168,3,NA,NA,1006,0.503
2000,4,"Osius-Rojek",22,21560728,0.00357430000030945,562168,4,NA,NA,1018,0.509
2000,4,"Osius-Rojek",23,21560729,0.00756120000028204,562168,4,NA,NA,990,0.495
2000,4,"Osius-Rojek",24,21560730,0.00305840000009994,562168,3,NA,NA,998,0.499
2000,4,"Osius-Rojek",25,21560731,0.00319039999999404,562168,4,NA,NA,999,0.4995
2000,4,"Osius-Rojek",26,21560732,0.00231570000005377,562168,3,NA,NA,1013,0.5065
2000,4,"Osius-Rojek",27,21560733,0.0190111000001707,562168,4,NA,NA,1014,0.507
2000,4,"Osius-Rojek",28,21560734,0.00390910000032818,562168,4,NA,NA,1031,0.5155
2000,4,"Osius-Rojek",29,21560735,0.00253680000014356,562168,3,NA,NA,1014,0.507
2000,4,"Osius-Rojek",30,21560736,0.00318000000015672,562168,4,NA,NA,1002,0.501
2000,4,"Stukel",1,21560707,0.00123940000025868,698584,3,4,1,1017,0.5085
2000,4,"Stukel",2,21560708,0.0012695000000349,698584,3,4,1,1020,0.51
2000,4,"Stukel",3,21560709,0.00129190000006929,698584,3,4,1,1008,0.504
2000,4,"Stukel",4,21560710,0.00139630000012403,698584,4,4,1,1035,0.5175
2000,4,"Stukel",5,21560711,0.00134790000015528,698584,4,4,1,1003,0.5015
2000,4,"Stukel",6,21560712,0.0013557000002038,698584,3,4,1,994,0.497
2000,4,"Stukel",7,21560713,0.00335910000012518,698584,4,4,1,1045,0.5225
2000,4,"Stukel",8,21560714,0.00316110000017034,698584,4,4,1,1022,0.511
2000,4,"Stukel",9,21560715,0.00296730000013667,698584,4,4,1,1051,0.5255
2000,4,"Stukel",10,21560716,0.00312560000020312,698584,4,4,1,1018,0.509
2000,4,"Stukel",11,21560717,0.00279650000015863,698584,4,4,1,990,0.495
2000,4,"Stukel",12,21560718,0.00552830000015092,698584,3,4,1,1050,0.525
2000,4,"Stukel",13,21560719,0.00615930000003573,698584,3,4,1,1025,0.5125
2000,4,"Stukel",14,21560720,0.00422690000004877,698584,3,4,1,1027,0.5135
2000,4,"Stukel",15,21560721,0.00361799999996038,698584,4,4,1,1020,0.51
2000,4,"Stukel",16,21560722,0.00326850000010381,698584,4,4,1,1035,0.5175
2000,4,"Stukel",17,21560723,0.00369850000015504,698584,3,4,1,1037,0.5185
2000,4,"Stukel",18,21560724,0.00323580000031143,698584,3,4,1,1013,0.5065
2000,4,"Stukel",19,21560725,0.00380780000023151,698584,4,4,1,995,0.4975
2000,4,"Stukel",20,21560726,0.00330540000027213,698584,4,4,1,1036,0.518
2000,4,"Stukel",21,21560727,0.00385170000004109,698584,3,4,1,1006,0.503
2000,4,"Stukel",22,21560728,0.00432140000020809,698584,4,4,1,1018,0.509
2000,4,"Stukel",23,21560729,0.00429170000006707,698584,4,4,1,990,0.495
2000,4,"Stukel",24,21560730,0.0027260000001661,698584,3,4,1,998,0.499
2000,4,"Stukel",25,21560731,0.00434510000013688,698584,4,4,1,999,0.4995
2000,4,"Stukel",26,21560732,0.00416980000022704,698584,3,4,1,1013,0.5065
2000,4,"Stukel",27,21560733,0.00894720000019333,698584,4,4,1,1014,0.507
2000,4,"Stukel",28,21560734,0.00354210000000421,698584,4,4,1,1031,0.5155
2000,4,"Stukel",29,21560735,0.00309680000009394,698584,3,4,1,1014,0.507
2000,4,"Stukel",30,21560736,0.00364050000030147,698584,4,4,1,1002,0.501
2000,4,"Tsiatis",1,21560707,0.00440560000015466,1607488,3,NA,NA,1017,0.5085
2000,4,"Tsiatis",2,21560708,0.00403269999992517,1607488,3,NA,NA,1020,0.51
2000,4,"Tsiatis",3,21560709,0.00422130000015386,1607488,3,NA,NA,1008,0.504
2000,4,"Tsiatis",4,21560710,0.00549540000019988,1607488,4,NA,NA,1035,0.5175
2000,4,"Tsiatis",5,21560711,0.00454110000032415,1607488,4,NA,NA,1003,0.5015
2000,4,"Tsiatis",6,21560712,0.00435310000034406,1607488,3,NA,NA,994,0.497
2000,4,"Tsiatis",7,21560713,0.00825500000019019,1607488,4,NA,NA,1045,0.5225
2000,4,"Tsiatis",8,21560714,0.0116782000002331,1607488,4,NA,NA,1022,0.511
2000,4,"Tsiatis",9,21560715,0.00769170000012309,1607488,4,NA,NA,1051,0.5255
2000,4,"Tsiatis",10,21560716,0.00681729999996605,1607488,4,NA,NA,1018,0.509
2000,4,"Tsiatis",11,21560717,0.00851590000024771,1607488,4,NA,NA,990,0.495
2000,4,"Tsiatis",12,21560718,0.0111631000002035,1607488,3,NA,NA,1050,0.525
2000,4,"Tsiatis",13,21560719,0.0106786000001193,1607488,3,NA,NA,1025,0.5125
2000,4,"Tsiatis",14,21560720,0.00879620000023351,1607488,3,NA,NA,1027,0.5135
2000,4,"Tsiatis",15,21560721,0.00980189999995673,1607488,4,NA,NA,1020,0.51
2000,4,"Tsiatis",16,21560722,0.00872000000003936,1607488,4,NA,NA,1035,0.5175
2000,4,"Tsiatis",17,21560723,0.0104088000002776,1607488,3,NA,NA,1037,0.5185
2000,4,"Tsiatis",18,21560724,0.00949800000012146,1607488,3,NA,NA,1013,0.5065
2000,4,"Tsiatis",19,21560725,0.00969179999992775,1607488,4,NA,NA,995,0.4975
2000,4,"Tsiatis",20,21560726,0.0108258000000205,1607488,4,NA,NA,1036,0.518
2000,4,"Tsiatis",21,21560727,0.00887430000011591,1607488,3,NA,NA,1006,0.503
2000,4,"Tsiatis",22,21560728,0.00755360000016481,1607488,4,NA,NA,1018,0.509
2000,4,"Tsiatis",23,21560729,0.00687800000014249,1607488,4,NA,NA,990,0.495
2000,4,"Tsiatis",24,21560730,0.00909960000012688,1607488,3,NA,NA,998,0.499
2000,4,"Tsiatis",25,21560731,0.0083334000000832,1607488,4,NA,NA,999,0.4995
2000,4,"Tsiatis",26,21560732,0.00884380000024976,1607488,3,NA,NA,1013,0.5065
2000,4,"Tsiatis",27,21560733,0.0138739000001351,1607488,4,NA,NA,1014,0.507
2000,4,"Tsiatis",28,21560734,0.0112500000002456,1607488,4,NA,NA,1031,0.5155
2000,4,"Tsiatis",29,21560735,0.00972220000016932,1607488,3,NA,NA,1014,0.507
2000,4,"Tsiatis",30,21560736,0.00958580000019538,1607488,4,NA,NA,1002,0.501
2000,4,"Xie",1,21560707,0.062284999999747,3803208,3,NA,NA,1017,0.5085
2000,4,"Xie",2,21560708,0.0539772000001904,3803216,3,NA,NA,1020,0.51
2000,4,"Xie",3,21560709,0.0581284000002142,3803208,3,NA,NA,1008,0.504
2000,4,"Xie",4,21560710,0.0571979000001193,3803216,4,NA,NA,1035,0.5175
2000,4,"Xie",5,21560711,0.0556359000001976,3803200,4,NA,NA,1003,0.5015
2000,4,"Xie",6,21560712,0.0557925000000523,3803208,3,NA,NA,994,0.497
2000,4,"Xie",7,21560713,0.0973321999999825,3803216,4,NA,NA,1045,0.5225
2000,4,"Xie",8,21560714,0.0989431000000423,3803208,4,NA,NA,1022,0.511
2000,4,"Xie",9,21560715,0.0923652000001312,3803216,4,NA,NA,1051,0.5255
2000,4,"Xie",10,21560716,0.112963000000263,3803216,4,NA,NA,1018,0.509
2000,4,"Xie",11,21560717,0.0745759000001271,3803200,4,NA,NA,990,0.495
2000,4,"Xie",12,21560718,0.10074990000021,3803216,3,NA,NA,1050,0.525
2000,4,"Xie",13,21560719,0.120108600000094,3803208,3,NA,NA,1025,0.5125
2000,4,"Xie",14,21560720,0.0768600000001243,3803216,3,NA,NA,1027,0.5135
2000,4,"Xie",15,21560721,0.0855828000001111,3803208,4,NA,NA,1020,0.51
2000,4,"Xie",16,21560722,0.0754787000000761,3803200,4,NA,NA,1035,0.5175
2000,4,"Xie",17,21560723,0.0857255000000805,3803208,3,NA,NA,1037,0.5185
2000,4,"Xie",18,21560724,0.108659600000237,3803216,3,NA,NA,1013,0.5065
2000,4,"Xie",19,21560725,0.0794384000000719,3803216,4,NA,NA,995,0.4975
2000,4,"Xie",20,21560726,0.096410300000116,3803208,4,NA,NA,1036,0.518
2000,4,"Xie",21,21560727,0.0864957000001141,3803208,3,NA,NA,1006,0.503
2000,4,"Xie",22,21560728,0.105104300000221,3803216,4,NA,NA,1018,0.509
2000,4,"Xie",23,21560729,0.0938923999999588,3803208,4,NA,NA,990,0.495
2000,4,"Xie",24,21560730,0.110519100000147,3803224,3,NA,NA,998,0.499
2000,4,"Xie",25,21560731,0.0873689000002287,3803216,4,NA,NA,999,0.4995
2000,4,"Xie",26,21560732,0.0819951000000856,3803208,3,NA,NA,1013,0.5065
2000,4,"Xie",27,21560733,0.134436900000082,3803216,4,NA,NA,1014,0.507
2000,4,"Xie",28,21560734,0.11760970000023,3803224,4,NA,NA,1031,0.5155
2000,4,"Xie",29,21560735,0.143065300000217,3803216,3,NA,NA,1014,0.507
2000,4,"Xie",30,21560736,0.0713953999998012,3803216,4,NA,NA,1002,0.501
2000,4,"Pulkstenis-Robinson",1,21560707,0.00275230000011106,775976,3,NA,NA,1017,0.5085
2000,4,"Pulkstenis-Robinson",2,21560708,0.00249330000019654,775976,3,NA,NA,1020,0.51
2000,4,"Pulkstenis-Robinson",3,21560709,0.00352520000001277,775976,3,NA,NA,1008,0.504
2000,4,"Pulkstenis-Robinson",4,21560710,0.00265300000023672,775976,4,NA,NA,1035,0.5175
2000,4,"Pulkstenis-Robinson",5,21560711,0.00269840000032673,775976,4,NA,NA,1003,0.5015
2000,4,"Pulkstenis-Robinson",6,21560712,0.00257360000023255,775912,3,NA,NA,994,0.497
2000,4,"Pulkstenis-Robinson",7,21560713,0.00502330000017537,775976,4,NA,NA,1045,0.5225
2000,4,"Pulkstenis-Robinson",8,21560714,0.00540310000019417,775912,4,NA,NA,1022,0.511
2000,4,"Pulkstenis-Robinson",9,21560715,0.00612060000003112,775976,4,NA,NA,1051,0.5255
2000,4,"Pulkstenis-Robinson",10,21560716,0.00684690000025512,775976,4,NA,NA,1018,0.509
2000,4,"Pulkstenis-Robinson",11,21560717,0.00460390000012012,775976,4,NA,NA,990,0.495
2000,4,"Pulkstenis-Robinson",12,21560718,0.00530170000024555,775976,3,NA,NA,1050,0.525
2000,4,"Pulkstenis-Robinson",13,21560719,0.00526440000021466,775976,3,NA,NA,1025,0.5125
2000,4,"Pulkstenis-Robinson",14,21560720,0.00646420000020953,775976,3,NA,NA,1027,0.5135
2000,4,"Pulkstenis-Robinson",15,21560721,0.00712569999996049,775912,4,NA,NA,1020,0.51
2000,4,"Pulkstenis-Robinson",16,21560722,0.00599340000030679,775976,4,NA,NA,1035,0.5175
2000,4,"Pulkstenis-Robinson",17,21560723,0.00537980000012794,775976,3,NA,NA,1037,0.5185
2000,4,"Pulkstenis-Robinson",18,21560724,0.00569310000014411,775912,3,NA,NA,1013,0.5065
2000,4,"Pulkstenis-Robinson",19,21560725,0.0064927000003081,775976,4,NA,NA,995,0.4975
2000,4,"Pulkstenis-Robinson",20,21560726,0.0050923999999668,775912,4,NA,NA,1036,0.518
2000,4,"Pulkstenis-Robinson",21,21560727,0.00498140000036074,775976,3,NA,NA,1006,0.503
2000,4,"Pulkstenis-Robinson",22,21560728,0.00688980000018091,775976,4,NA,NA,1018,0.509
2000,4,"Pulkstenis-Robinson",23,21560729,0.0054482000000462,775976,4,NA,NA,990,0.495
2000,4,"Pulkstenis-Robinson",24,21560730,0.0054728000002342,775976,3,NA,NA,998,0.499
2000,4,"Pulkstenis-Robinson",25,21560731,0.00848620000010669,775976,4,NA,NA,999,0.4995
2000,4,"Pulkstenis-Robinson",26,21560732,0.00717130000020916,775912,3,NA,NA,1013,0.5065
2000,4,"Pulkstenis-Robinson",27,21560733,0.00608340000007956,775976,4,NA,NA,1014,0.507
2000,4,"Pulkstenis-Robinson",28,21560734,0.00569340000015472,775976,4,NA,NA,1031,0.5155
2000,4,"Pulkstenis-Robinson",29,21560735,0.00731190000033166,775976,3,NA,NA,1014,0.507
2000,4,"Pulkstenis-Robinson",30,21560736,0.00517490000015641,775976,4,NA,NA,1002,0.501
2000,4,"le-Cessie",1,21560707,25.7800461000002,537355080,3,NA,NA,1017,0.5085
2000,4,"le-Cessie",2,21560708,14.2500570999998,537354832,3,NA,NA,1020,0.51
2000,4,"le-Cessie",3,21560709,25.8942041000003,537355080,3,NA,NA,1008,0.504
2000,4,"le-Cessie",4,21560710,25.5833861000001,537355080,4,NA,NA,1035,0.5175
2000,4,"le-Cessie",5,21560711,25.8402229000001,537355080,4,NA,NA,1003,0.5015
2000,4,"glm_fit",1,21560707,0.00470120000022689,3311072,3,NA,NA,1017,0.5085
2000,4,"glm_fit",2,21560708,0.00475400000004811,3311072,3,NA,NA,1020,0.51
2000,4,"glm_fit",3,21560709,0.00506920000020727,3311072,3,NA,NA,1008,0.504
2000,4,"glm_fit",4,21560710,0.00581830000010086,4057976,4,NA,NA,1035,0.5175
2000,4,"glm_fit",5,21560711,0.00620770000023185,4057976,4,NA,NA,1003,0.5015
2000,4,"glm_fit",6,21560712,0.005026799999996,3311072,3,NA,NA,994,0.497
2000,4,"glm_fit",7,21560713,0.0102676000001338,4057976,4,NA,NA,1045,0.5225
2000,4,"glm_fit",8,21560714,0.0121737000001758,4057976,4,NA,NA,1022,0.511
2000,4,"glm_fit",9,21560715,0.00967549999995754,4057976,4,NA,NA,1051,0.5255
2000,4,"glm_fit",10,21560716,0.00768079999988913,4057976,4,NA,NA,1018,0.509
2000,4,"glm_fit",11,21560717,0.00804530000004888,4057976,4,NA,NA,990,0.495
2000,4,"glm_fit",12,21560718,0.0131144000001768,3311072,3,NA,NA,1050,0.525
2000,4,"glm_fit",13,21560719,0.00792800000021998,3311072,3,NA,NA,1025,0.5125
2000,4,"glm_fit",14,21560720,0.0114020000000892,3311072,3,NA,NA,1027,0.5135
2000,4,"glm_fit",15,21560721,0.0165872000000036,4057976,4,NA,NA,1020,0.51
2000,4,"glm_fit",16,21560722,0.00646770000025754,4057976,4,NA,NA,1035,0.5175
2000,4,"glm_fit",17,21560723,0.00750080000011621,3311072,3,NA,NA,1037,0.5185
2000,4,"glm_fit",18,21560724,0.00827300000014475,3311072,3,NA,NA,1013,0.5065
2000,4,"glm_fit",19,21560725,0.00956800000017211,4057976,4,NA,NA,995,0.4975
2000,4,"glm_fit",20,21560726,0.0105778000001919,4057976,4,NA,NA,1036,0.518
2000,4,"glm_fit",21,21560727,0.00648420000015903,3311072,3,NA,NA,1006,0.503
2000,4,"glm_fit",22,21560728,0.0104268000002321,4057976,4,NA,NA,1018,0.509
2000,4,"glm_fit",23,21560729,0.00802569999996194,4057976,4,NA,NA,990,0.495
2000,4,"glm_fit",24,21560730,0.00717890000009902,3311072,3,NA,NA,998,0.499
2000,4,"glm_fit",25,21560731,0.0100789000000532,4057976,4,NA,NA,999,0.4995
2000,4,"glm_fit",26,21560732,0.00769000000013875,3311072,3,NA,NA,1013,0.5065
2000,4,"glm_fit",27,21560733,0.00639290000026449,4057976,4,NA,NA,1014,0.507
2000,4,"glm_fit",28,21560734,0.0118421000001945,4057976,4,NA,NA,1031,0.5155
2000,4,"glm_fit",29,21560735,0.00862089999986893,3311072,3,NA,NA,1014,0.507
2000,4,"glm_fit",30,21560736,0.00720580000029258,4057976,4,NA,NA,1002,0.501
2000,8,"DEF.poly3",1,21660707,0.00820530000009967,1176784,4,NA,NA,1003,0.5015
2000,8,"DEF.poly3",2,21660708,0.00550760000032824,1176784,4,NA,NA,1026,0.513
2000,8,"DEF.poly3",3,21660709,0.00717650000001413,1176784,4,NA,NA,1012,0.506
2000,8,"DEF.poly3",4,21660710,0.00591930000018692,1176784,4,NA,NA,1000,0.5
2000,8,"DEF.poly3",5,21660711,0.00591959999997016,1176784,4,NA,NA,1039,0.5195
2000,8,"DEF.poly3",6,21660712,0.00539670000011938,1176808,4,NA,NA,1042,0.521
2000,8,"DEF.poly3",7,21660713,0.0125909000000775,1176784,4,NA,NA,1004,0.502
2000,8,"DEF.poly3",8,21660714,0.013232200000175,1176784,4,NA,NA,1010,0.505
2000,8,"DEF.poly3",9,21660715,0.0100005000001602,1176784,4,NA,NA,1022,0.511
2000,8,"DEF.poly3",10,21660716,0.0107316000003266,1176784,4,NA,NA,1045,0.5225
2000,8,"DEF.poly3",11,21660717,0.00924970000005487,1176784,4,NA,NA,980,0.49
2000,8,"DEF.poly3",12,21660718,0.0228781000002982,1176784,4,NA,NA,1025,0.5125
2000,8,"DEF.poly3",13,21660719,0.00997580000012022,1176784,3,NA,NA,1043,0.5215
2000,8,"DEF.poly3",14,21660720,0.00988810000012563,1176784,4,NA,NA,1022,0.511
2000,8,"DEF.poly3",15,21660721,0.00974470000028305,1176784,3,NA,NA,990,0.495
2000,8,"DEF.poly3",16,21660722,0.0103148000000601,1176784,3,NA,NA,1036,0.518
2000,8,"DEF.poly3",17,21660723,0.0199119999999766,1176784,4,NA,NA,1020,0.51
2000,8,"DEF.poly3",18,21660724,0.0118896000001314,1176784,4,NA,NA,1009,0.5045
2000,8,"DEF.poly3",19,21660725,0.0100906000002396,1176784,4,NA,NA,1046,0.523
2000,8,"DEF.poly3",20,21660726,0.0117518000001837,1176784,4,NA,NA,995,0.4975
2000,8,"DEF.poly3",21,21660727,0.00811460000022635,1176784,4,NA,NA,1006,0.503
2000,8,"DEF.poly3",22,21660728,0.0316024999999627,1176784,4,NA,NA,1010,0.505
2000,8,"DEF.poly3",23,21660729,0.0113668999999845,1176784,4,NA,NA,978,0.489
2000,8,"DEF.poly3",24,21660730,0.0111171000000923,1176784,4,NA,NA,1012,0.506
2000,8,"DEF.poly3",25,21660731,0.00976940000009563,1176784,4,NA,NA,1045,0.5225
2000,8,"DEF.poly3",26,21660732,0.00911160000032396,1176784,3,NA,NA,1032,0.516
2000,8,"DEF.poly3",27,21660733,0.0144514000000981,1176784,4,NA,NA,1031,0.5155
2000,8,"DEF.poly3",28,21660734,0.00890980000008312,1176784,4,NA,NA,1045,0.5225
2000,8,"DEF.poly3",29,21660735,0.0109853000001294,1176784,4,NA,NA,1019,0.5095
2000,8,"DEF.poly3",30,21660736,0.0103295000001253,1176784,3,NA,NA,1007,0.5035
2000,8,"DEF.stukel",1,21660707,0.00563430000033804,1169880,4,NA,NA,1003,0.5015
2000,8,"DEF.stukel",2,21660708,0.00607170000012047,1169880,4,NA,NA,1026,0.513
2000,8,"DEF.stukel",3,21660709,0.00623240000004444,1169880,4,NA,NA,1012,0.506
2000,8,"DEF.stukel",4,21660710,0.00718380000012075,1169880,4,NA,NA,1000,0.5
2000,8,"DEF.stukel",5,21660711,0.00617289999991044,1169880,4,NA,NA,1039,0.5195
2000,8,"DEF.stukel",6,21660712,0.00544760000002498,1169880,4,NA,NA,1042,0.521
2000,8,"DEF.stukel",7,21660713,0.00853900000015528,1169880,4,NA,NA,1004,0.502
2000,8,"DEF.stukel",8,21660714,0.0158198000001448,1169880,4,NA,NA,1010,0.505
2000,8,"DEF.stukel",9,21660715,0.00880530000017643,1169880,4,NA,NA,1022,0.511
2000,8,"DEF.stukel",10,21660716,0.00945140000021638,1169880,4,NA,NA,1045,0.5225
2000,8,"DEF.stukel",11,21660717,0.00858140000036656,1169880,4,NA,NA,980,0.49
2000,8,"DEF.stukel",12,21660718,0.00907300000017131,1169880,4,NA,NA,1025,0.5125
2000,8,"DEF.stukel",13,21660719,0.0175097000001188,1169880,3,NA,NA,1043,0.5215
2000,8,"DEF.stukel",14,21660720,0.00829270000008364,1169880,4,NA,NA,1022,0.511
2000,8,"DEF.stukel",15,21660721,0.0103054000001066,1169880,3,NA,NA,990,0.495
2000,8,"DEF.stukel",16,21660722,0.00785930000006374,1169880,3,NA,NA,1036,0.518
2000,8,"DEF.stukel",17,21660723,0.0105236000001696,1169880,4,NA,NA,1020,0.51
2000,8,"DEF.stukel",18,21660724,0.0292103000001589,1169880,4,NA,NA,1009,0.5045
2000,8,"DEF.stukel",19,21660725,0.0137155000002167,1169880,4,NA,NA,1046,0.523
2000,8,"DEF.stukel",20,21660726,0.00888980000013362,1169880,4,NA,NA,995,0.4975
2000,8,"DEF.stukel",21,21660727,0.00949870000022202,1169880,4,NA,NA,1006,0.503
2000,8,"DEF.stukel",22,21660728,0.00997240000015154,1169880,4,NA,NA,1010,0.505
2000,8,"DEF.stukel",23,21660729,0.0133163000000422,1169880,4,NA,NA,978,0.489
2000,8,"DEF.stukel",24,21660730,0.0112640000002102,1169880,4,NA,NA,1012,0.506
2000,8,"DEF.stukel",25,21660731,0.0092171999999664,1169880,4,NA,NA,1045,0.5225
2000,8,"DEF.stukel",26,21660732,0.00953480000021045,1169880,3,NA,NA,1032,0.516
2000,8,"DEF.stukel",27,21660733,0.011507800000345,1169880,4,NA,NA,1031,0.5155
2000,8,"DEF.stukel",28,21660734,0.0105457000001934,1169880,4,NA,NA,1045,0.5225
2000,8,"DEF.stukel",29,21660735,0.0113690000002862,1169880,4,NA,NA,1019,0.5095
2000,8,"DEF.stukel",30,21660736,0.00898050000023431,1169880,3,NA,NA,1007,0.5035
2000,8,"EF",1,21660707,0.142601400000103,573448,4,NA,NA,1003,0.5015
2000,8,"EF",2,21660708,0.00793610000005174,573448,4,NA,NA,1026,0.513
2000,8,"EF",3,21660709,0.00215390000016669,573448,4,NA,NA,1012,0.506
2000,8,"EF",4,21660710,0.00246320000019296,573448,4,NA,NA,1000,0.5
2000,8,"EF",5,21660711,0.0023729000001822,573448,4,NA,NA,1039,0.5195
2000,8,"EF",6,21660712,0.00189870000031078,573448,4,NA,NA,1042,0.521
2000,8,"EF",7,21660713,0.00415229999998701,573448,4,NA,NA,1004,0.502
2000,8,"EF",8,21660714,0.00513040000009823,573448,4,NA,NA,1010,0.505
2000,8,"EF",9,21660715,0.00488790000008521,573448,4,NA,NA,1022,0.511
2000,8,"EF",10,21660716,0.016456000000062,573448,4,NA,NA,1045,0.5225
2000,8,"EF",11,21660717,0.00380740000014157,573448,4,NA,NA,980,0.49
2000,8,"EF",12,21660718,0.00494130000015502,573448,4,NA,NA,1025,0.5125
2000,8,"EF",13,21660719,0.00929960000007668,573448,3,NA,NA,1043,0.5215
2000,8,"EF",14,21660720,0.00453549999997449,573448,4,NA,NA,1022,0.511
2000,8,"EF",15,21660721,0.00549190000015187,573448,3,NA,NA,990,0.495
2000,8,"EF",16,21660722,0.00386730000013813,573448,3,NA,NA,1036,0.518
2000,8,"EF",17,21660723,0.00464780000015708,573448,4,NA,NA,1020,0.51
2000,8,"EF",18,21660724,0.00901850000013837,573448,4,NA,NA,1009,0.5045
2000,8,"EF",19,21660725,0.00439499999993131,573448,4,NA,NA,1046,0.523
2000,8,"EF",20,21660726,0.00370670000006612,573448,4,NA,NA,995,0.4975
2000,8,"EF",21,21660727,0.00405550000004951,573448,4,NA,NA,1006,0.503
2000,8,"EF",22,21660728,0.0079915000001165,573448,4,NA,NA,1010,0.505
2000,8,"EF",23,21660729,0.00540930000011031,573448,4,NA,NA,978,0.489
2000,8,"EF",24,21660730,0.01223200000004,573448,4,NA,NA,1012,0.506
2000,8,"EF",25,21660731,0.0051467999999204,573448,4,NA,NA,1045,0.5225
2000,8,"EF",26,21660732,0.00395860000003267,573448,3,NA,NA,1032,0.516
2000,8,"EF",27,21660733,0.00557760000015151,573448,4,NA,NA,1031,0.5155
2000,8,"EF",28,21660734,0.00533610000002227,573448,4,NA,NA,1045,0.5225
2000,8,"EF",29,21660735,0.0113082000002578,573448,4,NA,NA,1019,0.5095
2000,8,"EF",30,21660736,0.00312479999979587,573448,3,NA,NA,1007,0.5035
2000,8,"HL",1,21660707,0.00346910000030221,476160,4,NA,NA,1003,0.5015
2000,8,"HL",2,21660708,0.00377709999997933,476160,4,NA,NA,1026,0.513
2000,8,"HL",3,21660709,0.00384360000020934,476160,4,NA,NA,1012,0.506
2000,8,"HL",4,21660710,0.0037467000001925,476160,4,NA,NA,1000,0.5
2000,8,"HL",5,21660711,0.00386450000019067,476160,4,NA,NA,1039,0.5195
2000,8,"HL",6,21660712,0.00352380000003905,476160,4,NA,NA,1042,0.521
2000,8,"HL",7,21660713,0.00639090000004217,476160,4,NA,NA,1004,0.502
2000,8,"HL",8,21660714,0.00746550000008028,476160,4,NA,NA,1010,0.505
2000,8,"HL",9,21660715,0.00884179999980006,476160,4,NA,NA,1022,0.511
2000,8,"HL",10,21660716,0.007037800000262,476160,4,NA,NA,1045,0.5225
2000,8,"HL",11,21660717,0.0064726000000519,476160,4,NA,NA,980,0.49
2000,8,"HL",12,21660718,0.00715540000010151,476160,4,NA,NA,1025,0.5125
2000,8,"HL",13,21660719,0.00753830000007838,476160,3,NA,NA,1043,0.5215
2000,8,"HL",14,21660720,0.00945000000024265,476160,4,NA,NA,1022,0.511
2000,8,"HL",15,21660721,0.00814180000020315,476160,3,NA,NA,990,0.495
2000,8,"HL",16,21660722,0.00568110000017441,476160,3,NA,NA,1036,0.518
2000,8,"HL",17,21660723,0.0128736000001481,476160,4,NA,NA,1020,0.51
2000,8,"HL",18,21660724,0.0225915000000896,476160,4,NA,NA,1009,0.5045
2000,8,"HL",19,21660725,0.00706289999993714,476160,4,NA,NA,1046,0.523
2000,8,"HL",20,21660726,0.00580830000012611,476160,4,NA,NA,995,0.4975
2000,8,"HL",21,21660727,0.00538740000024518,476160,4,NA,NA,1006,0.503
2000,8,"HL",22,21660728,0.00920670000027712,476160,4,NA,NA,1010,0.505
2000,8,"HL",23,21660729,0.0079987000001438,476160,4,NA,NA,978,0.489
2000,8,"HL",24,21660730,0.0112920000001395,476160,4,NA,NA,1012,0.506
2000,8,"HL",25,21660731,0.00645170000007056,476160,4,NA,NA,1045,0.5225
2000,8,"HL",26,21660732,0.00523470000030102,476160,3,NA,NA,1032,0.516
2000,8,"HL",27,21660733,0.00616970000010042,476160,4,NA,NA,1031,0.5155
2000,8,"HL",28,21660734,0.00767040000027919,476160,4,NA,NA,1045,0.5225
2000,8,"HL",29,21660735,0.00958110000010493,476160,4,NA,NA,1019,0.5095
2000,8,"HL",30,21660736,0.0049282000002222,476160,3,NA,NA,1007,0.5035
2000,8,"Pigeon-Heyse",1,21660707,0.00217040000006818,478416,4,NA,NA,1003,0.5015
2000,8,"Pigeon-Heyse",2,21660708,0.0017440000001443,478416,4,NA,NA,1026,0.513
2000,8,"Pigeon-Heyse",3,21660709,0.00178400000027068,478416,4,NA,NA,1012,0.506
2000,8,"Pigeon-Heyse",4,21660710,0.00186360000020613,478416,4,NA,NA,1000,0.5
2000,8,"Pigeon-Heyse",5,21660711,0.00182220000010602,478416,4,NA,NA,1039,0.5195
2000,8,"Pigeon-Heyse",6,21660712,0.00179359999970075,478416,4,NA,NA,1042,0.521
2000,8,"Pigeon-Heyse",7,21660713,0.00785059999998339,478416,4,NA,NA,1004,0.502
2000,8,"Pigeon-Heyse",8,21660714,0.0050911000000724,478416,4,NA,NA,1010,0.505
2000,8,"Pigeon-Heyse",9,21660715,0.00472380000019257,478416,4,NA,NA,1022,0.511
2000,8,"Pigeon-Heyse",10,21660716,0.0050090000002001,478416,4,NA,NA,1045,0.5225
2000,8,"Pigeon-Heyse",11,21660717,0.00372610000022178,478416,4,NA,NA,980,0.49
2000,8,"Pigeon-Heyse",12,21660718,0.00918000000001484,478416,4,NA,NA,1025,0.5125
2000,8,"Pigeon-Heyse",13,21660719,0.00793490000000929,478416,3,NA,NA,1043,0.5215
2000,8,"Pigeon-Heyse",14,21660720,0.00583640000013474,478416,4,NA,NA,1022,0.511
2000,8,"Pigeon-Heyse",15,21660721,0.00479700000005323,478416,3,NA,NA,990,0.495
2000,8,"Pigeon-Heyse",16,21660722,0.00378810000006524,478416,3,NA,NA,1036,0.518
2000,8,"Pigeon-Heyse",17,21660723,0.00654880000001867,478416,4,NA,NA,1020,0.51
2000,8,"Pigeon-Heyse",18,21660724,0.00471660000016527,478416,4,NA,NA,1009,0.5045
2000,8,"Pigeon-Heyse",19,21660725,0.00570430000016131,478416,4,NA,NA,1046,0.523
2000,8,"Pigeon-Heyse",20,21660726,0.0046100000001843,478416,4,NA,NA,995,0.4975
2000,8,"Pigeon-Heyse",21,21660727,0.00401170000009188,478416,4,NA,NA,1006,0.503
2000,8,"Pigeon-Heyse",22,21660728,0.0048652000000402,478416,4,NA,NA,1010,0.505
2000,8,"Pigeon-Heyse",23,21660729,0.00489120000020193,478416,4,NA,NA,978,0.489
2000,8,"Pigeon-Heyse",24,21660730,0.0062201000002915,478416,4,NA,NA,1012,0.506
2000,8,"Pigeon-Heyse",25,21660731,0.00602010000011433,478416,4,NA,NA,1045,0.5225
2000,8,"Pigeon-Heyse",26,21660732,0.00421760000017457,478416,3,NA,NA,1032,0.516
2000,8,"Pigeon-Heyse",27,21660733,0.00743570000031468,478416,4,NA,NA,1031,0.5155
2000,8,"Pigeon-Heyse",28,21660734,0.00531160000014097,478416,4,NA,NA,1045,0.5225
2000,8,"Pigeon-Heyse",29,21660735,0.0175544000001082,478416,4,NA,NA,1019,0.5095
2000,8,"Pigeon-Heyse",30,21660736,0.0148105000000669,478416,3,NA,NA,1007,0.5035
2000,8,"Osius-Rojek",1,21660707,0.00139050000029783,754592,4,NA,NA,1003,0.5015
2000,8,"Osius-Rojek",2,21660708,0.00157850000005055,754592,4,NA,NA,1026,0.513
2000,8,"Osius-Rojek",3,21660709,0.00137350000022707,754592,4,NA,NA,1012,0.506
2000,8,"Osius-Rojek",4,21660710,0.00141490000009981,754592,4,NA,NA,1000,0.5
2000,8,"Osius-Rojek",5,21660711,0.00148680000006607,754592,4,NA,NA,1039,0.5195
2000,8,"Osius-Rojek",6,21660712,0.00171820000014122,754592,4,NA,NA,1042,0.521
2000,8,"Osius-Rojek",7,21660713,0.00431160000016462,754592,4,NA,NA,1004,0.502
2000,8,"Osius-Rojek",8,21660714,0.0109056000001146,754592,4,NA,NA,1010,0.505
2000,8,"Osius-Rojek",9,21660715,0.00379970000017238,754592,4,NA,NA,1022,0.511
2000,8,"Osius-Rojek",10,21660716,0.00415190000012444,754592,4,NA,NA,1045,0.5225
2000,8,"Osius-Rojek",11,21660717,0.00213890000009087,754592,4,NA,NA,980,0.49
2000,8,"Osius-Rojek",12,21660718,0.00421970000024885,754592,4,NA,NA,1025,0.5125
2000,8,"Osius-Rojek",13,21660719,0.00313670000014099,754592,3,NA,NA,1043,0.5215
2000,8,"Osius-Rojek",14,21660720,0.00382420000028105,754592,4,NA,NA,1022,0.511
2000,8,"Osius-Rojek",15,21660721,0.00365560000000187,754592,3,NA,NA,990,0.495
2000,8,"Osius-Rojek",16,21660722,0.00302460000011706,754592,3,NA,NA,1036,0.518
2000,8,"Osius-Rojek",17,21660723,0.00495590000036827,754592,4,NA,NA,1020,0.51
2000,8,"Osius-Rojek",18,21660724,0.00513080000018817,754592,4,NA,NA,1009,0.5045
2000,8,"Osius-Rojek",19,21660725,0.00390590000006341,754592,4,NA,NA,1046,0.523
2000,8,"Osius-Rojek",20,21660726,0.00403260000007322,754592,4,NA,NA,995,0.4975
2000,8,"Osius-Rojek",21,21660727,0.00370340000017677,754592,4,NA,NA,1006,0.503
2000,8,"Osius-Rojek",22,21660728,0.00446550000015122,754592,4,NA,NA,1010,0.505
2000,8,"Osius-Rojek",23,21660729,0.00849990000006073,754592,4,NA,NA,978,0.489
2000,8,"Osius-Rojek",24,21660730,0.00377950000006422,754592,4,NA,NA,1012,0.506
2000,8,"Osius-Rojek",25,21660731,0.00492810000014288,754592,4,NA,NA,1045,0.5225
2000,8,"Osius-Rojek",26,21660732,0.00340189999997165,754592,3,NA,NA,1032,0.516
2000,8,"Osius-Rojek",27,21660733,0.00422470000034991,754592,4,NA,NA,1031,0.5155
2000,8,"Osius-Rojek",28,21660734,0.00416260000019975,754592,4,NA,NA,1045,0.5225
2000,8,"Osius-Rojek",29,21660735,0.00300890000016807,754592,4,NA,NA,1019,0.5095
2000,8,"Osius-Rojek",30,21660736,0.0025113000001511,754592,3,NA,NA,1007,0.5035
2000,8,"Stukel",1,21660707,0.00141110000026856,890856,4,4,1,1003,0.5015
2000,8,"Stukel",2,21660708,0.00148550000017167,890856,4,4,1,1026,0.513
2000,8,"Stukel",3,21660709,0.00172950000023775,890856,4,4,1,1012,0.506
2000,8,"Stukel",4,21660710,0.00385770000002594,890856,4,4,1,1000,0.5
2000,8,"Stukel",5,21660711,0.00166920000015125,890856,4,4,1,1039,0.5195
2000,8,"Stukel",6,21660712,0.00151670000013837,890856,4,4,1,1042,0.521
2000,8,"Stukel",7,21660713,0.00438230000008843,890856,4,4,1,1004,0.502
2000,8,"Stukel",8,21660714,0.00391850000028171,890856,4,4,1,1010,0.505
2000,8,"Stukel",9,21660715,0.00435210000000552,890856,4,4,1,1022,0.511
2000,8,"Stukel",10,21660716,0.004049299999906,890856,4,4,1,1045,0.5225
2000,8,"Stukel",11,21660717,0.00295970000001944,890856,4,4,1,980,0.49
2000,8,"Stukel",12,21660718,0.0045167000002948,890856,4,4,1,1025,0.5125
2000,8,"Stukel",13,21660719,0.00287260000027345,890856,3,4,1,1043,0.5215
2000,8,"Stukel",14,21660720,0.0040043000001333,890856,4,4,1,1022,0.511
2000,8,"Stukel",15,21660721,0.00444220000008499,890856,3,4,1,990,0.495
2000,8,"Stukel",16,21660722,0.00353810000001431,890856,3,4,1,1036,0.518
2000,8,"Stukel",17,21660723,0.0051885000002585,890856,4,4,1,1020,0.51
2000,8,"Stukel",18,21660724,0.011282600000186,890856,4,4,1,1009,0.5045
2000,8,"Stukel",19,21660725,0.00410759999999755,890856,4,4,1,1046,0.523
2000,8,"Stukel",20,21660726,0.00455299999998715,890856,4,4,1,995,0.4975
2000,8,"Stukel",21,21660727,0.00271629999997458,890856,4,4,1,1006,0.503
2000,8,"Stukel",22,21660728,0.00530440000011367,890856,4,4,1,1010,0.505
2000,8,"Stukel",23,21660729,0.00337119999994684,890856,4,4,1,978,0.489
2000,8,"Stukel",24,21660730,0.00477680000017244,890856,4,4,1,1012,0.506
2000,8,"Stukel",25,21660731,0.0037537999999131,890856,4,4,1,1045,0.5225
2000,8,"Stukel",26,21660732,0.00347990000022946,890856,3,4,1,1032,0.516
2000,8,"Stukel",27,21660733,0.00361270000030345,890856,4,4,1,1031,0.5155
2000,8,"Stukel",28,21660734,0.00464310000006662,890856,4,4,1,1045,0.5225
2000,8,"Stukel",29,21660735,0.00340350000010403,890856,4,4,1,1019,0.5095
2000,8,"Stukel",30,21660736,0.00312080000003334,890856,3,4,1,1007,0.5035
2000,8,"Tsiatis",1,21660707,0.00676969999994981,2066576,4,NA,NA,1003,0.5015
2000,8,"Tsiatis",2,21660708,0.00812080000014248,2066576,4,NA,NA,1026,0.513
2000,8,"Tsiatis",3,21660709,0.00778190000005452,2066576,4,NA,NA,1012,0.506
2000,8,"Tsiatis",4,21660710,0.00739900000007765,2066576,4,NA,NA,1000,0.5
2000,8,"Tsiatis",5,21660711,0.00898310000002311,2066576,4,NA,NA,1039,0.5195
2000,8,"Tsiatis",6,21660712,0.00822160000006988,2066576,4,NA,NA,1042,0.521
2000,8,"Tsiatis",7,21660713,0.0253129000002446,2066576,4,NA,NA,1004,0.502
2000,8,"Tsiatis",8,21660714,0.0161966000000575,2066576,4,NA,NA,1010,0.505
2000,8,"Tsiatis",9,21660715,0.0184350000001814,2066576,4,NA,NA,1022,0.511
2000,8,"Tsiatis",10,21660716,0.0119962000001124,2066576,4,NA,NA,1045,0.5225
2000,8,"Tsiatis",11,21660717,0.0110121000002437,2066576,4,NA,NA,980,0.49
2000,8,"Tsiatis",12,21660718,0.0114376999999877,2066576,4,NA,NA,1025,0.5125
2000,8,"Tsiatis",13,21660719,0.0128557000000455,2066576,3,NA,NA,1043,0.5215
2000,8,"Tsiatis",14,21660720,0.0117210000000796,2066576,4,NA,NA,1022,0.511
2000,8,"Tsiatis",15,21660721,0.0168338000000858,2066576,3,NA,NA,990,0.495
2000,8,"Tsiatis",16,21660722,0.0118342000000666,2066576,3,NA,NA,1036,0.518
2000,8,"Tsiatis",17,21660723,0.0123598000000129,2066576,4,NA,NA,1020,0.51
2000,8,"Tsiatis",18,21660724,0.0223379000001387,2066576,4,NA,NA,1009,0.5045
2000,8,"Tsiatis",19,21660725,0.026354000000083,2066576,4,NA,NA,1046,0.523
2000,8,"Tsiatis",20,21660726,0.0167534000001979,2066576,4,NA,NA,995,0.4975
2000,8,"Tsiatis",21,21660727,0.00922839999998359,2066576,4,NA,NA,1006,0.503
2000,8,"Tsiatis",22,21660728,0.015262200000052,2066576,4,NA,NA,1010,0.505
2000,8,"Tsiatis",23,21660729,0.0158629000002293,2066576,4,NA,NA,978,0.489
2000,8,"Tsiatis",24,21660730,0.0113678000000164,2066576,4,NA,NA,1012,0.506
2000,8,"Tsiatis",25,21660731,0.0169358000002831,2066576,4,NA,NA,1045,0.5225
2000,8,"Tsiatis",26,21660732,0.012670400000161,2066576,3,NA,NA,1032,0.516
2000,8,"Tsiatis",27,21660733,0.0124842000000172,2066576,4,NA,NA,1031,0.5155
2000,8,"Tsiatis",28,21660734,0.0125915000000987,2066576,4,NA,NA,1045,0.5225
2000,8,"Tsiatis",29,21660735,0.0138646000000335,2066576,4,NA,NA,1019,0.5095
2000,8,"Tsiatis",30,21660736,0.0137126000001899,2066576,3,NA,NA,1007,0.5035
2000,8,"Xie",1,21660707,0.146323500000108,5937808,4,NA,NA,1003,0.5015
2000,8,"Xie",2,21660708,0.129240900000241,5937800,4,NA,NA,1026,0.513
2000,8,"Xie",3,21660709,0.134340600000087,5937816,4,NA,NA,1012,0.506
2000,8,"Xie",4,21660710,0.145926500000087,5937800,4,NA,NA,1000,0.5
2000,8,"Xie",5,21660711,0.135416400000167,5937808,4,NA,NA,1039,0.5195
2000,8,"Xie",6,21660712,0.121108800000002,5937816,4,NA,NA,1042,0.521
2000,8,"Xie",7,21660713,0.160934400000315,5937824,4,NA,NA,1004,0.502
2000,8,"Xie",8,21660714,0.221405400000094,5937816,4,NA,NA,1010,0.505
2000,8,"Xie",9,21660715,0.159810600000355,5937808,4,NA,NA,1022,0.511
2000,8,"Xie",10,21660716,0.2022343000001,5937800,4,NA,NA,1045,0.5225
2000,8,"Xie",11,21660717,0.159034900000051,5937808,4,NA,NA,980,0.49
2000,8,"Xie",12,21660718,0.175401900000224,5937800,4,NA,NA,1025,0.5125
2000,8,"Xie",13,21660719,0.216651900000215,5937808,3,NA,NA,1043,0.5215
2000,8,"Xie",14,21660720,0.199518699999999,5937808,4,NA,NA,1022,0.511
2000,8,"Xie",15,21660721,0.174619200000279,5937800,3,NA,NA,990,0.495
2000,8,"Xie",16,21660722,0.146977200000038,5937808,3,NA,NA,1036,0.518
2000,8,"Xie",17,21660723,0.168011400000069,5937808,4,NA,NA,1020,0.51
2000,8,"Xie",18,21660724,0.190534500000012,5937800,4,NA,NA,1009,0.5045
2000,8,"Xie",19,21660725,0.186128300000064,5937816,4,NA,NA,1046,0.523
2000,8,"Xie",20,21660726,0.186817500000188,5937808,4,NA,NA,995,0.4975
2000,8,"Xie",21,21660727,0.173516999999947,5937800,4,NA,NA,1006,0.503
2000,8,"Xie",22,21660728,0.179037400000198,5937792,4,NA,NA,1010,0.505
2000,8,"Xie",23,21660729,0.208621100000073,5937816,4,NA,NA,978,0.489
2000,8,"Xie",24,21660730,0.208772700000054,5937816,4,NA,NA,1012,0.506
2000,8,"Xie",25,21660731,0.180780900000173,5937824,4,NA,NA,1045,0.5225
2000,8,"Xie",26,21660732,0.150428700000248,5937816,3,NA,NA,1032,0.516
2000,8,"Xie",27,21660733,0.189100900000312,5937800,4,NA,NA,1031,0.5155
2000,8,"Xie",28,21660734,0.186271400000123,5937808,4,NA,NA,1045,0.5225
2000,8,"Xie",29,21660735,0.214294100000188,5937808,4,NA,NA,1019,0.5095
2000,8,"Xie",30,21660736,0.148889799999779,5937800,3,NA,NA,1007,0.5035
2000,8,"Pulkstenis-Robinson",1,21660707,0.00486780000005638,1002360,4,NA,NA,1003,0.5015
2000,8,"Pulkstenis-Robinson",2,21660708,0.00300110000011955,1002296,4,NA,NA,1026,0.513
2000,8,"Pulkstenis-Robinson",3,21660709,0.00361250000014479,1002296,4,NA,NA,1012,0.506
2000,8,"Pulkstenis-Robinson",4,21660710,0.00304510000000846,1002296,4,NA,NA,1000,0.5
2000,8,"Pulkstenis-Robinson",5,21660711,0.00396020000016506,1002360,4,NA,NA,1039,0.5195
2000,8,"Pulkstenis-Robinson",6,21660712,0.00276489999987461,1002296,4,NA,NA,1042,0.521
2000,8,"Pulkstenis-Robinson",7,21660713,0.00586629999997967,1002360,4,NA,NA,1004,0.502
2000,8,"Pulkstenis-Robinson",8,21660714,0.00680350000016006,1002296,4,NA,NA,1010,0.505
2000,8,"Pulkstenis-Robinson",9,21660715,0.00605950000021949,1002296,4,NA,NA,1022,0.511
2000,8,"Pulkstenis-Robinson",10,21660716,0.00684330000012778,1002296,4,NA,NA,1045,0.5225
2000,8,"Pulkstenis-Robinson",11,21660717,0.00506990000008045,1002360,4,NA,NA,980,0.49
2000,8,"Pulkstenis-Robinson",12,21660718,0.00595490000000609,1002296,4,NA,NA,1025,0.5125
2000,8,"Pulkstenis-Robinson",13,21660719,0.0069596000000729,1002360,3,NA,NA,1043,0.5215
2000,8,"Pulkstenis-Robinson",14,21660720,0.00720339999998032,1002360,4,NA,NA,1022,0.511
2000,8,"Pulkstenis-Robinson",15,21660721,0.00731450000012046,1002360,3,NA,NA,990,0.495
2000,8,"Pulkstenis-Robinson",16,21660722,0.00388690000022507,1002360,3,NA,NA,1036,0.518
2000,8,"Pulkstenis-Robinson",17,21660723,0.0061182000001736,1002360,4,NA,NA,1020,0.51
2000,8,"Pulkstenis-Robinson",18,21660724,0.00435770000012781,1002360,4,NA,NA,1009,0.5045
2000,8,"Pulkstenis-Robinson",19,21660725,0.0102751000001717,1002360,4,NA,NA,1046,0.523
2000,8,"Pulkstenis-Robinson",20,21660726,0.0077880000001187,1002360,4,NA,NA,995,0.4975
2000,8,"Pulkstenis-Robinson",21,21660727,0.00463140000010753,1002360,4,NA,NA,1006,0.503
2000,8,"Pulkstenis-Robinson",22,21660728,0.00563130000000456,1002360,4,NA,NA,1010,0.505
2000,8,"Pulkstenis-Robinson",23,21660729,0.00634310000032201,1002360,4,NA,NA,978,0.489
2000,8,"Pulkstenis-Robinson",24,21660730,0.00954960000012761,1002360,4,NA,NA,1012,0.506
2000,8,"Pulkstenis-Robinson",25,21660731,0.00752620000025672,1002360,4,NA,NA,1045,0.5225
2000,8,"Pulkstenis-Robinson",26,21660732,0.00360970000019734,1002360,3,NA,NA,1032,0.516
2000,8,"Pulkstenis-Robinson",27,21660733,0.0102697000002081,1002296,4,NA,NA,1031,0.5155
2000,8,"Pulkstenis-Robinson",28,21660734,0.00830390000010084,1002360,4,NA,NA,1045,0.5225
2000,8,"Pulkstenis-Robinson",29,21660735,0.00759070000003703,1002360,4,NA,NA,1019,0.5095
2000,8,"Pulkstenis-Robinson",30,21660736,0.00513440000008814,1002360,3,NA,NA,1007,0.5035
2000,8,"le-Cessie",1,21660707,26.3732822000002,666352696,4,NA,NA,1003,0.5015
2000,8,"le-Cessie",2,21660708,14.3876722000002,666352456,4,NA,NA,1026,0.513
2000,8,"le-Cessie",3,21660709,26.4594642,666352456,4,NA,NA,1012,0.506
2000,8,"le-Cessie",4,21660710,26.2324615000002,666352456,4,NA,NA,1000,0.5
2000,8,"le-Cessie",5,21660711,26.2159678,666352456,4,NA,NA,1039,0.5195
2000,8,"glm_fit",1,21660707,0.00585619999992559,4894192,4,NA,NA,1003,0.5015
2000,8,"glm_fit",2,21660708,0.00591749999989588,4894192,4,NA,NA,1026,0.513
2000,8,"glm_fit",3,21660709,0.00656880000019555,4894192,4,NA,NA,1012,0.506
2000,8,"glm_fit",4,21660710,0.00716530000022431,4894192,4,NA,NA,1000,0.5
2000,8,"glm_fit",5,21660711,0.00825010000016846,4894192,4,NA,NA,1039,0.5195
2000,8,"glm_fit",6,21660712,0.00525840000022981,4894192,4,NA,NA,1042,0.521
2000,8,"glm_fit",7,21660713,0.0101524000001518,4894192,4,NA,NA,1004,0.502
2000,8,"glm_fit",8,21660714,0.013064600000007,4894192,4,NA,NA,1010,0.505
2000,8,"glm_fit",9,21660715,0.0111034000001382,4894192,4,NA,NA,1022,0.511
2000,8,"glm_fit",10,21660716,0.0124807000001965,4894192,4,NA,NA,1045,0.5225
2000,8,"glm_fit",11,21660717,0.0139672999998766,4894192,4,NA,NA,980,0.49
2000,8,"glm_fit",12,21660718,0.0109833999999864,4894192,4,NA,NA,1025,0.5125
2000,8,"glm_fit",13,21660719,0.0109593000001951,4019104,3,NA,NA,1043,0.5215
2000,8,"glm_fit",14,21660720,0.010575700000345,4894192,4,NA,NA,1022,0.511
2000,8,"glm_fit",15,21660721,0.0109689000000799,4019104,3,NA,NA,990,0.495
2000,8,"glm_fit",16,21660722,0.0100370000002385,4019104,3,NA,NA,1036,0.518
2000,8,"glm_fit",17,21660723,0.0119251000000986,4894192,4,NA,NA,1020,0.51
2000,8,"glm_fit",18,21660724,0.0102798000000348,4894192,4,NA,NA,1009,0.5045
2000,8,"glm_fit",19,21660725,0.0125345999999809,4894192,4,NA,NA,1046,0.523
2000,8,"glm_fit",20,21660726,0.0148288000000321,4894192,4,NA,NA,995,0.4975
2000,8,"glm_fit",21,21660727,0.0103636000001188,4894192,4,NA,NA,1006,0.503
2000,8,"glm_fit",22,21660728,0.0102710000003299,4894192,4,NA,NA,1010,0.505
2000,8,"glm_fit",23,21660729,0.00869010000019443,4894192,4,NA,NA,978,0.489
2000,8,"glm_fit",24,21660730,0.00910680000015418,4894192,4,NA,NA,1012,0.506
2000,8,"glm_fit",25,21660731,0.0162404000002425,4894192,4,NA,NA,1045,0.5225
2000,8,"glm_fit",26,21660732,0.00642600000014681,4019104,3,NA,NA,1032,0.516
2000,8,"glm_fit",27,21660733,0.0115439000003335,4894192,4,NA,NA,1031,0.5155
2000,8,"glm_fit",28,21660734,0.0115432000000055,4894192,4,NA,NA,1045,0.5225
2000,8,"glm_fit",29,21660735,0.00945100000012644,4894192,4,NA,NA,1019,0.5095
2000,8,"glm_fit",30,21660736,0.00696850000008453,4019104,3,NA,NA,1007,0.5035
2000,16,"DEF.poly3",1,21760707,0.00677439999981289,1699952,4,NA,NA,1016,0.508
2000,16,"DEF.poly3",2,21760708,0.00589719999993576,1699952,4,NA,NA,1050,0.525
2000,16,"DEF.poly3",3,21760709,0.00686189999987619,1699952,4,NA,NA,1058,0.529
2000,16,"DEF.poly3",4,21760710,0.00645450000024539,1699952,4,NA,NA,1008,0.504
2000,16,"DEF.poly3",5,21760711,0.00657019999971453,1699952,4,NA,NA,1011,0.5055
2000,16,"DEF.poly3",6,21760712,0.00633620000030533,1699952,4,NA,NA,965,0.4825
2000,16,"DEF.poly3",7,21760713,0.0202341000001525,1699976,3,NA,NA,1000,0.5
2000,16,"DEF.poly3",8,21760714,0.014958400000296,1699952,4,NA,NA,1004,0.502
2000,16,"DEF.poly3",9,21760715,0.0245828000001893,1699952,4,NA,NA,998,0.499
2000,16,"DEF.poly3",10,21760716,0.017793200000142,1699952,4,NA,NA,1020,0.51
2000,16,"DEF.poly3",11,21760717,0.0103909999997995,1699952,4,NA,NA,993,0.4965
2000,16,"DEF.poly3",12,21760718,0.012816500000099,1699952,3,NA,NA,1021,0.5105
2000,16,"DEF.poly3",13,21760719,0.0141929000001255,1699976,3,NA,NA,988,0.494
2000,16,"DEF.poly3",14,21760720,0.0110781000003044,1699952,4,NA,NA,1019,0.5095
2000,16,"DEF.poly3",15,21760721,0.0137742000001708,1699952,4,NA,NA,971,0.4855
2000,16,"DEF.poly3",16,21760722,0.0119244000002254,1699952,4,NA,NA,1011,0.5055
2000,16,"DEF.poly3",17,21760723,0.0142424000000574,1699952,4,NA,NA,981,0.4905
2000,16,"DEF.poly3",18,21760724,0.0180190000000948,1699952,3,NA,NA,1014,0.507
2000,16,"DEF.poly3",19,21760725,0.0404229000000669,1699952,4,NA,NA,1027,0.5135
2000,16,"DEF.poly3",20,21760726,0.0109423999999763,1699952,4,NA,NA,1032,0.516
2000,16,"DEF.poly3",21,21760727,0.0123450999999477,1699952,4,NA,NA,1039,0.5195
2000,16,"DEF.poly3",22,21760728,0.0187696999998934,1699952,4,NA,NA,1022,0.511
2000,16,"DEF.poly3",23,21760729,0.0103659000001244,1699952,4,NA,NA,1048,0.524
2000,16,"DEF.poly3",24,21760730,0.0149611000001642,1699952,4,NA,NA,994,0.497
2000,16,"DEF.poly3",25,21760731,0.0117630000002009,1699952,4,NA,NA,970,0.485
2000,16,"DEF.poly3",26,21760732,0.0115584000000126,1699952,4,NA,NA,1035,0.5175
2000,16,"DEF.poly3",27,21760733,0.0189409000001888,1699952,3,NA,NA,1018,0.509
2000,16,"DEF.poly3",28,21760734,0.0292868000001363,1699952,4,NA,NA,1004,0.502
2000,16,"DEF.poly3",29,21760735,0.0113001000001987,1699952,4,NA,NA,991,0.4955
2000,16,"DEF.poly3",30,21760736,0.0111756000001151,1699952,4,NA,NA,1013,0.5065
2000,16,"DEF.stukel",1,21760707,0.00717820000022584,1693048,4,NA,NA,1016,0.508
2000,16,"DEF.stukel",2,21760708,0.00611930000013672,1693048,4,NA,NA,1050,0.525
2000,16,"DEF.stukel",3,21760709,0.0140876999998909,1693048,4,NA,NA,1058,0.529
2000,16,"DEF.stukel",4,21760710,0.0148613999999725,1693048,4,NA,NA,1008,0.504
2000,16,"DEF.stukel",5,21760711,0.00621680000017477,1693048,4,NA,NA,1011,0.5055
2000,16,"DEF.stukel",6,21760712,0.00623050000035619,1693048,4,NA,NA,965,0.4825
2000,16,"DEF.stukel",7,21760713,0.011317100000042,1693048,3,NA,NA,1000,0.5
2000,16,"DEF.stukel",8,21760714,0.0134163000002445,1693048,4,NA,NA,1004,0.502
2000,16,"DEF.stukel",9,21760715,0.0216795000001184,1693048,4,NA,NA,998,0.499
2000,16,"DEF.stukel",10,21760716,0.0131308000002264,1693048,4,NA,NA,1020,0.51
2000,16,"DEF.stukel",11,21760717,0.0115147999997589,1693048,4,NA,NA,993,0.4965
2000,16,"DEF.stukel",12,21760718,0.0262514999999439,1693048,3,NA,NA,1021,0.5105
2000,16,"DEF.stukel",13,21760719,0.0232066000000941,1693048,3,NA,NA,988,0.494
2000,16,"DEF.stukel",14,21760720,0.0123876000000109,1693048,4,NA,NA,1019,0.5095
2000,16,"DEF.stukel",15,21760721,0.0124126000000615,1693048,4,NA,NA,971,0.4855
2000,16,"DEF.stukel",16,21760722,0.0115911000000324,1693048,4,NA,NA,1011,0.5055
2000,16,"DEF.stukel",17,21760723,0.025961800000232,1693048,4,NA,NA,981,0.4905
2000,16,"DEF.stukel",18,21760724,0.0255265000002964,1693048,3,NA,NA,1014,0.507
2000,16,"DEF.stukel",19,21760725,0.0115144999997483,1693048,4,NA,NA,1027,0.5135
2000,16,"DEF.stukel",20,21760726,0.0116708000000472,1693048,4,NA,NA,1032,0.516
2000,16,"DEF.stukel",21,21760727,0.0107657000000927,1693048,4,NA,NA,1039,0.5195
2000,16,"DEF.stukel",22,21760728,0.0126635999999962,1693048,4,NA,NA,1022,0.511
2000,16,"DEF.stukel",23,21760729,0.0288303000002088,1693048,4,NA,NA,1048,0.524
2000,16,"DEF.stukel",24,21760730,0.0194085000000541,1693048,4,NA,NA,994,0.497
2000,16,"DEF.stukel",25,21760731,0.00959030000012717,1693048,4,NA,NA,970,0.485
2000,16,"DEF.stukel",26,21760732,0.010727800000268,1693048,4,NA,NA,1035,0.5175
2000,16,"DEF.stukel",27,21760733,0.0115680000001248,1693048,3,NA,NA,1018,0.509
2000,16,"DEF.stukel",28,21760734,0.0127720000002682,1693048,4,NA,NA,1004,0.502
2000,16,"DEF.stukel",29,21760735,0.0129626000002645,1693048,4,NA,NA,991,0.4955
2000,16,"DEF.stukel",30,21760736,0.0112692000002426,1693048,4,NA,NA,1013,0.5065
2000,16,"EF",1,21760707,0.0023218999999699,702552,4,NA,NA,1016,0.508
2000,16,"EF",2,21760708,0.00218250000011722,702552,4,NA,NA,1050,0.525
2000,16,"EF",3,21760709,0.00349040000014611,702552,4,NA,NA,1058,0.529
2000,16,"EF",4,21760710,0.00209780000022874,702552,4,NA,NA,1008,0.504
2000,16,"EF",5,21760711,0.00243990000012673,702552,4,NA,NA,1011,0.5055
2000,16,"EF",6,21760712,0.00194970000006833,702552,4,NA,NA,965,0.4825
2000,16,"EF",7,21760713,0.00469650000013644,702552,3,NA,NA,1000,0.5
2000,16,"EF",8,21760714,0.00577190000012706,702552,4,NA,NA,1004,0.502
2000,16,"EF",9,21760715,0.00490340000033029,702552,4,NA,NA,998,0.499
2000,16,"EF",10,21760716,0.0046823000002405,702552,4,NA,NA,1020,0.51
2000,16,"EF",11,21760717,0.00387599999999111,702552,4,NA,NA,993,0.4965
2000,16,"EF",12,21760718,0.00632910000012998,702552,3,NA,NA,1021,0.5105
2000,16,"EF",13,21760719,0.0703523000001951,702552,3,NA,NA,988,0.494
2000,16,"EF",14,21760720,0.00551889999997002,702552,4,NA,NA,1019,0.5095
2000,16,"EF",15,21760721,0.00619010000013986,702552,4,NA,NA,971,0.4855
2000,16,"EF",16,21760722,0.00314930000013192,702552,4,NA,NA,1011,0.5055
2000,16,"EF",17,21760723,0.00657900000010159,702552,4,NA,NA,981,0.4905
2000,16,"EF",18,21760724,0.00505030000022089,702552,3,NA,NA,1014,0.507
2000,16,"EF",19,21760725,0.00473900000019967,702552,4,NA,NA,1027,0.5135
2000,16,"EF",20,21760726,0.00654580000013993,702552,4,NA,NA,1032,0.516
2000,16,"EF",21,21760727,0.00410170000009202,702552,4,NA,NA,1039,0.5195
2000,16,"EF",22,21760728,0.00448180000012144,702552,4,NA,NA,1022,0.511
2000,16,"EF",23,21760729,0.00821390000010069,702552,4,NA,NA,1048,0.524
2000,16,"EF",24,21760730,0.00398940000013681,702552,4,NA,NA,994,0.497
2000,16,"EF",25,21760731,0.00492640000015854,702552,4,NA,NA,970,0.485
2000,16,"EF",26,21760732,0.00524570000015956,702552,4,NA,NA,1035,0.5175
2000,16,"EF",27,21760733,0.00494120000030307,702552,3,NA,NA,1018,0.509
2000,16,"EF",28,21760734,0.00514930000008462,702552,4,NA,NA,1004,0.502
2000,16,"EF",29,21760735,0.00410320000014508,702552,4,NA,NA,991,0.4955
2000,16,"EF",30,21760736,0.00338220000003275,702552,4,NA,NA,1013,0.5065
2000,16,"HL",1,21760707,0.00347929999998087,605264,4,NA,NA,1016,0.508
2000,16,"HL",2,21760708,0.00335190000009788,605264,4,NA,NA,1050,0.525
2000,16,"HL",3,21760709,0.00418340000010176,605264,4,NA,NA,1058,0.529
2000,16,"HL",4,21760710,0.00349860000005719,605264,4,NA,NA,1008,0.504
2000,16,"HL",5,21760711,0.0035597000000962,605264,4,NA,NA,1011,0.5055
2000,16,"HL",6,21760712,0.00352380000003905,605264,4,NA,NA,965,0.4825
2000,16,"HL",7,21760713,0.0075461000001269,605264,3,NA,NA,1000,0.5
2000,16,"HL",8,21760714,0.00655720000008841,605264,4,NA,NA,1004,0.502
2000,16,"HL",9,21760715,0.00879000000009,605264,4,NA,NA,998,0.499
2000,16,"HL",10,21760716,0.00793050000015683,605264,4,NA,NA,1020,0.51
2000,16,"HL",11,21760717,0.0079915000001165,605264,4,NA,NA,993,0.4965
2000,16,"HL",12,21760718,0.00771980000013173,605264,3,NA,NA,1021,0.5105
2000,16,"HL",13,21760719,0.00648100000012164,605264,3,NA,NA,988,0.494
2000,16,"HL",14,21760720,0.00739280000016151,605264,4,NA,NA,1019,0.5095
2000,16,"HL",15,21760721,0.00929970000015601,605264,4,NA,NA,971,0.4855
2000,16,"HL",16,21760722,0.00630110000020068,605264,4,NA,NA,1011,0.5055
2000,16,"HL",17,21760723,0.00641860000018823,605264,4,NA,NA,981,0.4905
2000,16,"HL",18,21760724,0.00759910000033415,605264,3,NA,NA,1014,0.507
2000,16,"HL",19,21760725,0.00853730000017094,605264,4,NA,NA,1027,0.5135
2000,16,"HL",20,21760726,0.00855370000022049,605264,4,NA,NA,1032,0.516
2000,16,"HL",21,21760727,0.00540440000008857,605264,4,NA,NA,1039,0.5195
2000,16,"HL",22,21760728,0.00737950000029741,605264,4,NA,NA,1022,0.511
2000,16,"HL",23,21760729,0.0237703000002512,605264,4,NA,NA,1048,0.524
2000,16,"HL",24,21760730,0.00737490000005891,605264,4,NA,NA,994,0.497
2000,16,"HL",25,21760731,0.00748470000007728,605264,4,NA,NA,970,0.485
2000,16,"HL",26,21760732,0.0054026000000249,605264,4,NA,NA,1035,0.5175
2000,16,"HL",27,21760733,0.00756640000008701,605264,3,NA,NA,1018,0.509
2000,16,"HL",28,21760734,0.00761400000033063,605264,4,NA,NA,1004,0.502
2000,16,"HL",29,21760735,0.0067145000000437,605264,4,NA,NA,991,0.4955
2000,16,"HL",30,21760736,0.00691750000009961,605264,4,NA,NA,1013,0.5065
2000,16,"Pigeon-Heyse",1,21760707,0.00191350000022794,607520,4,NA,NA,1016,0.508
2000,16,"Pigeon-Heyse",2,21760708,0.00186189999999442,607520,4,NA,NA,1050,0.525
2000,16,"Pigeon-Heyse",3,21760709,0.00196510000023409,607520,4,NA,NA,1058,0.529
2000,16,"Pigeon-Heyse",4,21760710,0.00190380000003643,607520,4,NA,NA,1008,0.504
2000,16,"Pigeon-Heyse",5,21760711,0.00188080000020818,607520,4,NA,NA,1011,0.5055
2000,16,"Pigeon-Heyse",6,21760712,0.00216610000029505,607520,4,NA,NA,965,0.4825
2000,16,"Pigeon-Heyse",7,21760713,0.00451770000017859,607520,3,NA,NA,1000,0.5
2000,16,"Pigeon-Heyse",8,21760714,0.00409190000004855,607520,4,NA,NA,1004,0.502
2000,16,"Pigeon-Heyse",9,21760715,0.00615820000007261,607520,4,NA,NA,998,0.499
2000,16,"Pigeon-Heyse",10,21760716,0.00416950000021643,607520,4,NA,NA,1020,0.51
2000,16,"Pigeon-Heyse",11,21760717,0.00439110000024812,607520,4,NA,NA,993,0.4965
2000,16,"Pigeon-Heyse",12,21760718,0.0045967000003202,607520,3,NA,NA,1021,0.5105
2000,16,"Pigeon-Heyse",13,21760719,0.00858100000004924,607520,3,NA,NA,988,0.494
2000,16,"Pigeon-Heyse",14,21760720,0.00587200000018129,607520,4,NA,NA,1019,0.5095
2000,16,"Pigeon-Heyse",15,21760721,0.00515420000010636,607520,4,NA,NA,971,0.4855
2000,16,"Pigeon-Heyse",16,21760722,0.00425900000004731,607520,4,NA,NA,1011,0.5055
2000,16,"Pigeon-Heyse",17,21760723,0.00405830000022434,607520,4,NA,NA,981,0.4905
2000,16,"Pigeon-Heyse",18,21760724,0.00549430000000939,607520,3,NA,NA,1014,0.507
2000,16,"Pigeon-Heyse",19,21760725,0.00347780000015518,607520,4,NA,NA,1027,0.5135
2000,16,"Pigeon-Heyse",20,21760726,0.00583210000013423,607520,4,NA,NA,1032,0.516
2000,16,"Pigeon-Heyse",21,21760727,0.00313789999995606,607520,4,NA,NA,1039,0.5195
2000,16,"Pigeon-Heyse",22,21760728,0.00890040000012959,607520,4,NA,NA,1022,0.511
2000,16,"Pigeon-Heyse",23,21760729,0.00843390000022737,607520,4,NA,NA,1048,0.524
2000,16,"Pigeon-Heyse",24,21760730,0.0083339000000251,607520,4,NA,NA,994,0.497
2000,16,"Pigeon-Heyse",25,21760731,0.00614049999990129,607520,4,NA,NA,970,0.485
2000,16,"Pigeon-Heyse",26,21760732,0.00595809999981611,607520,4,NA,NA,1035,0.5175
2000,16,"Pigeon-Heyse",27,21760733,0.00415470000029927,607520,3,NA,NA,1018,0.509
2000,16,"Pigeon-Heyse",28,21760734,0.00521560000015597,607520,4,NA,NA,1004,0.502
2000,16,"Pigeon-Heyse",29,21760735,0.00866950000022371,607520,4,NA,NA,991,0.4955
2000,16,"Pigeon-Heyse",30,21760736,0.00334960000009232,607520,4,NA,NA,1013,0.5065
2000,16,"Osius-Rojek",1,21760707,0.00183630000015,1139760,4,NA,NA,1016,0.508
2000,16,"Osius-Rojek",2,21760708,0.00176240000018879,1139760,4,NA,NA,1050,0.525
2000,16,"Osius-Rojek",3,21760709,0.00211259999991853,1139760,4,NA,NA,1058,0.529
2000,16,"Osius-Rojek",4,21760710,0.00199920000022757,1139760,4,NA,NA,1008,0.504
2000,16,"Osius-Rojek",5,21760711,0.00207580000028429,1139760,4,NA,NA,1011,0.5055
2000,16,"Osius-Rojek",6,21760712,0.00192410000022392,1139760,4,NA,NA,965,0.4825
2000,16,"Osius-Rojek",7,21760713,0.00368340000022727,1139760,3,NA,NA,1000,0.5
2000,16,"Osius-Rojek",8,21760714,0.00614429999995991,1139760,4,NA,NA,1004,0.502
2000,16,"Osius-Rojek",9,21760715,0.00471630000015466,1139760,4,NA,NA,998,0.499
2000,16,"Osius-Rojek",10,21760716,0.00418520000016542,1139760,4,NA,NA,1020,0.51
2000,16,"Osius-Rojek",11,21760717,0.00426340000035452,1139760,4,NA,NA,993,0.4965
2000,16,"Osius-Rojek",12,21760718,0.0107706000001144,1139760,3,NA,NA,1021,0.5105
2000,16,"Osius-Rojek",13,21760719,0.0049282000002222,1139760,3,NA,NA,988,0.494
2000,16,"Osius-Rojek",14,21760720,0.0050911000000724,1139760,4,NA,NA,1019,0.5095
2000,16,"Osius-Rojek",15,21760721,0.0054437000001144,1139760,4,NA,NA,971,0.4855
2000,16,"Osius-Rojek",16,21760722,0.00522760000012568,1139760,4,NA,NA,1011,0.5055
2000,16,"Osius-Rojek",17,21760723,0.00523860000021159,1139760,4,NA,NA,981,0.4905
2000,16,"Osius-Rojek",18,21760724,0.00404090000006363,1139760,3,NA,NA,1014,0.507
2000,16,"Osius-Rojek",19,21760725,0.0045425000000705,1139760,4,NA,NA,1027,0.5135
2000,16,"Osius-Rojek",20,21760726,0.0131151000002774,1139760,4,NA,NA,1032,0.516
2000,16,"Osius-Rojek",21,21760727,0.00336460000016814,1139760,4,NA,NA,1039,0.5195
2000,16,"Osius-Rojek",22,21760728,0.00394359999995686,1139760,4,NA,NA,1022,0.511
2000,16,"Osius-Rojek",23,21760729,0.00577210000005834,1139760,4,NA,NA,1048,0.524
2000,16,"Osius-Rojek",24,21760730,0.00454340000010234,1139760,4,NA,NA,994,0.497
2000,16,"Osius-Rojek",25,21760731,0.00684649999993781,1139760,4,NA,NA,970,0.485
2000,16,"Osius-Rojek",26,21760732,0.00461210000025858,1139760,4,NA,NA,1035,0.5175
2000,16,"Osius-Rojek",27,21760733,0.00393200000030447,1139760,3,NA,NA,1018,0.509
2000,16,"Osius-Rojek",28,21760734,0.00360709999995379,1139760,4,NA,NA,1004,0.502
2000,16,"Osius-Rojek",29,21760735,0.00428370000008726,1139760,4,NA,NA,991,0.4955
2000,16,"Osius-Rojek",30,21760736,0.00452119999977185,1139760,4,NA,NA,1013,0.5065
2000,16,"Stukel",1,21760707,0.00157199999989643,1275960,4,5,1,1016,0.508
2000,16,"Stukel",2,21760708,0.0015922000000046,1275960,4,5,1,1050,0.525
2000,16,"Stukel",3,21760709,0.00168470000016896,1275960,4,5,1,1058,0.529
2000,16,"Stukel",4,21760710,0.00162890000001426,1275960,4,5,1,1008,0.504
2000,16,"Stukel",5,21760711,0.0015904000001683,1275960,4,5,1,1011,0.5055
2000,16,"Stukel",6,21760712,0.00162840000007236,1275960,4,5,1,965,0.4825
2000,16,"Stukel",7,21760713,0.0043921000001319,1275960,3,5,1,1000,0.5
2000,16,"Stukel",8,21760714,0.00553700000023127,1275960,4,5,1,1004,0.502
2000,16,"Stukel",9,21760715,0.0049023000001398,1275960,4,5,1,998,0.499
2000,16,"Stukel",10,21760716,0.00379740000016682,1275960,4,5,1,1020,0.51
2000,16,"Stukel",11,21760717,0.00465530000019498,1275960,4,5,1,993,0.4965
2000,16,"Stukel",12,21760718,0.00342430000023342,1275960,3,5,1,1021,0.5105
2000,16,"Stukel",13,21760719,0.00368040000012115,1275960,3,5,1,988,0.494
2000,16,"Stukel",14,21760720,0.00352040000007037,1275960,4,5,1,1019,0.5095
2000,16,"Stukel",15,21760721,0.00380600000016784,1275960,4,5,1,971,0.4855
2000,16,"Stukel",16,21760722,0.00384240000016689,1275960,4,5,1,1011,0.5055
2000,16,"Stukel",17,21760723,0.00437070000020867,1275960,4,5,1,981,0.4905
2000,16,"Stukel",18,21760724,0.00342940000018643,1275960,3,5,1,1014,0.507
2000,16,"Stukel",19,21760725,0.00432620000015049,1275960,4,5,1,1027,0.5135
2000,16,"Stukel",20,21760726,0.00402989999997772,1275960,4,5,1,1032,0.516
2000,16,"Stukel",21,21760727,0.00273670000001403,1275960,4,5,1,1039,0.5195
2000,16,"Stukel",22,21760728,0.00385430000005726,1275960,4,5,1,1022,0.511
2000,16,"Stukel",23,21760729,0.00308600000016668,1275960,4,5,1,1048,0.524
2000,16,"Stukel",24,21760730,0.0147043000001759,1275960,4,5,1,994,0.497
2000,16,"Stukel",25,21760731,0.00474140000005718,1275960,4,5,1,970,0.485
2000,16,"Stukel",26,21760732,0.00292349999995167,1275960,4,5,1,1035,0.5175
2000,16,"Stukel",27,21760733,0.00433500000031017,1275960,3,5,1,1018,0.509
2000,16,"Stukel",28,21760734,0.00508460000014566,1275960,4,5,1,1004,0.502
2000,16,"Stukel",29,21760735,0.0038798000002771,1275960,4,5,1,991,0.4955
2000,16,"Stukel",30,21760736,0.00305850000017927,1275960,4,5,1,1013,0.5065
2000,16,"Tsiatis",1,21760707,0.00926770000000943,2990048,4,NA,NA,1016,0.508
2000,16,"Tsiatis",2,21760708,0.011448300000211,2990048,4,NA,NA,1050,0.525
2000,16,"Tsiatis",3,21760709,0.0137125000001106,2990048,4,NA,NA,1058,0.529
2000,16,"Tsiatis",4,21760710,0.0163375000001906,2990048,4,NA,NA,1008,0.504
2000,16,"Tsiatis",5,21760711,0.010958200000232,2990048,4,NA,NA,1011,0.5055
2000,16,"Tsiatis",6,21760712,0.0103333999998085,2990048,4,NA,NA,965,0.4825
2000,16,"Tsiatis",7,21760713,0.0177224000001388,2990048,3,NA,NA,1000,0.5
2000,16,"Tsiatis",8,21760714,0.0181328000001031,2990048,4,NA,NA,1004,0.502
2000,16,"Tsiatis",9,21760715,0.013874700000315,2990048,4,NA,NA,998,0.499
2000,16,"Tsiatis",10,21760716,0.0238062000003083,2990048,4,NA,NA,1020,0.51
2000,16,"Tsiatis",11,21760717,0.0157256999998481,2990048,4,NA,NA,993,0.4965
2000,16,"Tsiatis",12,21760718,0.0186043000003338,2990048,3,NA,NA,1021,0.5105
2000,16,"Tsiatis",13,21760719,0.0368802000000414,2990048,3,NA,NA,988,0.494
2000,16,"Tsiatis",14,21760720,0.0207656000002316,2990048,4,NA,NA,1019,0.5095
2000,16,"Tsiatis",15,21760721,0.0211303999999473,2990048,4,NA,NA,971,0.4855
2000,16,"Tsiatis",16,21760722,0.0135053000001335,2990048,4,NA,NA,1011,0.5055
2000,16,"Tsiatis",17,21760723,0.0153935000000729,2990048,4,NA,NA,981,0.4905
2000,16,"Tsiatis",18,21760724,0.0296870000001945,2990048,3,NA,NA,1014,0.507
2000,16,"Tsiatis",19,21760725,0.018695500000149,2990048,4,NA,NA,1027,0.5135
2000,16,"Tsiatis",20,21760726,0.0229511000002276,2990048,4,NA,NA,1032,0.516
2000,16,"Tsiatis",21,21760727,0.015527300000258,2990048,4,NA,NA,1039,0.5195
2000,16,"Tsiatis",22,21760728,0.0196752000001652,2990048,4,NA,NA,1022,0.511
2000,16,"Tsiatis",23,21760729,0.0257357000000411,2990048,4,NA,NA,1048,0.524
2000,16,"Tsiatis",24,21760730,0.0201927000002797,2990048,4,NA,NA,994,0.497
2000,16,"Tsiatis",25,21760731,0.0142177000000174,2990048,4,NA,NA,970,0.485
2000,16,"Tsiatis",26,21760732,0.013122100000146,2990048,4,NA,NA,1035,0.5175
2000,16,"Tsiatis",27,21760733,0.0178060000002915,2990048,3,NA,NA,1018,0.509
2000,16,"Tsiatis",28,21760734,0.0216301000002659,2990048,4,NA,NA,1004,0.502
2000,16,"Tsiatis",29,21760735,0.0341862000002493,2990048,4,NA,NA,991,0.4955
2000,16,"Tsiatis",30,21760736,0.0134887000001527,2990048,4,NA,NA,1013,0.5065
2000,16,"Xie",1,21760707,0.293034200000193,10284424,4,NA,NA,1016,0.508
2000,16,"Xie",2,21760708,0.266942700000072,10284440,4,NA,NA,1050,0.525
2000,16,"Xie",3,21760709,0.279980700000351,10284432,4,NA,NA,1058,0.529
2000,16,"Xie",4,21760710,0.280150200000207,10284424,4,NA,NA,1008,0.504
2000,16,"Xie",5,21760711,0.29272670000023,10284424,4,NA,NA,1011,0.5055
2000,16,"Xie",6,21760712,0.295683600000075,10284440,4,NA,NA,965,0.4825
2000,16,"Xie",7,21760713,0.393482100000028,10284424,3,NA,NA,1000,0.5
2000,16,"Xie",8,21760714,0.418321700000206,10284440,4,NA,NA,1004,0.502
2000,16,"Xie",9,21760715,0.421431800000164,10284432,4,NA,NA,998,0.499
2000,16,"Xie",10,21760716,0.407911700000113,10284440,4,NA,NA,1020,0.51
2000,16,"Xie",11,21760717,0.325748100000283,10284416,4,NA,NA,993,0.4965
2000,16,"Xie",12,21760718,0.399003500000163,10284424,3,NA,NA,1021,0.5105
2000,16,"Xie",13,21760719,0.424530700000105,10284448,3,NA,NA,988,0.494
2000,16,"Xie",14,21760720,0.394044699999995,10284440,4,NA,NA,1019,0.5095
2000,16,"Xie",15,21760721,0.438299800000323,10284416,4,NA,NA,971,0.4855
2000,16,"Xie",16,21760722,0.296104100000093,10284432,4,NA,NA,1011,0.5055
2000,16,"Xie",17,21760723,0.394638400000304,10284432,4,NA,NA,981,0.4905
2000,16,"Xie",18,21760724,0.38382260000003,10284416,3,NA,NA,1014,0.507
2000,16,"Xie",19,21760725,0.377386900000147,10284440,4,NA,NA,1027,0.5135
2000,16,"Xie",20,21760726,0.369143000000122,10284440,4,NA,NA,1032,0.516
2000,16,"Xie",21,21760727,0.338342800000191,10284424,4,NA,NA,1039,0.5195
2000,16,"Xie",22,21760728,0.395088299999998,10284440,4,NA,NA,1022,0.511
2000,16,"Xie",23,21760729,0.45337120000022,10284440,4,NA,NA,1048,0.524
2000,16,"Xie",24,21760730,0.443879799999877,10284416,4,NA,NA,994,0.497
2000,16,"Xie",25,21760731,0.450811000000158,10284432,4,NA,NA,970,0.485
2000,16,"Xie",26,21760732,0.324687900000072,10284440,4,NA,NA,1035,0.5175
2000,16,"Xie",27,21760733,0.351199400000269,10284424,3,NA,NA,1018,0.509
2000,16,"Xie",28,21760734,0.40488530000016,10284424,4,NA,NA,1004,0.502
2000,16,"Xie",29,21760735,0.428685500000029,10284432,4,NA,NA,991,0.4955
2000,16,"Xie",30,21760736,0.330627899999854,10284448,4,NA,NA,1013,0.5065
2000,16,"Pulkstenis-Robinson",1,21760707,0.0038712000000487,1455688,4,NA,NA,1016,0.508
2000,16,"Pulkstenis-Robinson",2,21760708,0.00360650000015994,1455624,4,NA,NA,1050,0.525
2000,16,"Pulkstenis-Robinson",3,21760709,0.00358589999996184,1455688,4,NA,NA,1058,0.529
2000,16,"Pulkstenis-Robinson",4,21760710,0.00383180000017092,1455624,4,NA,NA,1008,0.504
2000,16,"Pulkstenis-Robinson",5,21760711,0.00335330000029899,1455688,4,NA,NA,1011,0.5055
2000,16,"Pulkstenis-Robinson",6,21760712,0.00377960000014355,1455688,4,NA,NA,965,0.4825
2000,16,"Pulkstenis-Robinson",7,21760713,0.00738250000017615,1455624,3,NA,NA,1000,0.5
2000,16,"Pulkstenis-Robinson",8,21760714,0.00740950000022167,1455688,4,NA,NA,1004,0.502
2000,16,"Pulkstenis-Robinson",9,21760715,0.0115158000003248,1455688,4,NA,NA,998,0.499
2000,16,"Pulkstenis-Robinson",10,21760716,0.0108440000001337,1455688,4,NA,NA,1020,0.51
2000,16,"Pulkstenis-Robinson",11,21760717,0.00568039999984649,1455688,4,NA,NA,993,0.4965
2000,16,"Pulkstenis-Robinson",12,21760718,0.00981520000004821,1455624,3,NA,NA,1021,0.5105
2000,16,"Pulkstenis-Robinson",13,21760719,0.00668990000008307,1455688,3,NA,NA,988,0.494
2000,16,"Pulkstenis-Robinson",14,21760720,0.00697179999997388,1455624,4,NA,NA,1019,0.5095
2000,16,"Pulkstenis-Robinson",15,21760721,0.00917090000007192,1455688,4,NA,NA,971,0.4855
2000,16,"Pulkstenis-Robinson",16,21760722,0.0152140000002419,1455688,4,NA,NA,1011,0.5055
2000,16,"Pulkstenis-Robinson",17,21760723,0.00712350000026163,1455624,4,NA,NA,981,0.4905
2000,16,"Pulkstenis-Robinson",18,21760724,0.00761890000035237,1455688,3,NA,NA,1014,0.507
2000,16,"Pulkstenis-Robinson",19,21760725,0.00729360000013912,1455688,4,NA,NA,1027,0.5135
2000,16,"Pulkstenis-Robinson",20,21760726,0.006667600000128,1455624,4,NA,NA,1032,0.516
2000,16,"Pulkstenis-Robinson",21,21760727,0.0076853000000483,1455688,4,NA,NA,1039,0.5195
2000,16,"Pulkstenis-Robinson",22,21760728,0.00655910000023141,1455624,4,NA,NA,1022,0.511
2000,16,"Pulkstenis-Robinson",23,21760729,0.00846270000010918,1455688,4,NA,NA,1048,0.524
2000,16,"Pulkstenis-Robinson",24,21760730,0.01070320000008,1455688,4,NA,NA,994,0.497
2000,16,"Pulkstenis-Robinson",25,21760731,0.00736080000024231,1455624,4,NA,NA,970,0.485
2000,16,"Pulkstenis-Robinson",26,21760732,0.00877559999980804,1455688,4,NA,NA,1035,0.5175
2000,16,"Pulkstenis-Robinson",27,21760733,0.00657740000019658,1455688,3,NA,NA,1018,0.509
2000,16,"Pulkstenis-Robinson",28,21760734,0.00710240000012163,1455688,4,NA,NA,1004,0.502
2000,16,"Pulkstenis-Robinson",29,21760735,0.00669250000032662,1455688,4,NA,NA,991,0.4955
2000,16,"Pulkstenis-Robinson",30,21760736,0.0216355000000021,1455688,4,NA,NA,1013,0.5065
2000,16,"le-Cessie",1,21760707,26.4155175000001,924350168,4,NA,NA,1016,0.508
2000,16,"le-Cessie",2,21760708,14.4871272999999,924350168,4,NA,NA,1050,0.525
2000,16,"le-Cessie",3,21760709,26.2138915,924350168,4,NA,NA,1058,0.529
2000,16,"le-Cessie",4,21760710,26.3510077999999,924350168,4,NA,NA,1008,0.504
2000,16,"le-Cessie",5,21760711,26.2978058000001,924350168,4,NA,NA,1011,0.5055
2000,16,"glm_fit",1,21760707,0.00878960000022744,6571664,4,NA,NA,1016,0.508
2000,16,"glm_fit",2,21760708,0.00741860000016459,6571664,4,NA,NA,1050,0.525
2000,16,"glm_fit",3,21760709,0.00984440000001996,6571664,4,NA,NA,1058,0.529
2000,16,"glm_fit",4,21760710,0.00870239999994737,6571664,4,NA,NA,1008,0.504
2000,16,"glm_fit",5,21760711,0.0083838000000469,6571664,4,NA,NA,1011,0.5055
2000,16,"glm_fit",6,21760712,0.00752319999992324,6571664,4,NA,NA,965,0.4825
2000,16,"glm_fit",7,21760713,0.0123731000001044,5440448,3,NA,NA,1000,0.5
2000,16,"glm_fit",8,21760714,0.0176968000002944,6571664,4,NA,NA,1004,0.502
2000,16,"glm_fit",9,21760715,0.0156670000001213,6571664,4,NA,NA,998,0.499
2000,16,"glm_fit",10,21760716,0.0130335000001196,6571664,4,NA,NA,1020,0.51
2000,16,"glm_fit",11,21760717,0.01158630000009,6571664,4,NA,NA,993,0.4965
2000,16,"glm_fit",12,21760718,0.0241977000002862,5440448,3,NA,NA,1021,0.5105
2000,16,"glm_fit",13,21760719,0.0136006000002453,5440448,3,NA,NA,988,0.494
2000,16,"glm_fit",14,21760720,0.0166464000003543,6571664,4,NA,NA,1019,0.5095
2000,16,"glm_fit",15,21760721,0.0200956000001042,6571664,4,NA,NA,971,0.4855
2000,16,"glm_fit",16,21760722,0.0142044000001533,6571664,4,NA,NA,1011,0.5055
2000,16,"glm_fit",17,21760723,0.017019700000219,6571664,4,NA,NA,981,0.4905
2000,16,"glm_fit",18,21760724,0.0288394000001517,5440448,3,NA,NA,1014,0.507
2000,16,"glm_fit",19,21760725,0.0148725999999897,6571664,4,NA,NA,1027,0.5135
2000,16,"glm_fit",20,21760726,0.0302146999999877,6571664,4,NA,NA,1032,0.516
2000,16,"glm_fit",21,21760727,0.0121283000000858,6571664,4,NA,NA,1039,0.5195
2000,16,"glm_fit",22,21760728,0.0185203000000911,6571664,4,NA,NA,1022,0.511
2000,16,"glm_fit",23,21760729,0.0193249000001288,6571664,4,NA,NA,1048,0.524
2000,16,"glm_fit",24,21760730,0.0159490000000915,6571664,4,NA,NA,994,0.497
2000,16,"glm_fit",25,21760731,0.0173003000002154,6571664,4,NA,NA,970,0.485
2000,16,"glm_fit",26,21760732,0.010100599999987,6571664,4,NA,NA,1035,0.5175
2000,16,"glm_fit",27,21760733,0.0120524999999816,5440448,3,NA,NA,1018,0.509
2000,16,"glm_fit",28,21760734,0.0161195999999109,6571664,4,NA,NA,1004,0.502
2000,16,"glm_fit",29,21760735,0.0183405000002494,6571664,4,NA,NA,991,0.4955
2000,16,"glm_fit",30,21760736,0.0119333000000097,6571664,4,NA,NA,1013,0.5065
2000,32,"DEF.poly3",1,21860707,0.0105991000000358,2775640,3,NA,NA,1006,0.503
2000,32,"DEF.poly3",2,21860708,0.0426226000001861,2775640,4,NA,NA,973,0.4865
2000,32,"DEF.poly3",3,21860709,0.00796370000011848,2775640,4,NA,NA,1007,0.5035
2000,32,"DEF.poly3",4,21860710,0.0102378000001409,2775640,4,NA,NA,1020,0.51
2000,32,"DEF.poly3",5,21860711,0.0832943000000341,2775640,4,NA,NA,1049,0.5245
2000,32,"DEF.poly3",6,21860712,0.011336300000039,2775640,4,NA,NA,1037,0.5185
2000,32,"DEF.poly3",7,21860713,0.0305371000001742,2775640,4,NA,NA,992,0.496
2000,32,"DEF.poly3",8,21860714,0.0317119000001185,2775640,3,NA,NA,1026,0.513
2000,32,"DEF.poly3",9,21860715,0.0197724000001926,2775664,4,NA,NA,984,0.492
2000,32,"DEF.poly3",10,21860716,0.0169826999999714,2775664,4,NA,NA,995,0.4975
2000,32,"DEF.poly3",11,21860717,0.01540510000018,2775640,4,NA,NA,1022,0.511
2000,32,"DEF.poly3",12,21860718,0.0195896000000175,2775640,3,NA,NA,1045,0.5225
2000,32,"DEF.poly3",13,21860719,0.0141753000000335,2775640,4,NA,NA,996,0.498
2000,32,"DEF.poly3",14,21860720,0.0164006000002246,2775640,3,NA,NA,1061,0.5305
2000,32,"DEF.poly3",15,21860721,0.0195267000001422,2775640,4,NA,NA,1009,0.5045
2000,32,"DEF.poly3",16,21860722,0.0125742000000173,2775664,4,NA,NA,1006,0.503
2000,32,"DEF.poly3",17,21860723,0.015307600000142,2775640,4,NA,NA,1054,0.527
2000,32,"DEF.poly3",18,21860724,0.0147748000001684,2775640,4,NA,NA,1023,0.5115
2000,32,"DEF.poly3",19,21860725,0.021295800000189,2775640,3,NA,NA,1028,0.514
2000,32,"DEF.poly3",20,21860726,0.0511176000002251,2775640,4,NA,NA,1018,0.509
2000,32,"DEF.poly3",21,21860727,0.0149254000000383,2775640,4,NA,NA,1090,0.545
2000,32,"DEF.poly3",22,21860728,0.0394042000000354,2775640,4,NA,NA,997,0.4985
2000,32,"DEF.poly3",23,21860729,0.0274299000002429,2775640,4,NA,NA,1039,0.5195
2000,32,"DEF.poly3",24,21860730,0.0159697000001415,2775640,4,NA,NA,1036,0.518
2000,32,"DEF.poly3",25,21860731,0.0146906000002218,2775640,4,NA,NA,1009,0.5045
2000,32,"DEF.poly3",26,21860732,0.0150311000002148,2775640,4,NA,NA,1032,0.516
2000,32,"DEF.poly3",27,21860733,0.0206894000000375,2775640,3,NA,NA,1039,0.5195
2000,32,"DEF.poly3",28,21860734,0.0255818000002819,2775640,3,NA,NA,1016,0.508
2000,32,"DEF.poly3",29,21860735,0.0235922000001665,2775640,4,NA,NA,1032,0.516
2000,32,"DEF.poly3",30,21860736,0.0157339000002139,2775664,4,NA,NA,1076,0.538
2000,32,"DEF.stukel",1,21860707,0.00799410000013268,2768736,3,NA,NA,1006,0.503
2000,32,"DEF.stukel",2,21860708,0.00747090000004391,2768736,4,NA,NA,973,0.4865
2000,32,"DEF.stukel",3,21860709,0.00832790000026762,2768736,4,NA,NA,1007,0.5035
2000,32,"DEF.stukel",4,21860710,0.0110042000001158,2768736,4,NA,NA,1020,0.51
2000,32,"DEF.stukel",5,21860711,0.00911270000028708,2768736,4,NA,NA,1049,0.5245
2000,32,"DEF.stukel",6,21860712,0.00742270000000644,2768736,4,NA,NA,1037,0.5185
2000,32,"DEF.stukel",7,21860713,0.0262249000002157,2768736,4,NA,NA,992,0.496
2000,32,"DEF.stukel",8,21860714,0.0181215000000066,2768736,3,NA,NA,1026,0.513
2000,32,"DEF.stukel",9,21860715,0.0157005000000936,2768736,4,NA,NA,984,0.492
2000,32,"DEF.stukel",10,21860716,0.0185877000001256,2768736,4,NA,NA,995,0.4975
2000,32,"DEF.stukel",11,21860717,0.0186906000003546,2768736,4,NA,NA,1022,0.511
2000,32,"DEF.stukel",12,21860718,0.0189036000001579,2768736,3,NA,NA,1045,0.5225
2000,32,"DEF.stukel",13,21860719,0.0141877000003205,2768736,4,NA,NA,996,0.498
2000,32,"DEF.stukel",14,21860720,0.0153988000001846,2768736,3,NA,NA,1061,0.5305
2000,32,"DEF.stukel",15,21860721,0.0157506000000467,2768736,4,NA,NA,1009,0.5045
2000,32,"DEF.stukel",16,21860722,0.0140099000000191,2768736,4,NA,NA,1006,0.503
2000,32,"DEF.stukel",17,21860723,0.0199843000002602,2768736,4,NA,NA,1054,0.527
2000,32,"DEF.stukel",18,21860724,0.0284075000001849,2768736,4,NA,NA,1023,0.5115
2000,32,"DEF.stukel",19,21860725,0.0148477000002458,2768736,3,NA,NA,1028,0.514
2000,32,"DEF.stukel",20,21860726,0.0194019000002754,2768736,4,NA,NA,1018,0.509
2000,32,"DEF.stukel",21,21860727,0.0154397000001154,2768736,4,NA,NA,1090,0.545
2000,32,"DEF.stukel",22,21860728,0.0171840000002703,2768736,4,NA,NA,997,0.4985
2000,32,"DEF.stukel",23,21860729,0.0326775000000907,2768736,4,NA,NA,1039,0.5195
2000,32,"DEF.stukel",24,21860730,0.0152169000002687,2768736,4,NA,NA,1036,0.518
2000,32,"DEF.stukel",25,21860731,0.0183278000001792,2768736,4,NA,NA,1009,0.5045
2000,32,"DEF.stukel",26,21860732,0.0129483000002892,2768736,4,NA,NA,1032,0.516
2000,32,"DEF.stukel",27,21860733,0.0170788000000357,2768736,3,NA,NA,1039,0.5195
2000,32,"DEF.stukel",28,21860734,0.0157720000001973,2768736,3,NA,NA,1016,0.508
2000,32,"DEF.stukel",29,21860735,0.0189116000001377,2768736,4,NA,NA,1032,0.516
2000,32,"DEF.stukel",30,21860736,0.013940699999921,2768736,4,NA,NA,1076,0.538
2000,32,"EF",1,21860707,0.00222220000023299,966008,3,NA,NA,1006,0.503
2000,32,"EF",2,21860708,0.00214710000000196,966008,4,NA,NA,973,0.4865
2000,32,"EF",3,21860709,0.00335280000012972,966008,4,NA,NA,1007,0.5035
2000,32,"EF",4,21860710,0.00259000000005472,966008,4,NA,NA,1020,0.51
2000,32,"EF",5,21860711,0.00331600000004073,966008,4,NA,NA,1049,0.5245
2000,32,"EF",6,21860712,0.00215570000023035,966008,4,NA,NA,1037,0.5185
2000,32,"EF",7,21860713,0.00749090000022079,966008,4,NA,NA,992,0.496
2000,32,"EF",8,21860714,0.00546940000003815,966008,3,NA,NA,1026,0.513
2000,32,"EF",9,21860715,0.00599320000014814,966008,4,NA,NA,984,0.492
2000,32,"EF",10,21860716,0.0074706000000333,966008,4,NA,NA,995,0.4975
2000,32,"EF",11,21860717,0.00521360000016102,966008,4,NA,NA,1022,0.511
2000,32,"EF",12,21860718,0.00518620000002556,966008,3,NA,NA,1045,0.5225
2000,32,"EF",13,21860719,0.00887910000005832,966008,4,NA,NA,996,0.498
2000,32,"EF",14,21860720,0.00554150000016307,966008,3,NA,NA,1061,0.5305
2000,32,"EF",15,21860721,0.00502330000017537,966008,4,NA,NA,1009,0.5045
2000,32,"EF",16,21860722,0.00416919999997845,966008,4,NA,NA,1006,0.503
2000,32,"EF",17,21860723,0.00792229999979099,966008,4,NA,NA,1054,0.527
2000,32,"EF",18,21860724,0.00876160000029813,966008,4,NA,NA,1023,0.5115
2000,32,"EF",19,21860725,0.00671240000019679,966008,3,NA,NA,1028,0.514
2000,32,"EF",20,21860726,0.0070770000002085,966008,4,NA,NA,1018,0.509
2000,32,"EF",21,21860727,0.0069775000001755,966008,4,NA,NA,1090,0.545
2000,32,"EF",22,21860728,0.00657539999997425,966008,4,NA,NA,997,0.4985
2000,32,"EF",23,21860729,0.00707410000018172,966008,4,NA,NA,1039,0.5195
2000,32,"EF",24,21860730,0.00500439999996161,966008,4,NA,NA,1036,0.518
2000,32,"EF",25,21860731,0.00870380000014848,966008,4,NA,NA,1009,0.5045
2000,32,"EF",26,21860732,0.00530920000028345,966008,4,NA,NA,1032,0.516
2000,32,"EF",27,21860733,0.00849670000025071,966008,3,NA,NA,1039,0.5195
2000,32,"EF",28,21860734,0.00627610000015011,966008,3,NA,NA,1016,0.508
2000,32,"EF",29,21860735,0.00600120000012794,966008,4,NA,NA,1032,0.516
2000,32,"EF",30,21860736,0.00493519999986347,966008,4,NA,NA,1076,0.538
2000,32,"HL",1,21860707,0.00383700000020326,868720,3,NA,NA,1006,0.503
2000,32,"HL",2,21860708,0.00373910000007527,868720,4,NA,NA,973,0.4865
2000,32,"HL",3,21860709,0.00398220000010951,868720,4,NA,NA,1007,0.5035
2000,32,"HL",4,21860710,0.00398739999991449,868720,4,NA,NA,1020,0.51
2000,32,"HL",5,21860711,0.0057326000003286,868720,4,NA,NA,1049,0.5245
2000,32,"HL",6,21860712,0.0040228999998817,868720,4,NA,NA,1037,0.5185
2000,32,"HL",7,21860713,0.00684950000004392,868720,4,NA,NA,992,0.496
2000,32,"HL",8,21860714,0.00881590000017241,868720,3,NA,NA,1026,0.513
2000,32,"HL",9,21860715,0.0150133000001915,868720,4,NA,NA,984,0.492
2000,32,"HL",10,21860716,0.0128082999999606,868720,4,NA,NA,995,0.4975
2000,32,"HL",11,21860717,0.00732160000006843,868720,4,NA,NA,1022,0.511
2000,32,"HL",12,21860718,0.00637840000013057,868720,3,NA,NA,1045,0.5225
2000,32,"HL",13,21860719,0.0101790000001074,868720,4,NA,NA,996,0.498
2000,32,"HL",14,21860720,0.0070783000001029,868720,3,NA,NA,1061,0.5305
2000,32,"HL",15,21860721,0.0070391000001564,868720,4,NA,NA,1009,0.5045
2000,32,"HL",16,21860722,0.00627280000003339,868720,4,NA,NA,1006,0.503
2000,32,"HL",17,21860723,0.00838940000016919,868720,4,NA,NA,1054,0.527
2000,32,"HL",18,21860724,0.00786150000021735,868720,4,NA,NA,1023,0.5115
2000,32,"HL",19,21860725,0.00675200000000586,868720,3,NA,NA,1028,0.514
2000,32,"HL",20,21860726,0.00720240000009653,868720,4,NA,NA,1018,0.509
2000,32,"HL",21,21860727,0.00724420000005921,868720,4,NA,NA,1090,0.545
2000,32,"HL",22,21860728,0.00752300000021933,868720,4,NA,NA,997,0.4985
2000,32,"HL",23,21860729,0.00834209999993618,868720,4,NA,NA,1039,0.5195
2000,32,"HL",24,21860730,0.0077470000003359,868720,4,NA,NA,1036,0.518
2000,32,"HL",25,21860731,0.00969090000012329,868720,4,NA,NA,1009,0.5045
2000,32,"HL",26,21860732,0.00792759999990267,868720,4,NA,NA,1032,0.516
2000,32,"HL",27,21860733,0.00990520000004835,868720,3,NA,NA,1039,0.5195
2000,32,"HL",28,21860734,0.00717080000003989,868720,3,NA,NA,1016,0.508
2000,32,"HL",29,21860735,0.0117599000000155,868720,4,NA,NA,1032,0.516
2000,32,"HL",30,21860736,0.00694800000019313,868720,4,NA,NA,1076,0.538
2000,32,"Pigeon-Heyse",1,21860707,0.00214129999994839,870976,3,NA,NA,1006,0.503
2000,32,"Pigeon-Heyse",2,21860708,0.00328890000014326,870976,4,NA,NA,973,0.4865
2000,32,"Pigeon-Heyse",3,21860709,0.00222450000001118,870976,4,NA,NA,1007,0.5035
2000,32,"Pigeon-Heyse",4,21860710,0.00221780000015315,870976,4,NA,NA,1020,0.51
2000,32,"Pigeon-Heyse",5,21860711,0.003738599999906,870976,4,NA,NA,1049,0.5245
2000,32,"Pigeon-Heyse",6,21860712,0.00213690000009592,870976,4,NA,NA,1037,0.5185
2000,32,"Pigeon-Heyse",7,21860713,0.00460880000014185,870976,4,NA,NA,992,0.496
2000,32,"Pigeon-Heyse",8,21860714,0.00470250000012129,870976,3,NA,NA,1026,0.513
2000,32,"Pigeon-Heyse",9,21860715,0.00575030000004517,870976,4,NA,NA,984,0.492
2000,32,"Pigeon-Heyse",10,21860716,0.0101047000000563,870976,4,NA,NA,995,0.4975
2000,32,"Pigeon-Heyse",11,21860717,0.00475690000007489,870976,4,NA,NA,1022,0.511
2000,32,"Pigeon-Heyse",12,21860718,0.00565430000028755,870976,3,NA,NA,1045,0.5225
2000,32,"Pigeon-Heyse",13,21860719,0.00710059999983059,870976,4,NA,NA,996,0.498
2000,32,"Pigeon-Heyse",14,21860720,0.00683890000027532,870976,3,NA,NA,1061,0.5305
2000,32,"Pigeon-Heyse",15,21860721,0.0108542000000398,870976,4,NA,NA,1009,0.5045
2000,32,"Pigeon-Heyse",16,21860722,0.00484590000019125,870976,4,NA,NA,1006,0.503
2000,32,"Pigeon-Heyse",17,21860723,0.00948150000021997,870976,4,NA,NA,1054,0.527
2000,32,"Pigeon-Heyse",18,21860724,0.00645500000018728,870976,4,NA,NA,1023,0.5115
2000,32,"Pigeon-Heyse",19,21860725,0.00665509999976166,870976,3,NA,NA,1028,0.514
2000,32,"Pigeon-Heyse",20,21860726,0.00450620000015078,870976,4,NA,NA,1018,0.509
2000,32,"Pigeon-Heyse",21,21860727,0.00433450000014091,870976,4,NA,NA,1090,0.545
2000,32,"Pigeon-Heyse",22,21860728,0.0053898000001027,870976,4,NA,NA,997,0.4985
2000,32,"Pigeon-Heyse",23,21860729,0.00568220000013753,870976,4,NA,NA,1039,0.5195
2000,32,"Pigeon-Heyse",24,21860730,0.00864670000009937,870976,4,NA,NA,1036,0.518
2000,32,"Pigeon-Heyse",25,21860731,0.00454700000022967,870976,4,NA,NA,1009,0.5045
2000,32,"Pigeon-Heyse",26,21860732,0.0046663000002809,870976,4,NA,NA,1032,0.516
2000,32,"Pigeon-Heyse",27,21860733,0.00608260000012706,870976,3,NA,NA,1039,0.5195
2000,32,"Pigeon-Heyse",28,21860734,0.00894220000009227,870976,3,NA,NA,1016,0.508
2000,32,"Pigeon-Heyse",29,21860735,0.00587480000035612,870976,4,NA,NA,1032,0.516
2000,32,"Pigeon-Heyse",30,21860736,0.00530530000014551,870976,4,NA,NA,1076,0.538
2000,32,"Osius-Rojek",1,21860707,0.00325000000020736,1916560,3,NA,NA,1006,0.503
2000,32,"Osius-Rojek",2,21860708,0.00298860000020795,1916560,4,NA,NA,973,0.4865
2000,32,"Osius-Rojek",3,21860709,0.00319000000013148,1916560,4,NA,NA,1007,0.5035
2000,32,"Osius-Rojek",4,21860710,0.00332649999995738,1916560,4,NA,NA,1020,0.51
2000,32,"Osius-Rojek",5,21860711,0.00549630000023171,1916560,4,NA,NA,1049,0.5245
2000,32,"Osius-Rojek",6,21860712,0.00302300000021205,1916560,4,NA,NA,1037,0.5185
2000,32,"Osius-Rojek",7,21860713,0.00669280000010986,1916560,4,NA,NA,992,0.496
2000,32,"Osius-Rojek",8,21860714,0.0056232000001728,1916560,3,NA,NA,1026,0.513
2000,32,"Osius-Rojek",9,21860715,0.00643940000009025,1916560,4,NA,NA,984,0.492
2000,32,"Osius-Rojek",10,21860716,0.00735040000017761,1916560,4,NA,NA,995,0.4975
2000,32,"Osius-Rojek",11,21860717,0.00563420000003134,1916560,4,NA,NA,1022,0.511
2000,32,"Osius-Rojek",12,21860718,0.006686800000125,1916560,3,NA,NA,1045,0.5225
2000,32,"Osius-Rojek",13,21860719,0.00741590000006909,1916560,4,NA,NA,996,0.498
2000,32,"Osius-Rojek",14,21860720,0.00718430000006265,1916560,3,NA,NA,1061,0.5305
2000,32,"Osius-Rojek",15,21860721,0.00595250000014858,1916560,4,NA,NA,1009,0.5045
2000,32,"Osius-Rojek",16,21860722,0.00591920000010759,1916560,4,NA,NA,1006,0.503
2000,32,"Osius-Rojek",17,21860723,0.00677730000006704,1916560,4,NA,NA,1054,0.527
2000,32,"Osius-Rojek",18,21860724,0.00531200000000354,1916560,4,NA,NA,1023,0.5115
2000,32,"Osius-Rojek",19,21860725,0.00945320000028005,1916560,3,NA,NA,1028,0.514
2000,32,"Osius-Rojek",20,21860726,0.00592510000001312,1916560,4,NA,NA,1018,0.509
2000,32,"Osius-Rojek",21,21860727,0.00713280000013583,1916560,4,NA,NA,1090,0.545
2000,32,"Osius-Rojek",22,21860728,0.00619140000026164,1916560,4,NA,NA,997,0.4985
2000,32,"Osius-Rojek",23,21860729,0.0194412000003013,1916560,4,NA,NA,1039,0.5195
2000,32,"Osius-Rojek",24,21860730,0.00583060000030855,1916560,4,NA,NA,1036,0.518
2000,32,"Osius-Rojek",25,21860731,0.00771910000003118,1916560,4,NA,NA,1009,0.5045
2000,32,"Osius-Rojek",26,21860732,0.0070610000002489,1916560,4,NA,NA,1032,0.516
2000,32,"Osius-Rojek",27,21860733,0.00814000000013948,1916560,3,NA,NA,1039,0.5195
2000,32,"Osius-Rojek",28,21860734,0.00673380000012003,1916560,3,NA,NA,1016,0.508
2000,32,"Osius-Rojek",29,21860735,0.00762119999990318,1916560,4,NA,NA,1032,0.516
2000,32,"Osius-Rojek",30,21860736,0.006081100000074,1916560,4,NA,NA,1076,0.538
2000,32,"Stukel",1,21860707,0.00211320000016713,2052328,3,4,1,1006,0.503
2000,32,"Stukel",2,21860708,0.00221790000023248,2052328,4,4,1,973,0.4865
2000,32,"Stukel",3,21860709,0.00238930000000437,2052328,4,4,1,1007,0.5035
2000,32,"Stukel",4,21860710,0.00230420000025333,2052328,4,4,1,1020,0.51
2000,32,"Stukel",5,21860711,0.00331670000014128,2052328,4,4,1,1049,0.5245
2000,32,"Stukel",6,21860712,0.00239660000011099,2052328,4,4,1,1037,0.5185
2000,32,"Stukel",7,21860713,0.00651060000018333,2052328,4,4,1,992,0.496
2000,32,"Stukel",8,21860714,0.00680420000026061,2052328,3,4,1,1026,0.513
2000,32,"Stukel",9,21860715,0.00859940000032111,2052328,4,4,1,984,0.492
2000,32,"Stukel",10,21860716,0.00390780000020641,2052328,4,4,1,995,0.4975
2000,32,"Stukel",11,21860717,0.00365450000026613,2052328,4,4,1,1022,0.511
2000,32,"Stukel",12,21860718,0.00450420000015583,2052328,3,4,1,1045,0.5225
2000,32,"Stukel",13,21860719,0.00700590000019474,2052328,4,4,1,996,0.498
2000,32,"Stukel",14,21860720,0.0066265000000385,2052328,3,4,1,1061,0.5305
2000,32,"Stukel",15,21860721,0.00534400000015012,2052328,4,4,1,1009,0.5045
2000,32,"Stukel",16,21860722,0.00493320000009589,2052328,4,4,1,1006,0.503
2000,32,"Stukel",17,21860723,0.00576910000017961,2052328,4,4,1,1054,0.527
2000,32,"Stukel",18,21860724,0.00510880000024372,2052328,4,4,1,1023,0.5115
2000,32,"Stukel",19,21860725,0.00499310000009245,2052328,3,4,1,1028,0.514
2000,32,"Stukel",20,21860726,0.00688250000030166,2052328,4,4,1,1018,0.509
2000,32,"Stukel",21,21860727,0.00451369999996132,2052328,4,4,1,1090,0.545
2000,32,"Stukel",22,21860728,0.009139100000084,2052328,4,4,1,997,0.4985
2000,32,"Stukel",23,21860729,0.00483390000022155,2052328,4,4,1,1039,0.5195
2000,32,"Stukel",24,21860730,0.0048711000001731,2052328,4,4,1,1036,0.518
2000,32,"Stukel",25,21860731,0.00732810000022255,2052328,4,4,1,1009,0.5045
2000,32,"Stukel",26,21860732,0.00409040000022287,2052328,4,4,1,1032,0.516
2000,32,"Stukel",27,21860733,0.00715660000014395,2052328,3,4,1,1039,0.5195
2000,32,"Stukel",28,21860734,0.00533390000032341,2052328,3,4,1,1016,0.508
2000,32,"Stukel",29,21860735,0.00433840000027885,2052328,4,4,1,1032,0.516
2000,32,"Stukel",30,21860736,0.00451399999997193,2052328,4,4,1,1076,0.538
2000,32,"Tsiatis",1,21860707,0.0176358000003347,4893400,3,NA,NA,1006,0.503
2000,32,"Tsiatis",2,21860708,0.0181165000001329,4893400,4,NA,NA,973,0.4865
2000,32,"Tsiatis",3,21860709,0.0150448000001688,4893400,4,NA,NA,1007,0.5035
2000,32,"Tsiatis",4,21860710,0.0218028000001596,4893400,4,NA,NA,1020,0.51
2000,32,"Tsiatis",5,21860711,0.0178122000002077,4893400,4,NA,NA,1049,0.5245
2000,32,"Tsiatis",6,21860712,0.0212158000001637,4893400,4,NA,NA,1037,0.5185
2000,32,"Tsiatis",7,21860713,0.0309336000002531,4893400,4,NA,NA,992,0.496
2000,32,"Tsiatis",8,21860714,0.0321776000000682,4893400,3,NA,NA,1026,0.513
2000,32,"Tsiatis",9,21860715,0.0273714000002201,4893400,4,NA,NA,984,0.492
2000,32,"Tsiatis",10,21860716,0.0377793000000111,4893400,4,NA,NA,995,0.4975
2000,32,"Tsiatis",11,21860717,0.0332894999999098,4893400,4,NA,NA,1022,0.511
2000,32,"Tsiatis",12,21860718,0.0385797000001276,4893400,3,NA,NA,1045,0.5225
2000,32,"Tsiatis",13,21860719,0.0322450999999546,4893400,4,NA,NA,996,0.498
2000,32,"Tsiatis",14,21860720,0.0364247000002251,4893400,3,NA,NA,1061,0.5305
2000,32,"Tsiatis",15,21860721,0.0309729000000516,4893400,4,NA,NA,1009,0.5045
2000,32,"Tsiatis",16,21860722,0.0261149999998906,4893400,4,NA,NA,1006,0.503
2000,32,"Tsiatis",17,21860723,0.0372263000001567,4893400,4,NA,NA,1054,0.527
2000,32,"Tsiatis",18,21860724,0.035463700000264,4893400,4,NA,NA,1023,0.5115
2000,32,"Tsiatis",19,21860725,0.034922700000152,4893400,3,NA,NA,1028,0.514
2000,32,"Tsiatis",20,21860726,0.038156600000093,4893400,4,NA,NA,1018,0.509
2000,32,"Tsiatis",21,21860727,0.0278471000001446,4893400,4,NA,NA,1090,0.545
2000,32,"Tsiatis",22,21860728,0.0282187000002523,4893400,4,NA,NA,997,0.4985
2000,32,"Tsiatis",23,21860729,0.0484411000002183,4893400,4,NA,NA,1039,0.5195
2000,32,"Tsiatis",24,21860730,0.042818600000146,4893400,4,NA,NA,1036,0.518
2000,32,"Tsiatis",25,21860731,0.0373950000000605,4893400,4,NA,NA,1009,0.5045
2000,32,"Tsiatis",26,21860732,0.0223105000002306,4893400,4,NA,NA,1032,0.516
2000,32,"Tsiatis",27,21860733,0.0339988000000631,4893400,3,NA,NA,1039,0.5195
2000,32,"Tsiatis",28,21860734,0.034659000000147,4893400,3,NA,NA,1016,0.508
2000,32,"Tsiatis",29,21860735,0.0407748000002357,4893400,4,NA,NA,1032,0.516
2000,32,"Tsiatis",30,21860736,0.0314465000001292,4893400,4,NA,NA,1076,0.538
2000,32,"Xie",1,21860707,0.691132300000163,20341728,3,NA,NA,1006,0.503
2000,32,"Xie",2,21860708,0.659085400000322,20341744,4,NA,NA,973,0.4865
2000,32,"Xie",3,21860709,0.691190500000175,20341760,4,NA,NA,1007,0.5035
2000,32,"Xie",4,21860710,0.673989200000278,20341752,4,NA,NA,1020,0.51
2000,32,"Xie",5,21860711,0.678925600000184,20341752,4,NA,NA,1049,0.5245
2000,32,"Xie",6,21860712,0.702420500000244,20341776,4,NA,NA,1037,0.5185
2000,32,"Xie",7,21860713,1.10987440000008,20341752,4,NA,NA,992,0.496
2000,32,"Xie",8,21860714,1.00876650000009,20341560,3,NA,NA,1026,0.513
2000,32,"Xie",9,21860715,1.0230054000001,20341768,4,NA,NA,984,0.492
2000,32,"Xie",10,21860716,1.00335550000023,20341760,4,NA,NA,995,0.4975
2000,32,"Xie",11,21860717,0.800300200000265,20341728,4,NA,NA,1022,0.511
2000,32,"Xie",12,21860718,1.01201800000013,20341760,3,NA,NA,1045,0.5225
2000,32,"Xie",13,21860719,0.999717400000009,20341752,4,NA,NA,996,0.498
2000,32,"Xie",14,21860720,0.956039900000178,20341744,3,NA,NA,1061,0.5305
2000,32,"Xie",15,21860721,1.04955500000005,20341760,4,NA,NA,1009,0.5045
2000,32,"Xie",16,21860722,0.768416100000195,20341560,4,NA,NA,1006,0.503
2000,32,"Xie",17,21860723,1.02102060000016,20341768,4,NA,NA,1054,0.527
2000,32,"Xie",18,21860724,1.00349830000027,20341728,4,NA,NA,1023,0.5115
2000,32,"Xie",19,21860725,1.02799920000029,20341744,3,NA,NA,1028,0.514
2000,32,"Xie",20,21860726,0.973988200000122,20341760,4,NA,NA,1018,0.509
2000,32,"Xie",21,21860727,0.717754100000093,20341744,4,NA,NA,1090,0.545
2000,32,"Xie",22,21860728,1.0398216000001,20341728,4,NA,NA,997,0.4985
2000,32,"Xie",23,21860729,0.986884700000019,20341760,4,NA,NA,1039,0.5195
2000,32,"Xie",24,21860730,0.99601910000024,20341736,4,NA,NA,1036,0.518
2000,32,"Xie",25,21860731,1.01804180000022,20341736,4,NA,NA,1009,0.5045
2000,32,"Xie",26,21860732,0.793222900000046,20341776,4,NA,NA,1032,0.516
2000,32,"Xie",27,21860733,0.975128400000131,20341760,3,NA,NA,1039,0.5195
2000,32,"Xie",28,21860734,0.970331600000009,20341744,3,NA,NA,1016,0.508
2000,32,"Xie",29,21860735,1.04951340000025,20341744,4,NA,NA,1032,0.516
2000,32,"Xie",30,21860736,0.78484810000009,20341728,4,NA,NA,1076,0.538
2000,32,"Pulkstenis-Robinson",1,21860707,0.00583590000019285,2368072,3,NA,NA,1006,0.503
2000,32,"Pulkstenis-Robinson",2,21860708,0.00464900000019952,2368008,4,NA,NA,973,0.4865
2000,32,"Pulkstenis-Robinson",3,21860709,0.00469390000034764,2368072,4,NA,NA,1007,0.5035
2000,32,"Pulkstenis-Robinson",4,21860710,0.00468760000035218,2368072,4,NA,NA,1020,0.51
2000,32,"Pulkstenis-Robinson",5,21860711,0.00508540000009816,2368008,4,NA,NA,1049,0.5245
2000,32,"Pulkstenis-Robinson",6,21860712,0.00481290000016088,2368072,4,NA,NA,1037,0.5185
2000,32,"Pulkstenis-Robinson",7,21860713,0.0101357999999436,2368008,4,NA,NA,992,0.496
2000,32,"Pulkstenis-Robinson",8,21860714,0.00904530000002524,2368072,3,NA,NA,1026,0.513
2000,32,"Pulkstenis-Robinson",9,21860715,0.0107160000000022,2368072,4,NA,NA,984,0.492
2000,32,"Pulkstenis-Robinson",10,21860716,0.0113346000000547,2368008,4,NA,NA,995,0.4975
2000,32,"Pulkstenis-Robinson",11,21860717,0.00714190000007875,2368072,4,NA,NA,1022,0.511
2000,32,"Pulkstenis-Robinson",12,21860718,0.0102695000002768,2368072,3,NA,NA,1045,0.5225
2000,32,"Pulkstenis-Robinson",13,21860719,0.0125850000001719,2368072,4,NA,NA,996,0.498
2000,32,"Pulkstenis-Robinson",14,21860720,0.0103988000003028,2368072,3,NA,NA,1061,0.5305
2000,32,"Pulkstenis-Robinson",15,21860721,0.00974480000036237,2368072,4,NA,NA,1009,0.5045
2000,32,"Pulkstenis-Robinson",16,21860722,0.0209456000000046,2368072,4,NA,NA,1006,0.503
2000,32,"Pulkstenis-Robinson",17,21860723,0.0204277000000275,2368072,4,NA,NA,1054,0.527
2000,32,"Pulkstenis-Robinson",18,21860724,0.00984050000010939,2368008,4,NA,NA,1023,0.5115
2000,32,"Pulkstenis-Robinson",19,21860725,0.00940280000031635,2368072,3,NA,NA,1028,0.514
2000,32,"Pulkstenis-Robinson",20,21860726,0.0095779000002949,2368008,4,NA,NA,1018,0.509
2000,32,"Pulkstenis-Robinson",21,21860727,0.020902999999862,2368072,4,NA,NA,1090,0.545
2000,32,"Pulkstenis-Robinson",22,21860728,0.0108188000001519,2368008,4,NA,NA,997,0.4985
2000,32,"Pulkstenis-Robinson",23,21860729,0.0215527000000293,2368072,4,NA,NA,1039,0.5195
2000,32,"Pulkstenis-Robinson",24,21860730,0.0104204000001573,2368008,4,NA,NA,1036,0.518
2000,32,"Pulkstenis-Robinson",25,21860731,0.0100266000001739,2368072,4,NA,NA,1009,0.5045
2000,32,"Pulkstenis-Robinson",26,21860732,0.00923760000023321,2368072,4,NA,NA,1032,0.516
2000,32,"Pulkstenis-Robinson",27,21860733,0.00997899999993024,2368072,3,NA,NA,1039,0.5195
2000,32,"Pulkstenis-Robinson",28,21860734,0.00984530000005179,2368072,3,NA,NA,1016,0.508
2000,32,"Pulkstenis-Robinson",29,21860735,0.00907600000005004,2368072,4,NA,NA,1032,0.516
2000,32,"Pulkstenis-Robinson",30,21860736,0.00908010000011927,2368072,4,NA,NA,1076,0.538
2000,32,"le-Cessie",1,21860707,26.9644907000002,1440371200,3,NA,NA,1006,0.503
2000,32,"le-Cessie",2,21860708,14.9098319000002,1440371200,4,NA,NA,973,0.4865
2000,32,"le-Cessie",3,21860709,27.1969483000003,1440371200,4,NA,NA,1007,0.5035
2000,32,"le-Cessie",4,21860710,27.2546064000001,1440371200,4,NA,NA,1020,0.51
2000,32,"le-Cessie",5,21860711,27.0325204000001,1440371200,4,NA,NA,1049,0.5245
2000,32,"glm_fit",1,21860707,0.0114964000001692,8320648,3,NA,NA,1006,0.503
2000,32,"glm_fit",2,21860708,0.0138635000002978,9965336,4,NA,NA,973,0.4865
2000,32,"glm_fit",3,21860709,0.0159028000002763,9965336,4,NA,NA,1007,0.5035
2000,32,"glm_fit",4,21860710,0.0145385999999235,9965336,4,NA,NA,1020,0.51
2000,32,"glm_fit",5,21860711,0.0153517000001102,9965336,4,NA,NA,1049,0.5245
2000,32,"glm_fit",6,21860712,0.014918100000159,9965336,4,NA,NA,1037,0.5185
2000,32,"glm_fit",7,21860713,0.0291706000002705,9965336,4,NA,NA,992,0.496
2000,32,"glm_fit",8,21860714,0.0256732000002557,8320648,3,NA,NA,1026,0.513
2000,32,"glm_fit",9,21860715,0.0224842000000081,9965336,4,NA,NA,984,0.492
2000,32,"glm_fit",10,21860716,0.0199932000000445,9965336,4,NA,NA,995,0.4975
2000,32,"glm_fit",11,21860717,0.0175631000001886,9965336,4,NA,NA,1022,0.511
2000,32,"glm_fit",12,21860718,0.0223499000003358,8320648,3,NA,NA,1045,0.5225
2000,32,"glm_fit",13,21860719,0.019290600000204,9965336,4,NA,NA,996,0.498
2000,32,"glm_fit",14,21860720,0.0214816000002429,8320648,3,NA,NA,1061,0.5305
2000,32,"glm_fit",15,21860721,0.0282265000000734,9965336,4,NA,NA,1009,0.5045
2000,32,"glm_fit",16,21860722,0.0223395000002711,9965336,4,NA,NA,1006,0.503
2000,32,"glm_fit",17,21860723,0.0261375000002317,9965336,4,NA,NA,1054,0.527
2000,32,"glm_fit",18,21860724,0.0198774000002686,9965336,4,NA,NA,1023,0.5115
2000,32,"glm_fit",19,21860725,0.0225208000001658,8320648,3,NA,NA,1028,0.514
2000,32,"glm_fit",20,21860726,0.0252427000002626,9965336,4,NA,NA,1018,0.509
2000,32,"glm_fit",21,21860727,0.020288599999958,9965336,4,NA,NA,1090,0.545
2000,32,"glm_fit",22,21860728,0.0258423000002495,9965336,4,NA,NA,997,0.4985
2000,32,"glm_fit",23,21860729,0.0247020000001612,9965336,4,NA,NA,1039,0.5195
2000,32,"glm_fit",24,21860730,0.0235781000001225,9965336,4,NA,NA,1036,0.518
2000,32,"glm_fit",25,21860731,0.0254053000003296,9965336,4,NA,NA,1009,0.5045
2000,32,"glm_fit",26,21860732,0.0203929000001608,9965336,4,NA,NA,1032,0.516
2000,32,"glm_fit",27,21860733,0.0218924000000698,8320648,3,NA,NA,1039,0.5195
2000,32,"glm_fit",28,21860734,0.0211476000001767,8320648,3,NA,NA,1016,0.508
2000,32,"glm_fit",29,21860735,0.0243227000000843,9965336,4,NA,NA,1032,0.516
2000,32,"glm_fit",30,21860736,0.0184438000001137,9965336,4,NA,NA,1076,0.538
5000,4,"DEF.poly3",1,21960707,0.0126702000000023,2285920,4,NA,NA,2519,0.5038
5000,4,"DEF.poly3",2,21960708,0.00875999999993837,2285920,3,NA,NA,2562,0.5124
5000,4,"DEF.poly3",3,21960709,0.0161666000001333,2285944,4,NA,NA,2584,0.5168
5000,4,"DEF.poly3",4,21960710,0.0153438000002097,2285920,4,NA,NA,2492,0.4984
5000,4,"DEF.poly3",5,21960711,0.0139692000002469,2285920,4,NA,NA,2525,0.505
5000,4,"DEF.poly3",6,21960712,0.0102856000003158,2285920,4,NA,NA,2610,0.522
5000,4,"DEF.poly3",7,21960713,0.016321500000231,2285920,3,NA,NA,2547,0.5094
5000,4,"DEF.poly3",8,21960714,0.0150745000003099,2285920,3,NA,NA,2517,0.5034
5000,4,"DEF.poly3",9,21960715,0.016108400000121,2285920,4,NA,NA,2578,0.5156
5000,4,"DEF.poly3",10,21960716,0.0174698000000717,2285920,3,NA,NA,2556,0.5112
5000,4,"DEF.poly3",11,21960717,0.0120761000000584,2285920,4,NA,NA,2562,0.5124
5000,4,"DEF.poly3",12,21960718,0.0146395000001576,2285920,3,NA,NA,2568,0.5136
5000,4,"DEF.poly3",13,21960719,0.0150619000000916,2285920,4,NA,NA,2567,0.5134
5000,4,"DEF.poly3",14,21960720,0.0135906000000432,2285920,4,NA,NA,2592,0.5184
5000,4,"DEF.poly3",15,21960721,0.026935400000184,2285944,4,NA,NA,2545,0.509
5000,4,"DEF.poly3",16,21960722,0.0101540000000568,2285920,4,NA,NA,2562,0.5124
5000,4,"DEF.poly3",17,21960723,0.0127315000002,2285920,4,NA,NA,2546,0.5092
5000,4,"DEF.poly3",18,21960724,0.0157865000001038,2285920,4,NA,NA,2500,0.5
5000,4,"DEF.poly3",19,21960725,0.013436400000046,2285920,4,NA,NA,2525,0.505
5000,4,"DEF.poly3",20,21960726,0.0146567000001596,2285920,4,NA,NA,2562,0.5124
5000,4,"DEF.poly3",21,21960727,0.0099502000002758,2285920,3,NA,NA,2496,0.4992
5000,4,"DEF.poly3",22,21960728,0.0144727000001694,2285920,4,NA,NA,2584,0.5168
5000,4,"DEF.poly3",23,21960729,0.0162269000002198,2285920,4,NA,NA,2535,0.507
5000,4,"DEF.poly3",24,21960730,0.0128303999999844,2285920,3,NA,NA,2475,0.495
5000,4,"DEF.poly3",25,21960731,0.0138421000001472,2285920,3,NA,NA,2535,0.507
5000,4,"DEF.poly3",26,21960732,0.00916030000030332,2285920,3,NA,NA,2557,0.5114
5000,4,"DEF.poly3",27,21960733,0.0159965000002558,2285920,4,NA,NA,2565,0.513
5000,4,"DEF.poly3",28,21960734,0.0136515000001509,2285920,4,NA,NA,2532,0.5064
5000,4,"DEF.poly3",29,21960735,0.0145402000002832,2285920,3,NA,NA,2493,0.4986
5000,4,"DEF.poly3",30,21960736,0.00965140000016618,2285920,3,NA,NA,2531,0.5062
5000,4,"DEF.stukel",1,21960707,0.0162614999999278,2279016,4,NA,NA,2519,0.5038
5000,4,"DEF.stukel",2,21960708,0.00866710000013882,2279016,3,NA,NA,2562,0.5124
5000,4,"DEF.stukel",3,21960709,0.0185883000001468,2279016,4,NA,NA,2584,0.5168
5000,4,"DEF.stukel",4,21960710,0.0127943999998479,2279016,4,NA,NA,2492,0.4984
5000,4,"DEF.stukel",5,21960711,0.013078600000199,2279016,4,NA,NA,2525,0.505
5000,4,"DEF.stukel",6,21960712,0.00893880000012359,2279016,4,NA,NA,2610,0.522
5000,4,"DEF.stukel",7,21960713,0.0138737000002038,2279016,3,NA,NA,2547,0.5094
5000,4,"DEF.stukel",8,21960714,0.0136999000001197,2279016,3,NA,NA,2517,0.5034
5000,4,"DEF.stukel",9,21960715,0.0132018000001608,2279016,4,NA,NA,2578,0.5156
5000,4,"DEF.stukel",10,21960716,0.0144504000002144,2279016,3,NA,NA,2556,0.5112
5000,4,"DEF.stukel",11,21960717,0.00941800000032345,2279016,4,NA,NA,2562,0.5124
5000,4,"DEF.stukel",12,21960718,0.015972400000237,2279016,3,NA,NA,2568,0.5136
5000,4,"DEF.stukel",13,21960719,0.013586499999974,2279016,4,NA,NA,2567,0.5134
5000,4,"DEF.stukel",14,21960720,0.0122036000000207,2279016,4,NA,NA,2592,0.5184
5000,4,"DEF.stukel",15,21960721,0.0131565000001501,2279016,4,NA,NA,2545,0.509
5000,4,"DEF.stukel",16,21960722,0.010233700000299,2279016,4,NA,NA,2562,0.5124
5000,4,"DEF.stukel",17,21960723,0.0136519000002409,2279016,4,NA,NA,2546,0.5092
5000,4,"DEF.stukel",18,21960724,0.0128786000002492,2279016,4,NA,NA,2500,0.5
5000,4,"DEF.stukel",19,21960725,0.0126747000001615,2279016,4,NA,NA,2525,0.505
5000,4,"DEF.stukel",20,21960726,0.015034999999898,2279016,4,NA,NA,2562,0.5124
5000,4,"DEF.stukel",21,21960727,0.00967440000022179,2279016,3,NA,NA,2496,0.4992
5000,4,"DEF.stukel",22,21960728,0.0272843000002467,2279016,4,NA,NA,2584,0.5168
5000,4,"DEF.stukel",23,21960729,0.0127144000002772,2279016,4,NA,NA,2535,0.507
5000,4,"DEF.stukel",24,21960730,0.0128945000001295,2279016,3,NA,NA,2475,0.495
5000,4,"DEF.stukel",25,21960731,0.0130527000001166,2279016,3,NA,NA,2535,0.507
5000,4,"DEF.stukel",26,21960732,0.00913420000006226,2279016,3,NA,NA,2557,0.5114
5000,4,"DEF.stukel",27,21960733,0.0131063000001177,2279016,4,NA,NA,2565,0.513
5000,4,"DEF.stukel",28,21960734,0.0121623000002273,2279016,4,NA,NA,2532,0.5064
5000,4,"DEF.stukel",29,21960735,0.0129320000000916,2279016,3,NA,NA,2493,0.4986
5000,4,"DEF.stukel",30,21960736,0.00843659999986812,2279016,3,NA,NA,2531,0.5062
5000,4,"EF",1,21960707,0.00380130000007739,1340632,4,NA,NA,2519,0.5038
5000,4,"EF",2,21960708,0.0025353000000905,1340632,3,NA,NA,2562,0.5124
5000,4,"EF",3,21960709,0.00394630000005236,1340632,4,NA,NA,2584,0.5168
5000,4,"EF",4,21960710,0.00389130000007754,1340632,4,NA,NA,2492,0.4984
5000,4,"EF",5,21960711,0.00435170000014296,1340632,4,NA,NA,2525,0.505
5000,4,"EF",6,21960712,0.0026559000002635,1340632,4,NA,NA,2610,0.522
5000,4,"EF",7,21960713,0.0111315000001468,1340632,3,NA,NA,2547,0.5094
5000,4,"EF",8,21960714,0.0176121000001785,1340632,3,NA,NA,2517,0.5034
5000,4,"EF",9,21960715,0.00538320000009662,1340632,4,NA,NA,2578,0.5156
5000,4,"EF",10,21960716,0.00461150000023736,1340632,3,NA,NA,2556,0.5112
5000,4,"EF",11,21960717,0.00268920000007711,1340632,4,NA,NA,2562,0.5124
5000,4,"EF",12,21960718,0.00536670000019512,1340632,3,NA,NA,2568,0.5136
5000,4,"EF",13,21960719,0.00427580000018679,1340632,4,NA,NA,2567,0.5134
5000,4,"EF",14,21960720,0.00452780000023267,1340632,4,NA,NA,2592,0.5184
5000,4,"EF",15,21960721,0.00425940000013725,1340632,4,NA,NA,2545,0.509
5000,4,"EF",16,21960722,0.00243250000016815,1340632,4,NA,NA,2562,0.5124
5000,4,"EF",17,21960723,0.00404190000017479,1340632,4,NA,NA,2546,0.5092
5000,4,"EF",18,21960724,0.00669460000017352,1340632,4,NA,NA,2500,0.5
5000,4,"EF",19,21960725,0.00439630000005309,1340632,4,NA,NA,2525,0.505
5000,4,"EF",20,21960726,0.00436310000009144,1340632,4,NA,NA,2562,0.5124
5000,4,"EF",21,21960727,0.00307020000013836,1340632,3,NA,NA,2496,0.4992
5000,4,"EF",22,21960728,0.00364500000023327,1340632,4,NA,NA,2584,0.5168
5000,4,"EF",23,21960729,0.00392980000015086,1340632,4,NA,NA,2535,0.507
5000,4,"EF",24,21960730,0.00589390000027379,1340632,3,NA,NA,2475,0.495
5000,4,"EF",25,21960731,0.00463520000016615,1340632,3,NA,NA,2535,0.507
5000,4,"EF",26,21960732,0.00245400000017071,1340632,3,NA,NA,2557,0.5114
5000,4,"EF",27,21960733,0.0038446000003205,1340632,4,NA,NA,2565,0.513
5000,4,"EF",28,21960734,0.00377400000024863,1340632,4,NA,NA,2532,0.5064
5000,4,"EF",29,21960735,0.00548460000027262,1340632,3,NA,NA,2493,0.4986
5000,4,"EF",30,21960736,0.00236480000012307,1340632,3,NA,NA,2531,0.5062
5000,4,"HL",1,21960707,0.00935230000027332,1049040,4,NA,NA,2519,0.5038
5000,4,"HL",2,21960708,0.00669020000009368,1049040,3,NA,NA,2562,0.5124
5000,4,"HL",3,21960709,0.0095166999999492,1049040,4,NA,NA,2584,0.5168
5000,4,"HL",4,21960710,0.00944090000007236,1049040,4,NA,NA,2492,0.4984
5000,4,"HL",5,21960711,0.0123105000002397,1049040,4,NA,NA,2525,0.505
5000,4,"HL",6,21960712,0.00698220000003857,1049040,4,NA,NA,2610,0.522
5000,4,"HL",7,21960713,0.0106149000000642,1049040,3,NA,NA,2547,0.5094
5000,4,"HL",8,21960714,0.0107054000000062,1049040,3,NA,NA,2517,0.5034
5000,4,"HL",9,21960715,0.0116709000001265,1049040,4,NA,NA,2578,0.5156
5000,4,"HL",10,21960716,0.0140283000000636,1049040,3,NA,NA,2556,0.5112
5000,4,"HL",11,21960717,0.00719760000015413,1049040,4,NA,NA,2562,0.5124
5000,4,"HL",12,21960718,0.0124663999999939,1049040,3,NA,NA,2568,0.5136
5000,4,"HL",13,21960719,0.0139682000001358,1049040,4,NA,NA,2567,0.5134
5000,4,"HL",14,21960720,0.0157965000000786,1049040,4,NA,NA,2592,0.5184
5000,4,"HL",15,21960721,0.0116707000001952,1049040,4,NA,NA,2545,0.509
5000,4,"HL",16,21960722,0.00736610000012661,1049040,4,NA,NA,2562,0.5124
5000,4,"HL",17,21960723,0.0128346999999849,1049040,4,NA,NA,2546,0.5092
5000,4,"HL",18,21960724,0.0100493000002189,1049040,4,NA,NA,2500,0.5
5000,4,"HL",19,21960725,0.00958520000017415,1049040,4,NA,NA,2525,0.505
5000,4,"HL",20,21960726,0.0115915000001223,1049040,4,NA,NA,2562,0.5124
5000,4,"HL",21,21960727,0.00920050000013362,1049040,3,NA,NA,2496,0.4992
5000,4,"HL",22,21960728,0.00969810000015059,1049040,4,NA,NA,2584,0.5168
5000,4,"HL",23,21960729,0.0198130999999648,1049040,4,NA,NA,2535,0.507
5000,4,"HL",24,21960730,0.0099827000001369,1049040,3,NA,NA,2475,0.495
5000,4,"HL",25,21960731,0.00991410000028736,1049040,3,NA,NA,2535,0.507
5000,4,"HL",26,21960732,0.00675760000012815,1049040,3,NA,NA,2557,0.5114
5000,4,"HL",27,21960733,0.00899900000035814,1049040,4,NA,NA,2565,0.513
5000,4,"HL",28,21960734,0.0103114000000915,1049040,4,NA,NA,2532,0.5064
5000,4,"HL",29,21960735,0.00966110000013032,1049040,3,NA,NA,2493,0.4986
5000,4,"HL",30,21960736,0.00685599999997066,1049040,3,NA,NA,2531,0.5062
5000,4,"Pigeon-Heyse",1,21960707,0.00345310000011523,1076448,4,NA,NA,2519,0.5038
5000,4,"Pigeon-Heyse",2,21960708,0.00218440000026021,1076448,3,NA,NA,2562,0.5124
5000,4,"Pigeon-Heyse",3,21960709,0.00340800000003583,1076448,4,NA,NA,2584,0.5168
5000,4,"Pigeon-Heyse",4,21960710,0.00367900000014743,1076448,4,NA,NA,2492,0.4984
5000,4,"Pigeon-Heyse",5,21960711,0.00471590000029209,1076448,4,NA,NA,2525,0.505
5000,4,"Pigeon-Heyse",6,21960712,0.00219080000010763,1076448,4,NA,NA,2610,0.522
5000,4,"Pigeon-Heyse",7,21960713,0.00375589999998738,1076448,3,NA,NA,2547,0.5094
5000,4,"Pigeon-Heyse",8,21960714,0.00356719999990673,1076448,3,NA,NA,2517,0.5034
5000,4,"Pigeon-Heyse",9,21960715,0.00432820000014544,1076448,4,NA,NA,2578,0.5156
5000,4,"Pigeon-Heyse",10,21960716,0.00378679999994347,1076448,3,NA,NA,2556,0.5112
5000,4,"Pigeon-Heyse",11,21960717,0.00245940000013434,1076448,4,NA,NA,2562,0.5124
5000,4,"Pigeon-Heyse",12,21960718,0.00722650000034264,1076448,3,NA,NA,2568,0.5136
5000,4,"Pigeon-Heyse",13,21960719,0.00374500000020817,1076448,4,NA,NA,2567,0.5134
5000,4,"Pigeon-Heyse",14,21960720,0.00400260000014896,1076448,4,NA,NA,2592,0.5184
5000,4,"Pigeon-Heyse",15,21960721,0.0036923000002389,1076448,4,NA,NA,2545,0.509
5000,4,"Pigeon-Heyse",16,21960722,0.00242840000009892,1076448,4,NA,NA,2562,0.5124
5000,4,"Pigeon-Heyse",17,21960723,0.00361709999992854,1076448,4,NA,NA,2546,0.5092
5000,4,"Pigeon-Heyse",18,21960724,0.00440560000015466,1076448,4,NA,NA,2500,0.5
5000,4,"Pigeon-Heyse",19,21960725,0.0039216000000124,1076448,4,NA,NA,2525,0.505
5000,4,"Pigeon-Heyse",20,21960726,0.00420430000008309,1076448,4,NA,NA,2562,0.5124
5000,4,"Pigeon-Heyse",21,21960727,0.00417430000015884,1076448,3,NA,NA,2496,0.4992
5000,4,"Pigeon-Heyse",22,21960728,0.00414840000007644,1076448,4,NA,NA,2584,0.5168
5000,4,"Pigeon-Heyse",23,21960729,0.00357860000008259,1076448,4,NA,NA,2535,0.507
5000,4,"Pigeon-Heyse",24,21960730,0.00356000000010681,1076448,3,NA,NA,2475,0.495
5000,4,"Pigeon-Heyse",25,21960731,0.00355490000015379,1076448,3,NA,NA,2535,0.507
5000,4,"Pigeon-Heyse",26,21960732,0.0024657000001298,1076448,3,NA,NA,2557,0.5114
5000,4,"Pigeon-Heyse",27,21960733,0.0110645000002023,1076448,4,NA,NA,2565,0.513
5000,4,"Pigeon-Heyse",28,21960734,0.00363260000017362,1076448,4,NA,NA,2532,0.5064
5000,4,"Pigeon-Heyse",29,21960735,0.00391920000015489,1076448,3,NA,NA,2493,0.4986
5000,4,"Pigeon-Heyse",30,21960736,0.00240200000007462,1076448,3,NA,NA,2531,0.5062
5000,4,"Osius-Rojek",1,21960707,0.00376170000026832,1402168,4,NA,NA,2519,0.5038
5000,4,"Osius-Rojek",2,21960708,0.00188199999979588,1402168,3,NA,NA,2562,0.5124
5000,4,"Osius-Rojek",3,21960709,0.00279920000025413,1402168,4,NA,NA,2584,0.5168
5000,4,"Osius-Rojek",4,21960710,0.00298920000022918,1402168,4,NA,NA,2492,0.4984
5000,4,"Osius-Rojek",5,21960711,0.00348250000001826,1402168,4,NA,NA,2525,0.505
5000,4,"Osius-Rojek",6,21960712,0.00185090000013588,1402168,4,NA,NA,2610,0.522
5000,4,"Osius-Rojek",7,21960713,0.00252720000025874,1402168,3,NA,NA,2547,0.5094
5000,4,"Osius-Rojek",8,21960714,0.00256150000018351,1402168,3,NA,NA,2517,0.5034
5000,4,"Osius-Rojek",9,21960715,0.00259190000019771,1402168,4,NA,NA,2578,0.5156
5000,4,"Osius-Rojek",10,21960716,0.00626520000014352,1402168,3,NA,NA,2556,0.5112
5000,4,"Osius-Rojek",11,21960717,0.00169540000001689,1402168,4,NA,NA,2562,0.5124
5000,4,"Osius-Rojek",12,21960718,0.00335519999998724,1402168,3,NA,NA,2568,0.5136
5000,4,"Osius-Rojek",13,21960719,0.00321750000011889,1402168,4,NA,NA,2567,0.5134
5000,4,"Osius-Rojek",14,21960720,0.00391130000002704,1402168,4,NA,NA,2592,0.5184
5000,4,"Osius-Rojek",15,21960721,0.00240260000009584,1402168,4,NA,NA,2545,0.509
5000,4,"Osius-Rojek",16,21960722,0.00175850000005084,1402168,4,NA,NA,2562,0.5124
5000,4,"Osius-Rojek",17,21960723,0.00269739999998819,1402168,4,NA,NA,2546,0.5092
5000,4,"Osius-Rojek",18,21960724,0.00300700000002507,1402168,4,NA,NA,2500,0.5
5000,4,"Osius-Rojek",19,21960725,0.00251920000027894,1402168,4,NA,NA,2525,0.505
5000,4,"Osius-Rojek",20,21960726,0.00289050000014868,1402168,4,NA,NA,2562,0.5124
5000,4,"Osius-Rojek",21,21960727,0.00161950000006073,1402168,3,NA,NA,2496,0.4992
5000,4,"Osius-Rojek",22,21960728,0.00256500000023152,1402168,4,NA,NA,2584,0.5168
5000,4,"Osius-Rojek",23,21960729,0.00253960000009101,1402168,4,NA,NA,2535,0.507
5000,4,"Osius-Rojek",24,21960730,0.00265590000003613,1402168,3,NA,NA,2475,0.495
5000,4,"Osius-Rojek",25,21960731,0.00286089999985961,1402168,3,NA,NA,2535,0.507
5000,4,"Osius-Rojek",26,21960732,0.00166090000016084,1402168,3,NA,NA,2557,0.5114
5000,4,"Osius-Rojek",27,21960733,0.00257760000022245,1402168,4,NA,NA,2565,0.513
5000,4,"Osius-Rojek",28,21960734,0.00282459999993989,1402168,4,NA,NA,2532,0.5064
5000,4,"Osius-Rojek",29,21960735,0.00290890000019317,1402168,3,NA,NA,2493,0.4986
5000,4,"Osius-Rojek",30,21960736,0.00176070000020445,1402168,3,NA,NA,2531,0.5062
5000,4,"Stukel",1,21960707,0.00272570000015548,1742584,4,4,1,2519,0.5038
5000,4,"Stukel",2,21960708,0.00163930000007895,1742584,3,4,1,2562,0.5124
5000,4,"Stukel",3,21960709,0.00285040000017034,1742584,4,4,1,2584,0.5168
5000,4,"Stukel",4,21960710,0.00264800000013565,1742584,4,4,1,2492,0.4984
5000,4,"Stukel",5,21960711,0.00348810000014055,1742584,4,4,1,2525,0.505
5000,4,"Stukel",6,21960712,0.00164190000009512,1742584,4,4,1,2610,0.522
5000,4,"Stukel",7,21960713,0.00285870000016075,1742584,3,4,1,2547,0.5094
5000,4,"Stukel",8,21960714,0.00246390000029351,1742584,3,4,1,2517,0.5034
5000,4,"Stukel",9,21960715,0.00302000000033331,1742584,4,4,1,2578,0.5156
5000,4,"Stukel",10,21960716,0.00249400000029709,1742584,3,4,1,2556,0.5112
5000,4,"Stukel",11,21960717,0.00298810000026606,1742584,4,4,1,2562,0.5124
5000,4,"Stukel",12,21960718,0.00339760000019851,1742584,3,4,1,2568,0.5136
5000,4,"Stukel",13,21960719,0.00368170000001555,1742584,4,4,1,2567,0.5134
5000,4,"Stukel",14,21960720,0.00402510000003531,1742584,4,4,1,2592,0.5184
5000,4,"Stukel",15,21960721,0.00241460000006555,1742584,4,4,1,2545,0.509
5000,4,"Stukel",16,21960722,0.00170970000021953,1742584,4,4,1,2562,0.5124
5000,4,"Stukel",17,21960723,0.00235840000004828,1742584,4,4,1,2546,0.5092
5000,4,"Stukel",18,21960724,0.00355420000028062,1742584,4,4,1,2500,0.5
5000,4,"Stukel",19,21960725,0.00251470000011977,1742584,4,4,1,2525,0.505
5000,4,"Stukel",20,21960726,0.00233980000029987,1742584,4,4,1,2562,0.5124
5000,4,"Stukel",21,21960727,0.00164090000021133,1742584,3,4,1,2496,0.4992
5000,4,"Stukel",22,21960728,0.00244619999989482,1742584,4,4,1,2584,0.5168
5000,4,"Stukel",23,21960729,0.00353550000022551,1742584,4,4,1,2535,0.507
5000,4,"Stukel",24,21960730,0.00365280000005441,1742584,3,4,1,2475,0.495
5000,4,"Stukel",25,21960731,0.00270710000017971,1742584,3,4,1,2535,0.507
5000,4,"Stukel",26,21960732,0.00280880000013894,1742584,3,4,1,2557,0.5114
5000,4,"Stukel",27,21960733,0.00422950000029232,1742584,4,4,1,2565,0.513
5000,4,"Stukel",28,21960734,0.00271010000028582,1742584,4,4,1,2532,0.5064
5000,4,"Stukel",29,21960735,0.00234530000034283,1742584,3,4,1,2493,0.4986
5000,4,"Stukel",30,21960736,0.00218050000034964,1742584,3,4,1,2531,0.5062
5000,4,"Tsiatis",1,21960707,0.0132172999999511,4021792,4,NA,NA,2519,0.5038
5000,4,"Tsiatis",2,21960708,0.0103214000002936,4021792,3,NA,NA,2562,0.5124
5000,4,"Tsiatis",3,21960709,0.0163970000000973,4021792,4,NA,NA,2584,0.5168
5000,4,"Tsiatis",4,21960710,0.0132288000002063,4021792,4,NA,NA,2492,0.4984
5000,4,"Tsiatis",5,21960711,0.0151333000001159,4021792,4,NA,NA,2525,0.505
5000,4,"Tsiatis",6,21960712,0.0113671999999951,4021792,4,NA,NA,2610,0.522
5000,4,"Tsiatis",7,21960713,0.0170273000001089,4021792,3,NA,NA,2547,0.5094
5000,4,"Tsiatis",8,21960714,0.0167000000001281,4021792,3,NA,NA,2517,0.5034
5000,4,"Tsiatis",9,21960715,0.0194408000002113,4021792,4,NA,NA,2578,0.5156
5000,4,"Tsiatis",10,21960716,0.0218963000002077,4021792,3,NA,NA,2556,0.5112
5000,4,"Tsiatis",11,21960717,0.00959560000023885,4021792,4,NA,NA,2562,0.5124
5000,4,"Tsiatis",12,21960718,0.0212558000000627,4021792,3,NA,NA,2568,0.5136
5000,4,"Tsiatis",13,21960719,0.0188713000000007,4021792,4,NA,NA,2567,0.5134
5000,4,"Tsiatis",14,21960720,0.0138373000002048,4021792,4,NA,NA,2592,0.5184
5000,4,"Tsiatis",15,21960721,0.0169053000001895,4021792,4,NA,NA,2545,0.509
5000,4,"Tsiatis",16,21960722,0.0157566000002589,4021792,4,NA,NA,2562,0.5124
5000,4,"Tsiatis",17,21960723,0.0169628000001012,4021792,4,NA,NA,2546,0.5092
5000,4,"Tsiatis",18,21960724,0.0132925000000341,4021792,4,NA,NA,2500,0.5
5000,4,"Tsiatis",19,21960725,0.0152404000002662,4021792,4,NA,NA,2525,0.505
5000,4,"Tsiatis",20,21960726,0.0106449000002158,4021792,4,NA,NA,2562,0.5124
5000,4,"Tsiatis",21,21960727,0.00854320000007647,4021792,3,NA,NA,2496,0.4992
5000,4,"Tsiatis",22,21960728,0.0123262000001887,4021792,4,NA,NA,2584,0.5168
5000,4,"Tsiatis",23,21960729,0.0174627000001237,4021792,4,NA,NA,2535,0.507
5000,4,"Tsiatis",24,21960730,0.0205038999999942,4021792,3,NA,NA,2475,0.495
5000,4,"Tsiatis",25,21960731,0.0133016000002044,4021792,3,NA,NA,2535,0.507
5000,4,"Tsiatis",26,21960732,0.0123986000000968,4021792,3,NA,NA,2557,0.5114
5000,4,"Tsiatis",27,21960733,0.0171040000002449,4021792,4,NA,NA,2565,0.513
5000,4,"Tsiatis",28,21960734,0.0151934000002711,4021792,4,NA,NA,2532,0.5064
5000,4,"Tsiatis",29,21960735,0.0165662000001703,4021792,3,NA,NA,2493,0.4986
5000,4,"Tsiatis",30,21960736,0.0103879000000688,4021792,3,NA,NA,2531,0.5062
5000,4,"Xie",1,21960707,0.222224300000107,9493520,4,NA,NA,2519,0.5038
5000,4,"Xie",2,21960708,0.16666400000031,9493512,3,NA,NA,2562,0.5124
5000,4,"Xie",3,21960709,0.198301500000071,9493520,4,NA,NA,2584,0.5168
5000,4,"Xie",4,21960710,0.235861400000204,9493512,4,NA,NA,2492,0.4984
5000,4,"Xie",5,21960711,0.249124200000097,9493512,4,NA,NA,2525,0.505
5000,4,"Xie",6,21960712,0.180281900000182,9493512,4,NA,NA,2610,0.522
5000,4,"Xie",7,21960713,0.23858180000002,9493520,3,NA,NA,2547,0.5094
5000,4,"Xie",8,21960714,0.205655800000159,9493512,3,NA,NA,2517,0.5034
5000,4,"Xie",9,21960715,0.23314379999988,9493520,4,NA,NA,2578,0.5156
5000,4,"Xie",10,21960716,0.234112500000265,9493520,3,NA,NA,2556,0.5112
5000,4,"Xie",11,21960717,0.186248900000237,9493520,4,NA,NA,2562,0.5124
5000,4,"Xie",12,21960718,0.232526200000166,9493512,3,NA,NA,2568,0.5136
5000,4,"Xie",13,21960719,0.241831299999831,9493520,4,NA,NA,2567,0.5134
5000,4,"Xie",14,21960720,0.227791600000273,9493504,4,NA,NA,2592,0.5184
5000,4,"Xie",15,21960721,0.238672000000179,9493520,4,NA,NA,2545,0.509
5000,4,"Xie",16,21960722,0.194538700000294,9493512,4,NA,NA,2562,0.5124
5000,4,"Xie",17,21960723,0.217851600000131,9493520,4,NA,NA,2546,0.5092
5000,4,"Xie",18,21960724,0.217996800000037,9493520,4,NA,NA,2500,0.5
5000,4,"Xie",19,21960725,0.228501800000231,9493504,4,NA,NA,2525,0.505
5000,4,"Xie",20,21960726,0.247578400000066,9493520,4,NA,NA,2562,0.5124
5000,4,"Xie",21,21960727,0.18067979999978,9493504,3,NA,NA,2496,0.4992
5000,4,"Xie",22,21960728,0.232714400000077,9493504,4,NA,NA,2584,0.5168
5000,4,"Xie",23,21960729,0.241204800000332,9493528,4,NA,NA,2535,0.507
5000,4,"Xie",24,21960730,0.259395300000051,9493528,3,NA,NA,2475,0.495
5000,4,"Xie",25,21960731,0.248281800000086,9493520,3,NA,NA,2535,0.507
5000,4,"Xie",26,21960732,0.194019400000343,9493512,3,NA,NA,2557,0.5114
5000,4,"Xie",27,21960733,0.211296000000175,9493512,4,NA,NA,2565,0.513
5000,4,"Xie",28,21960734,0.213714000000209,9493512,4,NA,NA,2532,0.5064
5000,4,"Xie",29,21960735,0.237229700000171,9493512,3,NA,NA,2493,0.4986
5000,4,"Xie",30,21960736,0.186703699999953,9493512,3,NA,NA,2531,0.5062
5000,4,"Pulkstenis-Robinson",1,21960707,0.00752680000005057,2078888,4,NA,NA,2519,0.5038
5000,4,"Pulkstenis-Robinson",2,21960708,0.00417130000005272,2078888,3,NA,NA,2562,0.5124
5000,4,"Pulkstenis-Robinson",3,21960709,0.00525030000017068,2078824,4,NA,NA,2584,0.5168
5000,4,"Pulkstenis-Robinson",4,21960710,0.00671310000006997,2078888,4,NA,NA,2492,0.4984
5000,4,"Pulkstenis-Robinson",5,21960711,0.00634660000014264,2078888,4,NA,NA,2525,0.505
5000,4,"Pulkstenis-Robinson",6,21960712,0.00484940000023926,2078824,4,NA,NA,2610,0.522
5000,4,"Pulkstenis-Robinson",7,21960713,0.00707330000022921,2078824,3,NA,NA,2547,0.5094
5000,4,"Pulkstenis-Robinson",8,21960714,0.0062950000001365,2078824,3,NA,NA,2517,0.5034
5000,4,"Pulkstenis-Robinson",9,21960715,0.00729750000027707,2078888,4,NA,NA,2578,0.5156
5000,4,"Pulkstenis-Robinson",10,21960716,0.00486230000024079,2078888,3,NA,NA,2556,0.5112
5000,4,"Pulkstenis-Robinson",11,21960717,0.00498340000012831,2078888,4,NA,NA,2562,0.5124
5000,4,"Pulkstenis-Robinson",12,21960718,0.00699280000003455,2078888,3,NA,NA,2568,0.5136
5000,4,"Pulkstenis-Robinson",13,21960719,0.00604710000015984,2078888,4,NA,NA,2567,0.5134
5000,4,"Pulkstenis-Robinson",14,21960720,0.00705340000013166,2078888,4,NA,NA,2592,0.5184
5000,4,"Pulkstenis-Robinson",15,21960721,0.00667730000009215,2078888,4,NA,NA,2545,0.509
5000,4,"Pulkstenis-Robinson",16,21960722,0.00460290000000896,2078888,4,NA,NA,2562,0.5124
5000,4,"Pulkstenis-Robinson",17,21960723,0.006297700000232,2078888,4,NA,NA,2546,0.5092
5000,4,"Pulkstenis-Robinson",18,21960724,0.00625950000016928,2078824,4,NA,NA,2500,0.5
5000,4,"Pulkstenis-Robinson",19,21960725,0.00610870000014074,2078888,4,NA,NA,2525,0.505
5000,4,"Pulkstenis-Robinson",20,21960726,0.00724360000026536,2078824,4,NA,NA,2562,0.5124
5000,4,"Pulkstenis-Robinson",21,21960727,0.00480220000008558,2078824,3,NA,NA,2496,0.4992
5000,4,"Pulkstenis-Robinson",22,21960728,0.00689069999998537,2078888,4,NA,NA,2584,0.5168
5000,4,"Pulkstenis-Robinson",23,21960729,0.00834700000018529,2078888,4,NA,NA,2535,0.507
5000,4,"Pulkstenis-Robinson",24,21960730,0.00652300000024297,2078888,3,NA,NA,2475,0.495
5000,4,"Pulkstenis-Robinson",25,21960731,0.00543650000008711,2078888,3,NA,NA,2535,0.507
5000,4,"Pulkstenis-Robinson",26,21960732,0.0042217000002438,2078888,3,NA,NA,2557,0.5114
5000,4,"Pulkstenis-Robinson",27,21960733,0.00652639999998428,2078888,4,NA,NA,2565,0.513
5000,4,"Pulkstenis-Robinson",28,21960734,0.00586210000028586,2078888,4,NA,NA,2532,0.5064
5000,4,"Pulkstenis-Robinson",29,21960735,0.00637129999995523,2078888,3,NA,NA,2493,0.4986
5000,4,"Pulkstenis-Robinson",30,21960736,0.00489980000020296,2078824,3,NA,NA,2531,0.5062
5000,4,"glm_fit",1,21960707,0.0159779000000526,10143128,4,NA,NA,2519,0.5038
5000,4,"glm_fit",2,21960708,0.00965429999996559,8280224,3,NA,NA,2562,0.5124
5000,4,"glm_fit",3,21960709,0.0139047000002392,10143128,4,NA,NA,2584,0.5168
5000,4,"glm_fit",4,21960710,0.0156377000000703,10143128,4,NA,NA,2492,0.4984
5000,4,"glm_fit",5,21960711,0.016319600000088,10143128,4,NA,NA,2525,0.505
5000,4,"glm_fit",6,21960712,0.0105035999999927,10143128,4,NA,NA,2610,0.522
5000,4,"glm_fit",7,21960713,0.0229428000002372,8280224,3,NA,NA,2547,0.5094
5000,4,"glm_fit",8,21960714,0.0137856999999713,8280224,3,NA,NA,2517,0.5034
5000,4,"glm_fit",9,21960715,0.0143889000000854,10143128,4,NA,NA,2578,0.5156
5000,4,"glm_fit",10,21960716,0.015353000000232,8280224,3,NA,NA,2556,0.5112
5000,4,"glm_fit",11,21960717,0.0112691000001632,10143128,4,NA,NA,2562,0.5124
5000,4,"glm_fit",12,21960718,0.0132221000001209,8280224,3,NA,NA,2568,0.5136
5000,4,"glm_fit",13,21960719,0.0173600000000533,10143128,4,NA,NA,2567,0.5134
5000,4,"glm_fit",14,21960720,0.0192451000000347,10143128,4,NA,NA,2592,0.5184
5000,4,"glm_fit",15,21960721,0.0189057000002322,10143128,4,NA,NA,2545,0.509
5000,4,"glm_fit",16,21960722,0.010465700000168,10143128,4,NA,NA,2562,0.5124
5000,4,"glm_fit",17,21960723,0.0161865000000034,10143128,4,NA,NA,2546,0.5092
5000,4,"glm_fit",18,21960724,0.0210510000001705,10143128,4,NA,NA,2500,0.5
5000,4,"glm_fit",19,21960725,0.0162982000001648,10143128,4,NA,NA,2525,0.505
5000,4,"glm_fit",20,21960726,0.0259487999999237,10143128,4,NA,NA,2562,0.5124
5000,4,"glm_fit",21,21960727,0.0110232000001815,8280224,3,NA,NA,2496,0.4992
5000,4,"glm_fit",22,21960728,0.0137787999999546,10143128,4,NA,NA,2584,0.5168
5000,4,"glm_fit",23,21960729,0.0129883000001882,10143128,4,NA,NA,2535,0.507
5000,4,"glm_fit",24,21960730,0.0154924000000847,8280224,3,NA,NA,2475,0.495
5000,4,"glm_fit",25,21960731,0.0145448000002943,8280224,3,NA,NA,2535,0.507
5000,4,"glm_fit",26,21960732,0.0105676000002859,8280224,3,NA,NA,2557,0.5114
5000,4,"glm_fit",27,21960733,0.0194835000002058,10143128,4,NA,NA,2565,0.513
5000,4,"glm_fit",28,21960734,0.0185232000003452,10143128,4,NA,NA,2532,0.5064
5000,4,"glm_fit",29,21960735,0.0143897000000379,8280224,3,NA,NA,2493,0.4986
5000,4,"glm_fit",30,21960736,0.0111214000000928,8280224,3,NA,NA,2531,0.5062
5000,8,"DEF.poly3",1,22060707,0.0152223000002323,2929960,4,NA,NA,2592,0.5184
5000,8,"DEF.poly3",2,22060708,0.0117035000000669,2929936,3,NA,NA,2519,0.5038
5000,8,"DEF.poly3",3,22060709,0.019376100000045,2929936,3,NA,NA,2590,0.518
5000,8,"DEF.poly3",4,22060710,0.0157740000001922,2929936,4,NA,NA,2513,0.5026
5000,8,"DEF.poly3",5,22060711,0.0147563000000446,2929936,3,NA,NA,2539,0.5078
5000,8,"DEF.poly3",6,22060712,0.010231800000156,2929936,3,NA,NA,2575,0.515
5000,8,"DEF.poly3",7,22060713,0.0145519000002423,2929936,4,NA,NA,2564,0.5128
5000,8,"DEF.poly3",8,22060714,0.0135910000001331,2929936,4,NA,NA,2646,0.5292
5000,8,"DEF.poly3",9,22060715,0.0178548000001229,2929960,4,NA,NA,2593,0.5186
5000,8,"DEF.poly3",10,22060716,0.0164721000001009,2929936,3,NA,NA,2475,0.495
5000,8,"DEF.poly3",11,22060717,0.01287769999999,2929936,3,NA,NA,2608,0.5216
5000,8,"DEF.poly3",12,22060718,0.0171611000000667,2929936,4,NA,NA,2502,0.5004
5000,8,"DEF.poly3",13,22060719,0.0168800000001283,2929936,4,NA,NA,2534,0.5068
5000,8,"DEF.poly3",14,22060720,0.0164410000002135,2929936,4,NA,NA,2501,0.5002
5000,8,"DEF.poly3",15,22060721,0.0153016000001571,2929936,4,NA,NA,2552,0.5104
5000,8,"DEF.poly3",16,22060722,0.0100056999999651,2929936,3,NA,NA,2544,0.5088
5000,8,"DEF.poly3",17,22060723,0.013771300000144,2929936,3,NA,NA,2526,0.5052
5000,8,"DEF.poly3",18,22060724,0.0184170000002268,2929936,3,NA,NA,2604,0.5208
5000,8,"DEF.poly3",19,22060725,0.0156531000000086,2929936,3,NA,NA,2490,0.498
5000,8,"DEF.poly3",20,22060726,0.0146908000001531,2929936,4,NA,NA,2544,0.5088
5000,8,"DEF.poly3",21,22060727,0.0100924000000759,2929936,4,NA,NA,2530,0.506
5000,8,"DEF.poly3",22,22060728,0.0159322000001794,2929960,4,NA,NA,2541,0.5082
5000,8,"DEF.poly3",23,22060729,0.0162416000000576,2929936,3,NA,NA,2619,0.5238
5000,8,"DEF.poly3",24,22060730,0.0147882999999638,2929936,4,NA,NA,2539,0.5078
5000,8,"DEF.poly3",25,22060731,0.0175873000000593,2929936,4,NA,NA,2523,0.5046
5000,8,"DEF.poly3",26,22060732,0.0103023000001485,2929936,4,NA,NA,2569,0.5138
5000,8,"DEF.poly3",27,22060733,0.0131148000002668,2929936,4,NA,NA,2586,0.5172
5000,8,"DEF.poly3",28,22060734,0.0144792000000962,2929936,3,NA,NA,2541,0.5082
5000,8,"DEF.poly3",29,22060735,0.0157114000001002,2929936,3,NA,NA,2568,0.5136
5000,8,"DEF.poly3",30,22060736,0.0112067000000025,2929960,3,NA,NA,2603,0.5206
5000,8,"DEF.stukel",1,22060707,0.0142416000001049,2923032,4,NA,NA,2592,0.5184
5000,8,"DEF.stukel",2,22060708,0.00966729999981908,2923032,3,NA,NA,2519,0.5038
5000,8,"DEF.stukel",3,22060709,0.0150295000000824,2923032,3,NA,NA,2590,0.518
5000,8,"DEF.stukel",4,22060710,0.0198113000001285,2923032,4,NA,NA,2513,0.5026
5000,8,"DEF.stukel",5,22060711,0.016588700000284,2923032,3,NA,NA,2539,0.5078
5000,8,"DEF.stukel",6,22060712,0.0104850000002443,2923032,3,NA,NA,2575,0.515
5000,8,"DEF.stukel",7,22060713,0.0132597000001624,2923032,4,NA,NA,2564,0.5128
5000,8,"DEF.stukel",8,22060714,0.013289800000166,2923032,4,NA,NA,2646,0.5292
5000,8,"DEF.stukel",9,22060715,0.013398000000052,2923032,4,NA,NA,2593,0.5186
5000,8,"DEF.stukel",10,22060716,0.0157826000001933,2923032,3,NA,NA,2475,0.495
5000,8,"DEF.stukel",11,22060717,0.00924770000005992,2923032,3,NA,NA,2608,0.5216
5000,8,"DEF.stukel",12,22060718,0.0201670000001286,2923032,4,NA,NA,2502,0.5004
5000,8,"DEF.stukel",13,22060719,0.0185875000001943,2923032,4,NA,NA,2534,0.5068
5000,8,"DEF.stukel",14,22060720,0.0134141000000909,2923032,4,NA,NA,2501,0.5002
5000,8,"DEF.stukel",15,22060721,0.0163874000002124,2923032,4,NA,NA,2552,0.5104
5000,8,"DEF.stukel",16,22060722,0.0095904000002065,2923032,3,NA,NA,2544,0.5088
5000,8,"DEF.stukel",17,22060723,0.0159562000001188,2923032,3,NA,NA,2526,0.5052
5000,8,"DEF.stukel",18,22060724,0.0148610000001099,2923032,3,NA,NA,2604,0.5208
5000,8,"DEF.stukel",19,22060725,0.0128245000000788,2923032,3,NA,NA,2490,0.498
5000,8,"DEF.stukel",20,22060726,0.015880000000152,2923032,4,NA,NA,2544,0.5088
5000,8,"DEF.stukel",21,22060727,0.0103212000001349,2923032,4,NA,NA,2530,0.506
5000,8,"DEF.stukel",22,22060728,0.0160118000001148,2923032,4,NA,NA,2541,0.5082
5000,8,"DEF.stukel",23,22060729,0.012862300000279,2923032,3,NA,NA,2619,0.5238
5000,8,"DEF.stukel",24,22060730,0.0154833000001418,2923032,4,NA,NA,2539,0.5078
5000,8,"DEF.stukel",25,22060731,0.0140575000002627,2923032,4,NA,NA,2523,0.5046
5000,8,"DEF.stukel",26,22060732,0.0132609000002049,2923032,4,NA,NA,2569,0.5138
5000,8,"DEF.stukel",27,22060733,0.0136143000001994,2923032,4,NA,NA,2586,0.5172
5000,8,"DEF.stukel",28,22060734,0.0157976999998937,2923032,3,NA,NA,2541,0.5082
5000,8,"DEF.stukel",29,22060735,0.0156527000001461,2923032,3,NA,NA,2568,0.5136
5000,8,"DEF.stukel",30,22060736,0.00921680000010383,2923032,3,NA,NA,2603,0.5206
5000,8,"EF",1,22060707,0.00665410000010525,1500904,4,NA,NA,2592,0.5184
5000,8,"EF",2,22060708,0.0028063000002021,1500904,3,NA,NA,2519,0.5038
5000,8,"EF",3,22060709,0.00416940000036448,1500904,3,NA,NA,2590,0.518
5000,8,"EF",4,22060710,0.00408140000013191,1500904,4,NA,NA,2513,0.5026
5000,8,"EF",5,22060711,0.00602300000014111,1500904,3,NA,NA,2539,0.5078
5000,8,"EF",6,22060712,0.00239990000000034,1500904,3,NA,NA,2575,0.515
5000,8,"EF",7,22060713,0.00544180000019878,1500904,4,NA,NA,2564,0.5128
5000,8,"EF",8,22060714,0.003997100000106,1500904,4,NA,NA,2646,0.5292
5000,8,"EF",9,22060715,0.00720210000031329,1500904,4,NA,NA,2593,0.5186
5000,8,"EF",10,22060716,0.00448230000006333,1500904,3,NA,NA,2475,0.495
5000,8,"EF",11,22060717,0.00260150000008252,1500904,3,NA,NA,2608,0.5216
5000,8,"EF",12,22060718,0.00790640000013809,1500904,4,NA,NA,2502,0.5004
5000,8,"EF",13,22060719,0.00578889999997045,1500904,4,NA,NA,2534,0.5068
5000,8,"EF",14,22060720,0.00465180000014698,1500904,4,NA,NA,2501,0.5002
5000,8,"EF",15,22060721,0.00488290000021152,1500904,4,NA,NA,2552,0.5104
5000,8,"EF",16,22060722,0.00269440000010945,1500904,3,NA,NA,2544,0.5088
5000,8,"EF",17,22060723,0.00353630000017802,1500904,3,NA,NA,2526,0.5052
5000,8,"EF",18,22060724,0.00555960000019695,1500904,3,NA,NA,2604,0.5208
5000,8,"EF",19,22060725,0.00517749999994521,1500904,3,NA,NA,2490,0.498
5000,8,"EF",20,22060726,0.00602390000017294,1500904,4,NA,NA,2544,0.5088
5000,8,"EF",21,22060727,0.00262300000031246,1500904,4,NA,NA,2530,0.506
5000,8,"EF",22,22060728,0.00474110000004657,1500904,4,NA,NA,2541,0.5082
5000,8,"EF",23,22060729,0.00984600000015234,1500904,3,NA,NA,2619,0.5238
5000,8,"EF",24,22060730,0.00485090000006494,1500904,4,NA,NA,2539,0.5078
5000,8,"EF",25,22060731,0.00588510000034148,1500904,4,NA,NA,2523,0.5046
5000,8,"EF",26,22060732,0.00261130000012599,1500904,4,NA,NA,2569,0.5138
5000,8,"EF",27,22060733,0.00568880000037097,1500904,4,NA,NA,2586,0.5172
5000,8,"EF",28,22060734,0.00552940000011404,1500904,3,NA,NA,2541,0.5082
5000,8,"EF",29,22060735,0.00478240000006735,1500904,3,NA,NA,2568,0.5136
5000,8,"EF",30,22060736,0.0024954999998954,1500904,3,NA,NA,2603,0.5206
5000,8,"HL",1,22060707,0.0102861000002576,1209312,4,NA,NA,2592,0.5184
5000,8,"HL",2,22060708,0.00694039999984852,1209312,3,NA,NA,2519,0.5038
5000,8,"HL",3,22060709,0.00959080000006907,1209312,3,NA,NA,2590,0.518
5000,8,"HL",4,22060710,0.0111699999999928,1209312,4,NA,NA,2513,0.5026
5000,8,"HL",5,22060711,0.00963700000011158,1209312,3,NA,NA,2539,0.5078
5000,8,"HL",6,22060712,0.007252500000277,1209312,3,NA,NA,2575,0.515
5000,8,"HL",7,22060713,0.0101016999999501,1209312,4,NA,NA,2564,0.5128
5000,8,"HL",8,22060714,0.00998230000027434,1209312,4,NA,NA,2646,0.5292
5000,8,"HL",9,22060715,0.00931190000005699,1209312,4,NA,NA,2593,0.5186
5000,8,"HL",10,22060716,0.0116083000002618,1209312,3,NA,NA,2475,0.495
5000,8,"HL",11,22060717,0.00679080000031718,1209312,3,NA,NA,2608,0.5216
5000,8,"HL",12,22060718,0.0100767000001269,1209312,4,NA,NA,2502,0.5004
5000,8,"HL",13,22060719,0.0115941000001385,1209312,4,NA,NA,2534,0.5068
5000,8,"HL",14,22060720,0.00999840000031327,1209312,4,NA,NA,2501,0.5002
5000,8,"HL",15,22060721,0.0126049000002695,1209312,4,NA,NA,2552,0.5104
5000,8,"HL",16,22060722,0.00677090000021963,1209312,3,NA,NA,2544,0.5088
5000,8,"HL",17,22060723,0.0119759000001523,1209312,3,NA,NA,2526,0.5052
5000,8,"HL",18,22060724,0.0106613000002653,1209312,3,NA,NA,2604,0.5208
5000,8,"HL",19,22060725,0.00941639999996369,1209312,3,NA,NA,2490,0.498
5000,8,"HL",20,22060726,0.00996460000010302,1209312,4,NA,NA,2544,0.5088
5000,8,"HL",21,22060727,0.00874740000017482,1209312,4,NA,NA,2530,0.506
5000,8,"HL",22,22060728,0.0248915000001944,1209312,4,NA,NA,2541,0.5082
5000,8,"HL",23,22060729,0.0101176000000578,1209312,3,NA,NA,2619,0.5238
5000,8,"HL",24,22060730,0.0101600000000417,1209312,4,NA,NA,2539,0.5078
5000,8,"HL",25,22060731,0.0102875000002314,1209312,4,NA,NA,2523,0.5046
5000,8,"HL",26,22060732,0.00680890000012369,1209312,4,NA,NA,2569,0.5138
5000,8,"HL",27,22060733,0.00918360000014218,1209312,4,NA,NA,2586,0.5172
5000,8,"HL",28,22060734,0.010299600000053,1209312,3,NA,NA,2541,0.5082
5000,8,"HL",29,22060735,0.00999120000028597,1209312,3,NA,NA,2568,0.5136
5000,8,"HL",30,22060736,0.010307000000239,1209312,3,NA,NA,2603,0.5206
5000,8,"Pigeon-Heyse",1,22060707,0.00382070000023305,1236720,4,NA,NA,2592,0.5184
5000,8,"Pigeon-Heyse",2,22060708,0.00222980000012285,1236720,3,NA,NA,2519,0.5038
5000,8,"Pigeon-Heyse",3,22060709,0.00323320000029526,1236720,3,NA,NA,2590,0.518
5000,8,"Pigeon-Heyse",4,22060710,0.00335029999973813,1236720,4,NA,NA,2513,0.5026
5000,8,"Pigeon-Heyse",5,22060711,0.00413650000018606,1236720,3,NA,NA,2539,0.5078
5000,8,"Pigeon-Heyse",6,22060712,0.002342500000168,1236720,3,NA,NA,2575,0.515
5000,8,"Pigeon-Heyse",7,22060713,0.00358330000017304,1236720,4,NA,NA,2564,0.5128
5000,8,"Pigeon-Heyse",8,22060714,0.00742480000008072,1236720,4,NA,NA,2646,0.5292
5000,8,"Pigeon-Heyse",9,22060715,0.00343990000010308,1236720,4,NA,NA,2593,0.5186
5000,8,"Pigeon-Heyse",10,22060716,0.00416740000014215,1236720,3,NA,NA,2475,0.495
5000,8,"Pigeon-Heyse",11,22060717,0.00236130000007506,1236720,3,NA,NA,2608,0.5216
5000,8,"Pigeon-Heyse",12,22060718,0.00558300000011513,1236720,4,NA,NA,2502,0.5004
5000,8,"Pigeon-Heyse",13,22060719,0.00621810000029654,1236720,4,NA,NA,2534,0.5068
5000,8,"Pigeon-Heyse",14,22060720,0.00423980000005031,1236720,4,NA,NA,2501,0.5002
5000,8,"Pigeon-Heyse",15,22060721,0.00550300000008974,1236720,4,NA,NA,2552,0.5104
5000,8,"Pigeon-Heyse",16,22060722,0.00217240000006313,1236720,3,NA,NA,2544,0.5088
5000,8,"Pigeon-Heyse",17,22060723,0.00383310000029269,1236720,3,NA,NA,2526,0.5052
5000,8,"Pigeon-Heyse",18,22060724,0.00374420000025566,1236720,3,NA,NA,2604,0.5208
5000,8,"Pigeon-Heyse",19,22060725,0.00342569999997977,1236720,3,NA,NA,2490,0.498
5000,8,"Pigeon-Heyse",20,22060726,0.00479650000011134,1236720,4,NA,NA,2544,0.5088
5000,8,"Pigeon-Heyse",21,22060727,0.00249640000015461,1236720,4,NA,NA,2530,0.506
5000,8,"Pigeon-Heyse",22,22060728,0.0060364999999365,1236720,4,NA,NA,2541,0.5082
5000,8,"Pigeon-Heyse",23,22060729,0.00476380000009158,1236720,3,NA,NA,2619,0.5238
5000,8,"Pigeon-Heyse",24,22060730,0.00499510000031478,1236720,4,NA,NA,2539,0.5078
5000,8,"Pigeon-Heyse",25,22060731,0.00370060000022931,1236720,4,NA,NA,2523,0.5046
5000,8,"Pigeon-Heyse",26,22060732,0.00227630000017598,1236720,4,NA,NA,2569,0.5138
5000,8,"Pigeon-Heyse",27,22060733,0.00358290000031047,1236720,4,NA,NA,2586,0.5172
5000,8,"Pigeon-Heyse",28,22060734,0.00499350000018239,1236720,3,NA,NA,2541,0.5082
5000,8,"Pigeon-Heyse",29,22060735,0.00576840000007905,1236720,3,NA,NA,2568,0.5136
5000,8,"Pigeon-Heyse",30,22060736,0.00259500000015578,1236720,3,NA,NA,2603,0.5206
5000,8,"Osius-Rojek",1,22060707,0.0037432000001445,1882592,4,NA,NA,2592,0.5184
5000,8,"Osius-Rojek",2,22060708,0.00270309999996243,1882592,3,NA,NA,2519,0.5038
5000,8,"Osius-Rojek",3,22060709,0.00271360000010645,1882592,3,NA,NA,2590,0.518
5000,8,"Osius-Rojek",4,22060710,0.00313980000009906,1882592,4,NA,NA,2513,0.5026
5000,8,"Osius-Rojek",5,22060711,0.00472180000019762,1882592,3,NA,NA,2539,0.5078
5000,8,"Osius-Rojek",6,22060712,0.00276810000013938,1882592,3,NA,NA,2575,0.515
5000,8,"Osius-Rojek",7,22060713,0.00312930000018241,1882592,4,NA,NA,2564,0.5128
5000,8,"Osius-Rojek",8,22060714,0.00397459999999228,1882592,4,NA,NA,2646,0.5292
5000,8,"Osius-Rojek",9,22060715,0.00494600000024548,1882592,4,NA,NA,2593,0.5186
5000,8,"Osius-Rojek",10,22060716,0.00387229999978445,1882592,3,NA,NA,2475,0.495
5000,8,"Osius-Rojek",11,22060717,0.00205490000007558,1882592,3,NA,NA,2608,0.5216
5000,8,"Osius-Rojek",12,22060718,0.00592730000016672,1882592,4,NA,NA,2502,0.5004
5000,8,"Osius-Rojek",13,22060719,0.00384570000028361,1882592,4,NA,NA,2534,0.5068
5000,8,"Osius-Rojek",14,22060720,0.00322560000017802,1882592,4,NA,NA,2501,0.5002
5000,8,"Osius-Rojek",15,22060721,0.0035021000001052,1882592,4,NA,NA,2552,0.5104
5000,8,"Osius-Rojek",16,22060722,0.00201060000017605,1882592,3,NA,NA,2544,0.5088
5000,8,"Osius-Rojek",17,22060723,0.00346990000002734,1882592,3,NA,NA,2526,0.5052
5000,8,"Osius-Rojek",18,22060724,0.00370320000024549,1882592,3,NA,NA,2604,0.5208
5000,8,"Osius-Rojek",19,22060725,0.0040342000002056,1882592,3,NA,NA,2490,0.498
5000,8,"Osius-Rojek",20,22060726,0.0127759000001788,1882592,4,NA,NA,2544,0.5088
5000,8,"Osius-Rojek",21,22060727,0.00221110000006774,1882592,4,NA,NA,2530,0.506
5000,8,"Osius-Rojek",22,22060728,0.00313010000013492,1882592,4,NA,NA,2541,0.5082
5000,8,"Osius-Rojek",23,22060729,0.00381160000029013,1882592,3,NA,NA,2619,0.5238
5000,8,"Osius-Rojek",24,22060730,0.0032874000000902,1882592,4,NA,NA,2539,0.5078
5000,8,"Osius-Rojek",25,22060731,0.00375650000023597,1882592,4,NA,NA,2523,0.5046
5000,8,"Osius-Rojek",26,22060732,0.00193669999998747,1882592,4,NA,NA,2569,0.5138
5000,8,"Osius-Rojek",27,22060733,0.00326059999997597,1882592,4,NA,NA,2586,0.5172
5000,8,"Osius-Rojek",28,22060734,0.0038600000000315,1882592,3,NA,NA,2541,0.5082
5000,8,"Osius-Rojek",29,22060735,0.00303650000023481,1882592,3,NA,NA,2568,0.5136
5000,8,"Osius-Rojek",30,22060736,0.00188510000020869,1882592,3,NA,NA,2603,0.5206
5000,8,"Stukel",1,22060707,0.00562950000016826,2222856,4,4,1,2592,0.5184
5000,8,"Stukel",2,22060708,0.00200130000007448,2222856,3,4,1,2519,0.5038
5000,8,"Stukel",3,22060709,0.00281290000020817,2222856,3,4,1,2590,0.518
5000,8,"Stukel",4,22060710,0.00417270000025383,2222856,4,4,1,2513,0.5026
5000,8,"Stukel",5,22060711,0.00429159999998774,2222856,3,4,1,2539,0.5078
5000,8,"Stukel",6,22060712,0.00183600000013939,2222856,3,4,1,2575,0.515
5000,8,"Stukel",7,22060713,0.0031083999999737,2222856,4,4,1,2564,0.5128
5000,8,"Stukel",8,22060714,0.00299210000002859,2222856,4,4,1,2646,0.5292
5000,8,"Stukel",9,22060715,0.0028991000001497,2222856,4,4,1,2593,0.5186
5000,8,"Stukel",10,22060716,0.0036723000002894,2222856,3,4,1,2475,0.495
5000,8,"Stukel",11,22060717,0.00217229999998381,2222856,3,4,1,2608,0.5216
5000,8,"Stukel",12,22060718,0.00275590000001102,2222856,4,4,1,2502,0.5004
5000,8,"Stukel",13,22060719,0.0032303000000411,2222856,4,4,1,2534,0.5068
5000,8,"Stukel",14,22060720,0.00317920000020422,2222856,4,4,1,2501,0.5002
5000,8,"Stukel",15,22060721,0.00375140000005558,2222856,4,4,1,2552,0.5104
5000,8,"Stukel",16,22060722,0.0019992000000002,2222856,3,4,1,2544,0.5088
5000,8,"Stukel",17,22060723,0.00379420000012942,2222856,3,4,1,2526,0.5052
5000,8,"Stukel",18,22060724,0.00328490000015336,2222856,3,4,1,2604,0.5208
5000,8,"Stukel",19,22060725,0.00498650000008638,2222856,3,4,1,2490,0.498
5000,8,"Stukel",20,22060726,0.0086924000002,2222856,4,4,1,2544,0.5088
5000,8,"Stukel",21,22060727,0.00226500000007945,2222856,4,4,1,2530,0.506
5000,8,"Stukel",22,22060728,0.00339359999998123,2222856,4,4,1,2541,0.5082
5000,8,"Stukel",23,22060729,0.00313919999985046,2222856,3,4,1,2619,0.5238
5000,8,"Stukel",24,22060730,0.00389330000007249,2222856,4,4,1,2539,0.5078
5000,8,"Stukel",25,22060731,0.00458920000005492,2222856,4,4,1,2523,0.5046
5000,8,"Stukel",26,22060732,0.00239540000006855,2222856,4,4,1,2569,0.5138
5000,8,"Stukel",27,22060733,0.0030050000002575,2222856,4,4,1,2586,0.5172
5000,8,"Stukel",28,22060734,0.00426550000020143,2222856,3,4,1,2541,0.5082
5000,8,"Stukel",29,22060735,0.00403830000027483,2222856,3,4,1,2568,0.5136
5000,8,"Stukel",30,22060736,0.00170550000007097,2222856,3,4,1,2603,0.5206
5000,8,"Tsiatis",1,22060707,0.0322908000002826,5152880,4,NA,NA,2592,0.5184
5000,8,"Tsiatis",2,22060708,0.0231486000000132,5152880,3,NA,NA,2519,0.5038
5000,8,"Tsiatis",3,22060709,0.0323876000002201,5152880,3,NA,NA,2590,0.518
5000,8,"Tsiatis",4,22060710,0.0261950999999954,5152880,4,NA,NA,2513,0.5026
5000,8,"Tsiatis",5,22060711,0.0346795000002658,5152880,3,NA,NA,2539,0.5078
5000,8,"Tsiatis",6,22060712,0.0272141000000374,5152880,3,NA,NA,2575,0.515
5000,8,"Tsiatis",7,22060713,0.0358129000003373,5152880,4,NA,NA,2564,0.5128
5000,8,"Tsiatis",8,22060714,0.0320806000001994,5152880,4,NA,NA,2646,0.5292
5000,8,"Tsiatis",9,22060715,0.0368201999999656,5152880,4,NA,NA,2593,0.5186
5000,8,"Tsiatis",10,22060716,0.024211200000309,5152880,3,NA,NA,2475,0.495
5000,8,"Tsiatis",11,22060717,0.0250748000003114,5152880,3,NA,NA,2608,0.5216
5000,8,"Tsiatis",12,22060718,0.024968200000103,5152880,4,NA,NA,2502,0.5004
5000,8,"Tsiatis",13,22060719,0.0334705000002486,5152880,4,NA,NA,2534,0.5068
5000,8,"Tsiatis",14,22060720,0.022514400000091,5152880,4,NA,NA,2501,0.5002
5000,8,"Tsiatis",15,22060721,0.0212452000002941,5152880,4,NA,NA,2552,0.5104
5000,8,"Tsiatis",16,22060722,0.0261120000000119,5152880,3,NA,NA,2544,0.5088
5000,8,"Tsiatis",17,22060723,0.0313716000002842,5152880,3,NA,NA,2526,0.5052
5000,8,"Tsiatis",18,22060724,0.0275237000000743,5152880,3,NA,NA,2604,0.5208
5000,8,"Tsiatis",19,22060725,0.0264204000002337,5152880,3,NA,NA,2490,0.498
5000,8,"Tsiatis",20,22060726,0.023158500000136,5152880,4,NA,NA,2544,0.5088
5000,8,"Tsiatis",21,22060727,0.024040000000241,5152880,4,NA,NA,2530,0.506
5000,8,"Tsiatis",22,22060728,0.0275259000002279,5152880,4,NA,NA,2541,0.5082
5000,8,"Tsiatis",23,22060729,0.0316291000001456,5152880,3,NA,NA,2619,0.5238
5000,8,"Tsiatis",24,22060730,0.0325993000003564,5152880,4,NA,NA,2539,0.5078
5000,8,"Tsiatis",25,22060731,0.0394106000001102,5152880,4,NA,NA,2523,0.5046
5000,8,"Tsiatis",26,22060732,0.0213807000002362,5152880,4,NA,NA,2569,0.5138
5000,8,"Tsiatis",27,22060733,0.0339983000001212,5152880,4,NA,NA,2586,0.5172
5000,8,"Tsiatis",28,22060734,0.034941900000149,5152880,3,NA,NA,2541,0.5082
5000,8,"Tsiatis",29,22060735,0.0258572000002459,5152880,3,NA,NA,2568,0.5136
5000,8,"Tsiatis",30,22060736,0.0208580000000893,5152880,3,NA,NA,2603,0.5206
5000,8,"Xie",1,22060707,0.614165800000137,14796120,4,NA,NA,2592,0.5184
5000,8,"Xie",2,22060708,0.48797310000009,14796112,3,NA,NA,2519,0.5038
5000,8,"Xie",3,22060709,0.681403400000363,14796112,3,NA,NA,2590,0.518
5000,8,"Xie",4,22060710,0.557795100000249,14796128,4,NA,NA,2513,0.5026
5000,8,"Xie",5,22060711,0.620576300000266,14796120,3,NA,NA,2539,0.5078
5000,8,"Xie",6,22060712,0.493142799999987,14796112,3,NA,NA,2575,0.515
5000,8,"Xie",7,22060713,0.675603300000148,14796104,4,NA,NA,2564,0.5128
5000,8,"Xie",8,22060714,0.640555900000209,14796104,4,NA,NA,2646,0.5292
5000,8,"Xie",9,22060715,0.612582000000202,14796104,4,NA,NA,2593,0.5186
5000,8,"Xie",10,22060716,0.656500900000083,14796104,3,NA,NA,2475,0.495
5000,8,"Xie",11,22060717,0.467858400000068,14796112,3,NA,NA,2608,0.5216
5000,8,"Xie",12,22060718,0.64184750000004,14796112,4,NA,NA,2502,0.5004
5000,8,"Xie",13,22060719,0.603285099999994,14796096,4,NA,NA,2534,0.5068
5000,8,"Xie",14,22060720,0.666506600000048,14796128,4,NA,NA,2501,0.5002
5000,8,"Xie",15,22060721,0.531386100000191,14796112,4,NA,NA,2552,0.5104
5000,8,"Xie",16,22060722,0.463368800000126,14796120,3,NA,NA,2544,0.5088
5000,8,"Xie",17,22060723,0.539604200000213,14796104,3,NA,NA,2526,0.5052
5000,8,"Xie",18,22060724,0.663499500000171,14796112,3,NA,NA,2604,0.5208
5000,8,"Xie",19,22060725,0.656698300000244,14796104,3,NA,NA,2490,0.498
5000,8,"Xie",20,22060726,0.642434999999978,14796120,4,NA,NA,2544,0.5088
5000,8,"Xie",21,22060727,0.461942400000225,14796104,4,NA,NA,2530,0.506
5000,8,"Xie",22,22060728,0.653424300000097,14796104,4,NA,NA,2541,0.5082
5000,8,"Xie",23,22060729,0.575276799999983,14796112,3,NA,NA,2619,0.5238
5000,8,"Xie",24,22060730,0.620614100000012,14796112,4,NA,NA,2539,0.5078
5000,8,"Xie",25,22060731,0.639464100000168,14796112,4,NA,NA,2523,0.5046
5000,8,"Xie",26,22060732,0.512794000000213,14796104,4,NA,NA,2569,0.5138
5000,8,"Xie",27,22060733,0.619222700000137,14796120,4,NA,NA,2586,0.5172
5000,8,"Xie",28,22060734,0.616450100000066,14796112,3,NA,NA,2541,0.5082
5000,8,"Xie",29,22060735,0.626386000000139,14796120,3,NA,NA,2568,0.5136
5000,8,"Xie",30,22060736,0.529790400000138,14796112,3,NA,NA,2603,0.5206
5000,8,"Pulkstenis-Robinson",1,22060707,0.00808230000006915,2741880,4,NA,NA,2592,0.5184
5000,8,"Pulkstenis-Robinson",2,22060708,0.00547350000010738,2741880,3,NA,NA,2519,0.5038
5000,8,"Pulkstenis-Robinson",3,22060709,0.00750180000022738,2741816,3,NA,NA,2590,0.518
5000,8,"Pulkstenis-Robinson",4,22060710,0.00686400000017784,2741880,4,NA,NA,2513,0.5026
5000,8,"Pulkstenis-Robinson",5,22060711,0.0077139000002262,2741880,3,NA,NA,2539,0.5078
5000,8,"Pulkstenis-Robinson",6,22060712,0.00568110000017441,2741880,3,NA,NA,2575,0.515
5000,8,"Pulkstenis-Robinson",7,22060713,0.00902210000026571,2741880,4,NA,NA,2564,0.5128
5000,8,"Pulkstenis-Robinson",8,22060714,0.00869250000005195,2741880,4,NA,NA,2646,0.5292
5000,8,"Pulkstenis-Robinson",9,22060715,0.00885260000018206,2741880,4,NA,NA,2593,0.5186
5000,8,"Pulkstenis-Robinson",10,22060716,0.00907560000018748,2741880,3,NA,NA,2475,0.495
5000,8,"Pulkstenis-Robinson",11,22060717,0.00569110000014916,2741816,3,NA,NA,2608,0.5216
5000,8,"Pulkstenis-Robinson",12,22060718,0.00814810000019861,2741880,4,NA,NA,2502,0.5004
5000,8,"Pulkstenis-Robinson",13,22060719,0.00844740000025013,2741880,4,NA,NA,2534,0.5068
5000,8,"Pulkstenis-Robinson",14,22060720,0.00794750000022759,2741880,4,NA,NA,2501,0.5002
5000,8,"Pulkstenis-Robinson",15,22060721,0.00761690000013004,2741816,4,NA,NA,2552,0.5104
5000,8,"Pulkstenis-Robinson",16,22060722,0.00515040000004774,2741880,3,NA,NA,2544,0.5088
5000,8,"Pulkstenis-Robinson",17,22060723,0.00720610000007582,2741880,3,NA,NA,2526,0.5052
5000,8,"Pulkstenis-Robinson",18,22060724,0.0071292000000085,2741880,3,NA,NA,2604,0.5208
5000,8,"Pulkstenis-Robinson",19,22060725,0.00756780000006074,2741880,3,NA,NA,2490,0.498
5000,8,"Pulkstenis-Robinson",20,22060726,0.00881440000011935,2741880,4,NA,NA,2544,0.5088
5000,8,"Pulkstenis-Robinson",21,22060727,0.00482130000000325,2741880,4,NA,NA,2530,0.506
5000,8,"Pulkstenis-Robinson",22,22060728,0.0088191000002098,2741880,4,NA,NA,2541,0.5082
5000,8,"Pulkstenis-Robinson",23,22060729,0.00749450000012075,2741880,3,NA,NA,2619,0.5238
5000,8,"Pulkstenis-Robinson",24,22060730,0.0071797000002789,2741880,4,NA,NA,2539,0.5078
5000,8,"Pulkstenis-Robinson",25,22060731,0.00866620000010698,2741880,4,NA,NA,2523,0.5046
5000,8,"Pulkstenis-Robinson",26,22060732,0.00528380000014295,2741880,4,NA,NA,2569,0.5138
5000,8,"Pulkstenis-Robinson",27,22060733,0.00706680000030246,2741816,4,NA,NA,2586,0.5172
5000,8,"Pulkstenis-Robinson",28,22060734,0.00796040000022913,2741816,3,NA,NA,2541,0.5082
5000,8,"Pulkstenis-Robinson",29,22060735,0.0112521000000925,2741880,3,NA,NA,2568,0.5136
5000,8,"Pulkstenis-Robinson",30,22060736,0.00458070000013322,2741880,3,NA,NA,2603,0.5206
5000,8,"glm_fit",1,22060707,0.0256803000002037,12227344,4,NA,NA,2592,0.5184
5000,8,"glm_fit",2,22060708,0.0103760000001785,10044256,3,NA,NA,2519,0.5038
5000,8,"glm_fit",3,22060709,0.0106082000002061,10044256,3,NA,NA,2590,0.518
5000,8,"glm_fit",4,22060710,0.0161808000002566,12227344,4,NA,NA,2513,0.5026
5000,8,"glm_fit",5,22060711,0.0146768000001885,10044256,3,NA,NA,2539,0.5078
5000,8,"glm_fit",6,22060712,0.0124687000002268,10044256,3,NA,NA,2575,0.515
5000,8,"glm_fit",7,22060713,0.0260312000002614,12227344,4,NA,NA,2564,0.5128
5000,8,"glm_fit",8,22060714,0.030206600000156,12227344,4,NA,NA,2646,0.5292
5000,8,"glm_fit",9,22060715,0.0182534000000487,12227344,4,NA,NA,2593,0.5186
5000,8,"glm_fit",10,22060716,0.0108422000002975,10044256,3,NA,NA,2475,0.495
5000,8,"glm_fit",11,22060717,0.00988750000033178,10044256,3,NA,NA,2608,0.5216
5000,8,"glm_fit",12,22060718,0.0218059000001176,12227344,4,NA,NA,2502,0.5004
5000,8,"glm_fit",13,22060719,0.0174263999999766,12227344,4,NA,NA,2534,0.5068
5000,8,"glm_fit",14,22060720,0.0271911000002092,12227344,4,NA,NA,2501,0.5002
5000,8,"glm_fit",15,22060721,0.0211332000001221,12227344,4,NA,NA,2552,0.5104
5000,8,"glm_fit",16,22060722,0.0122431000002052,10044256,3,NA,NA,2544,0.5088
5000,8,"glm_fit",17,22060723,0.025391000000127,10044256,3,NA,NA,2526,0.5052
5000,8,"glm_fit",18,22060724,0.0191862000001493,10044256,3,NA,NA,2604,0.5208
5000,8,"glm_fit",19,22060725,0.0265753000001041,10044256,3,NA,NA,2490,0.498
5000,8,"glm_fit",20,22060726,0.0134051000002273,12227344,4,NA,NA,2544,0.5088
5000,8,"glm_fit",21,22060727,0.0135533000000123,12227344,4,NA,NA,2530,0.506
5000,8,"glm_fit",22,22060728,0.0289552000001549,12227344,4,NA,NA,2541,0.5082
5000,8,"glm_fit",23,22060729,0.0261668000000554,10044256,3,NA,NA,2619,0.5238
5000,8,"glm_fit",24,22060730,0.0278502999999546,12227344,4,NA,NA,2539,0.5078
5000,8,"glm_fit",25,22060731,0.0172483000001193,12227344,4,NA,NA,2523,0.5046
5000,8,"glm_fit",26,22060732,0.0124079000001984,12227344,4,NA,NA,2569,0.5138
5000,8,"glm_fit",27,22060733,0.0281818999999359,12227344,4,NA,NA,2586,0.5172
5000,8,"glm_fit",28,22060734,0.0239512000000559,10044256,3,NA,NA,2541,0.5082
5000,8,"glm_fit",29,22060735,0.0110042000001158,10044256,3,NA,NA,2568,0.5136
5000,8,"glm_fit",30,22060736,0.0121380000002773,10044256,3,NA,NA,2603,0.5206
5000,16,"DEF.poly3",1,22160707,0.0160708000000795,4221104,4,NA,NA,2506,0.5012
5000,16,"DEF.poly3",2,22160708,0.010751700000128,4221104,3,NA,NA,2579,0.5158
5000,16,"DEF.poly3",3,22160709,0.0192351000000599,4221104,4,NA,NA,2537,0.5074
5000,16,"DEF.poly3",4,22160710,0.0226438000001963,4221104,4,NA,NA,2541,0.5082
5000,16,"DEF.poly3",5,22160711,0.0170755999999983,4221104,4,NA,NA,2492,0.4984
5000,16,"DEF.poly3",6,22160712,0.0116628000002947,4221104,3,NA,NA,2483,0.4966
5000,16,"DEF.poly3",7,22160713,0.0174109000001863,4221104,3,NA,NA,2583,0.5166
5000,16,"DEF.poly3",8,22160714,0.0192622000001847,4221104,4,NA,NA,2525,0.505
5000,16,"DEF.poly3",9,22160715,0.0169843000001038,4221104,4,NA,NA,2500,0.5
5000,16,"DEF.poly3",10,22160716,0.0171253000000888,4221104,4,NA,NA,2505,0.501
5000,16,"DEF.poly3",11,22160717,0.0107166000002508,4221104,3,NA,NA,2570,0.514
5000,16,"DEF.poly3",12,22160718,0.0195205000002261,4221104,3,NA,NA,2591,0.5182
5000,16,"DEF.poly3",13,22160719,0.0159768000003169,4221104,3,NA,NA,2594,0.5188
5000,16,"DEF.poly3",14,22160720,0.0157005000000936,4221104,4,NA,NA,2532,0.5064
5000,16,"DEF.poly3",15,22160721,0.0182047000000694,4221104,4,NA,NA,2464,0.4928
5000,16,"DEF.poly3",16,22160722,0.0184907000002568,4221104,3,NA,NA,2547,0.5094
5000,16,"DEF.poly3",17,22160723,0.0160163000000466,4221104,4,NA,NA,2571,0.5142
5000,16,"DEF.poly3",18,22160724,0.0168428000001768,4221104,3,NA,NA,2572,0.5144
5000,16,"DEF.poly3",19,22160725,0.0178130000001602,4221104,4,NA,NA,2551,0.5102
5000,16,"DEF.poly3",20,22160726,0.0239117000003262,4221128,4,NA,NA,2552,0.5104
5000,16,"DEF.poly3",21,22160727,0.0105429000002459,4221104,4,NA,NA,2568,0.5136
5000,16,"DEF.poly3",22,22160728,0.0157390999997915,4221104,3,NA,NA,2588,0.5176
5000,16,"DEF.poly3",23,22160729,0.0168915999997807,4221128,3,NA,NA,2575,0.515
5000,16,"DEF.poly3",24,22160730,0.0172376000002714,4221104,3,NA,NA,2620,0.524
5000,16,"DEF.poly3",25,22160731,0.0206402000001162,4221104,3,NA,NA,2525,0.505
5000,16,"DEF.poly3",26,22160732,0.0116450000002715,4221104,3,NA,NA,2533,0.5066
5000,16,"DEF.poly3",27,22160733,0.0163572000001295,4221104,4,NA,NA,2491,0.4982
5000,16,"DEF.poly3",28,22160734,0.0161483000001681,4221104,4,NA,NA,2530,0.506
5000,16,"DEF.poly3",29,22160735,0.0270298000000366,4221104,3,NA,NA,2562,0.5124
5000,16,"DEF.poly3",30,22160736,0.0105954000002839,4221104,4,NA,NA,2551,0.5102
5000,16,"DEF.stukel",1,22160707,0.0244193999999425,4214200,4,NA,NA,2506,0.5012
5000,16,"DEF.stukel",2,22160708,0.0118085000001429,4214200,3,NA,NA,2579,0.5158
5000,16,"DEF.stukel",3,22160709,0.0204082000002472,4214200,4,NA,NA,2537,0.5074
5000,16,"DEF.stukel",4,22160710,0.0145665000000008,4214200,4,NA,NA,2541,0.5082
5000,16,"DEF.stukel",5,22160711,0.0171765000002324,4214200,4,NA,NA,2492,0.4984
5000,16,"DEF.stukel",6,22160712,0.0105916000002253,4214200,3,NA,NA,2483,0.4966
5000,16,"DEF.stukel",7,22160713,0.0250283000000309,4214200,3,NA,NA,2583,0.5166
5000,16,"DEF.stukel",8,22160714,0.016770100000258,4214200,4,NA,NA,2525,0.505
5000,16,"DEF.stukel",9,22160715,0.0175088000003143,4214200,4,NA,NA,2500,0.5
5000,16,"DEF.stukel",10,22160716,0.0185132999999951,4214200,4,NA,NA,2505,0.501
5000,16,"DEF.stukel",11,22160717,0.0102497000002586,4214200,3,NA,NA,2570,0.514
5000,16,"DEF.stukel",12,22160718,0.0162023000002591,4214200,3,NA,NA,2591,0.5182
5000,16,"DEF.stukel",13,22160719,0.0177173000001858,4214200,3,NA,NA,2594,0.5188
5000,16,"DEF.stukel",14,22160720,0.0183599000001777,4214200,4,NA,NA,2532,0.5064
5000,16,"DEF.stukel",15,22160721,0.0285060000001067,4214200,4,NA,NA,2464,0.4928
5000,16,"DEF.stukel",16,22160722,0.011977300000126,4214200,3,NA,NA,2547,0.5094
5000,16,"DEF.stukel",17,22160723,0.0157554000002165,4214200,4,NA,NA,2571,0.5142
5000,16,"DEF.stukel",18,22160724,0.0161021000001256,4214200,3,NA,NA,2572,0.5144
5000,16,"DEF.stukel",19,22160725,0.0254663000000619,4214200,4,NA,NA,2551,0.5102
5000,16,"DEF.stukel",20,22160726,0.0154705000002195,4214200,4,NA,NA,2552,0.5104
5000,16,"DEF.stukel",21,22160727,0.0111226999999872,4214200,4,NA,NA,2568,0.5136
5000,16,"DEF.stukel",22,22160728,0.0177923000003375,4214200,3,NA,NA,2588,0.5176
5000,16,"DEF.stukel",23,22160729,0.0156879999999546,4214200,3,NA,NA,2575,0.515
5000,16,"DEF.stukel",24,22160730,0.0165117000001374,4214200,3,NA,NA,2620,0.524
5000,16,"DEF.stukel",25,22160731,0.019506999999976,4214200,3,NA,NA,2525,0.505
5000,16,"DEF.stukel",26,22160732,0.0107293000000936,4214200,3,NA,NA,2533,0.5066
5000,16,"DEF.stukel",27,22160733,0.0171041000003243,4214200,4,NA,NA,2491,0.4982
5000,16,"DEF.stukel",28,22160734,0.0295224000001326,4214200,4,NA,NA,2530,0.506
5000,16,"DEF.stukel",29,22160735,0.0192549000000781,4214200,3,NA,NA,2562,0.5124
5000,16,"DEF.stukel",30,22160736,0.0114424000000781,4214200,4,NA,NA,2551,0.5102
5000,16,"EF",1,22160707,0.00498670000001766,1822008,4,NA,NA,2506,0.5012
5000,16,"EF",2,22160708,0.00268209999990177,1822008,3,NA,NA,2579,0.5158
5000,16,"EF",3,22160709,0.00479470000004767,1822008,4,NA,NA,2537,0.5074
5000,16,"EF",4,22160710,0.00519290000011097,1822008,4,NA,NA,2541,0.5082
5000,16,"EF",5,22160711,0.0057763000002069,1822008,4,NA,NA,2492,0.4984
5000,16,"EF",6,22160712,0.00273870000023635,1822008,3,NA,NA,2483,0.4966
5000,16,"EF",7,22160713,0.0057664000000841,1822008,3,NA,NA,2583,0.5166
5000,16,"EF",8,22160714,0.00633199999992939,1822008,4,NA,NA,2525,0.505
5000,16,"EF",9,22160715,0.00545790000001034,1822008,4,NA,NA,2500,0.5
5000,16,"EF",10,22160716,0.00492710000025909,1822008,4,NA,NA,2505,0.501
5000,16,"EF",11,22160717,0.00286820000019361,1822008,3,NA,NA,2570,0.514
5000,16,"EF",12,22160718,0.00479580000001079,1822008,3,NA,NA,2591,0.5182
5000,16,"EF",13,22160719,0.00696550000020579,1822008,3,NA,NA,2594,0.5188
5000,16,"EF",14,22160720,0.00552070000003368,1822008,4,NA,NA,2532,0.5064
5000,16,"EF",15,22160721,0.00504770000020471,1822008,4,NA,NA,2464,0.4928
5000,16,"EF",16,22160722,0.00307160000011208,1822008,3,NA,NA,2547,0.5094
5000,16,"EF",17,22160723,0.00671069999998508,1822008,4,NA,NA,2571,0.5142
5000,16,"EF",18,22160724,0.0085321000001386,1822008,3,NA,NA,2572,0.5144
5000,16,"EF",19,22160725,0.0047663000002558,1822008,4,NA,NA,2551,0.5102
5000,16,"EF",20,22160726,0.00659010000026683,1822008,4,NA,NA,2552,0.5104
5000,16,"EF",21,22160727,0.00284000000033302,1822008,4,NA,NA,2568,0.5136
5000,16,"EF",22,22160728,0.0192534000002524,1822008,3,NA,NA,2588,0.5176
5000,16,"EF",23,22160729,0.0051501000002645,1822008,3,NA,NA,2575,0.515
5000,16,"EF",24,22160730,0.00474270000017896,1822008,3,NA,NA,2620,0.524
5000,16,"EF",25,22160731,0.0056715000002896,1822008,3,NA,NA,2525,0.505
5000,16,"EF",26,22160732,0.00291180000021996,1822008,3,NA,NA,2533,0.5066
5000,16,"EF",27,22160733,0.00516370000013922,1822008,4,NA,NA,2491,0.4982
5000,16,"EF",28,22160734,0.0045756000001802,1822008,4,NA,NA,2530,0.506
5000,16,"EF",29,22160735,0.00745990000018537,1822008,3,NA,NA,2562,0.5124
5000,16,"EF",30,22160736,0.00258999999982734,1822008,4,NA,NA,2551,0.5102
5000,16,"HL",1,22160707,0.0135333000000628,1530416,4,NA,NA,2506,0.5012
5000,16,"HL",2,22160708,0.0070226000002549,1530416,3,NA,NA,2579,0.5158
5000,16,"HL",3,22160709,0.0122910000000047,1530416,4,NA,NA,2537,0.5074
5000,16,"HL",4,22160710,0.01062630000024,1530416,4,NA,NA,2541,0.5082
5000,16,"HL",5,22160711,0.00978420000024016,1530416,4,NA,NA,2492,0.4984
5000,16,"HL",6,22160712,0.0087369000000308,1530416,3,NA,NA,2483,0.4966
5000,16,"HL",7,22160713,0.0105086000000938,1530416,3,NA,NA,2583,0.5166
5000,16,"HL",8,22160714,0.0110305000000608,1530416,4,NA,NA,2525,0.505
5000,16,"HL",9,22160715,0.0113106000003427,1530416,4,NA,NA,2500,0.5
5000,16,"HL",10,22160716,0.0116291000001638,1530416,4,NA,NA,2505,0.501
5000,16,"HL",11,22160717,0.00788690000013048,1530416,3,NA,NA,2570,0.514
5000,16,"HL",12,22160718,0.0114446000002317,1530416,3,NA,NA,2591,0.5182
5000,16,"HL",13,22160719,0.0116910000001553,1530416,3,NA,NA,2594,0.5188
5000,16,"HL",14,22160720,0.0103356999998141,1530416,4,NA,NA,2532,0.5064
5000,16,"HL",15,22160721,0.0121753000000808,1530416,4,NA,NA,2464,0.4928
5000,16,"HL",16,22160722,0.00756890000002386,1530416,3,NA,NA,2547,0.5094
5000,16,"HL",17,22160723,0.0127253000002838,1530416,4,NA,NA,2571,0.5142
5000,16,"HL",18,22160724,0.00926950000007309,1530416,3,NA,NA,2572,0.5144
5000,16,"HL",19,22160725,0.0132444000003034,1530416,4,NA,NA,2551,0.5102
5000,16,"HL",20,22160726,0.0112225000000308,1530416,4,NA,NA,2552,0.5104
5000,16,"HL",21,22160727,0.00729070000011234,1530416,4,NA,NA,2568,0.5136
5000,16,"HL",22,22160728,0.00962220000019443,1530416,3,NA,NA,2588,0.5176
5000,16,"HL",23,22160729,0.00998040000013134,1530416,3,NA,NA,2575,0.515
5000,16,"HL",24,22160730,0.0119344000002002,1530416,3,NA,NA,2620,0.524
5000,16,"HL",25,22160731,0.0100823000002492,1530416,3,NA,NA,2525,0.505
5000,16,"HL",26,22160732,0.00732010000024275,1530416,3,NA,NA,2533,0.5066
5000,16,"HL",27,22160733,0.0103507000003447,1530416,4,NA,NA,2491,0.4982
5000,16,"HL",28,22160734,0.0107751000002736,1530416,4,NA,NA,2530,0.506
5000,16,"HL",29,22160735,0.0126862000001893,1530416,3,NA,NA,2562,0.5124
5000,16,"HL",30,22160736,0.00682780000033745,1530416,4,NA,NA,2551,0.5102
5000,16,"Pigeon-Heyse",1,22160707,0.00661390000027495,1557824,4,NA,NA,2506,0.5012
5000,16,"Pigeon-Heyse",2,22160708,0.00236010000025999,1557824,3,NA,NA,2579,0.5158
5000,16,"Pigeon-Heyse",3,22160709,0.00539350000008199,1557824,4,NA,NA,2537,0.5074
5000,16,"Pigeon-Heyse",4,22160710,0.00617380000016965,1557824,4,NA,NA,2541,0.5082
5000,16,"Pigeon-Heyse",5,22160711,0.00383110000007036,1557824,4,NA,NA,2492,0.4984
5000,16,"Pigeon-Heyse",6,22160712,0.00312240000016573,1557824,3,NA,NA,2483,0.4966
5000,16,"Pigeon-Heyse",7,22160713,0.00418549999994866,1557824,3,NA,NA,2583,0.5166
5000,16,"Pigeon-Heyse",8,22160714,0.00588530000027276,1557824,4,NA,NA,2525,0.505
5000,16,"Pigeon-Heyse",9,22160715,0.00534200000015517,1557824,4,NA,NA,2500,0.5
5000,16,"Pigeon-Heyse",10,22160716,0.00432240000009187,1557824,4,NA,NA,2505,0.501
5000,16,"Pigeon-Heyse",11,22160717,0.00635170000009566,1557824,3,NA,NA,2570,0.514
5000,16,"Pigeon-Heyse",12,22160718,0.00348700000017743,1557824,3,NA,NA,2591,0.5182
5000,16,"Pigeon-Heyse",13,22160719,0.00469440000028953,1557824,3,NA,NA,2594,0.5188
5000,16,"Pigeon-Heyse",14,22160720,0.00521650000018781,1557824,4,NA,NA,2532,0.5064
5000,16,"Pigeon-Heyse",15,22160721,0.00706820000004882,1557824,4,NA,NA,2464,0.4928
5000,16,"Pigeon-Heyse",16,22160722,0.00584630000025754,1557824,3,NA,NA,2547,0.5094
5000,16,"Pigeon-Heyse",17,22160723,0.0123086000000967,1557824,4,NA,NA,2571,0.5142
5000,16,"Pigeon-Heyse",18,22160724,0.00360120000004827,1557824,3,NA,NA,2572,0.5144
5000,16,"Pigeon-Heyse",19,22160725,0.00461770000015349,1557824,4,NA,NA,2551,0.5102
5000,16,"Pigeon-Heyse",20,22160726,0.00473340000030475,1557824,4,NA,NA,2552,0.5104
5000,16,"Pigeon-Heyse",21,22160727,0.00359780000007959,1557824,4,NA,NA,2568,0.5136
5000,16,"Pigeon-Heyse",22,22160728,0.00395960000014384,1557824,3,NA,NA,2588,0.5176
5000,16,"Pigeon-Heyse",23,22160729,0.00409160000003794,1557824,3,NA,NA,2575,0.515
5000,16,"Pigeon-Heyse",24,22160730,0.00563690000012684,1557824,3,NA,NA,2620,0.524
5000,16,"Pigeon-Heyse",25,22160731,0.00489860000016051,1557824,3,NA,NA,2525,0.505
5000,16,"Pigeon-Heyse",26,22160732,0.00336420000030557,1557824,3,NA,NA,2533,0.5066
5000,16,"Pigeon-Heyse",27,22160733,0.00513450000016746,1557824,4,NA,NA,2491,0.4982
5000,16,"Pigeon-Heyse",28,22160734,0.00457450000021709,1557824,4,NA,NA,2530,0.506
5000,16,"Pigeon-Heyse",29,22160735,0.00576200000023164,1557824,3,NA,NA,2562,0.5124
5000,16,"Pigeon-Heyse",30,22160736,0.00264130000027762,1557824,4,NA,NA,2551,0.5102
5000,16,"Osius-Rojek",1,22160707,0.00616900000022724,2843760,4,NA,NA,2506,0.5012
5000,16,"Osius-Rojek",2,22160708,0.00291480000009869,2843760,3,NA,NA,2579,0.5158
5000,16,"Osius-Rojek",3,22160709,0.0132366000000275,2843760,4,NA,NA,2537,0.5074
5000,16,"Osius-Rojek",4,22160710,0.00625880000006873,2843760,4,NA,NA,2541,0.5082
5000,16,"Osius-Rojek",5,22160711,0.00501130000020567,2843760,4,NA,NA,2492,0.4984
5000,16,"Osius-Rojek",6,22160712,0.0031642000001284,2843760,3,NA,NA,2483,0.4966
5000,16,"Osius-Rojek",7,22160713,0.00574140000003354,2843760,3,NA,NA,2583,0.5166
5000,16,"Osius-Rojek",8,22160714,0.0135783000000629,2843760,4,NA,NA,2525,0.505
5000,16,"Osius-Rojek",9,22160715,0.0052063000000544,2843760,4,NA,NA,2500,0.5
5000,16,"Osius-Rojek",10,22160716,0.00450890000001891,2843760,4,NA,NA,2505,0.501
5000,16,"Osius-Rojek",11,22160717,0.00392400000009729,2843760,3,NA,NA,2570,0.514
5000,16,"Osius-Rojek",12,22160718,0.0078304000001026,2843760,3,NA,NA,2591,0.5182
5000,16,"Osius-Rojek",13,22160719,0.00579860000016197,2843760,3,NA,NA,2594,0.5188
5000,16,"Osius-Rojek",14,22160720,0.00530530000014551,2843760,4,NA,NA,2532,0.5064
5000,16,"Osius-Rojek",15,22160721,0.00651609999999891,2843760,4,NA,NA,2464,0.4928
5000,16,"Osius-Rojek",16,22160722,0.00286480000022493,2843760,3,NA,NA,2547,0.5094
5000,16,"Osius-Rojek",17,22160723,0.00602550000030533,2843760,4,NA,NA,2571,0.5142
5000,16,"Osius-Rojek",18,22160724,0.00383950000014011,2843760,3,NA,NA,2572,0.5144
5000,16,"Osius-Rojek",19,22160725,0.00582250000024942,2843760,4,NA,NA,2551,0.5102
5000,16,"Osius-Rojek",20,22160726,0.00585470000009991,2843760,4,NA,NA,2552,0.5104
5000,16,"Osius-Rojek",21,22160727,0.00300170000014077,2843760,4,NA,NA,2568,0.5136
5000,16,"Osius-Rojek",22,22160728,0.00476509999998598,2843760,3,NA,NA,2588,0.5176
5000,16,"Osius-Rojek",23,22160729,0.00610890000007203,2843760,3,NA,NA,2575,0.515
5000,16,"Osius-Rojek",24,22160730,0.00557290000028843,2843760,3,NA,NA,2620,0.524
5000,16,"Osius-Rojek",25,22160731,0.00479360000031193,2843760,3,NA,NA,2525,0.505
5000,16,"Osius-Rojek",26,22160732,0.00349000000028354,2843760,3,NA,NA,2533,0.5066
5000,16,"Osius-Rojek",27,22160733,0.00638530000014725,2843760,4,NA,NA,2491,0.4982
5000,16,"Osius-Rojek",28,22160734,0.00564480000025469,2843760,4,NA,NA,2530,0.506
5000,16,"Osius-Rojek",29,22160735,0.0049492000000555,2843760,3,NA,NA,2562,0.5124
5000,16,"Osius-Rojek",30,22160736,0.00293939999983195,2843760,4,NA,NA,2551,0.5102
5000,16,"Stukel",1,22160707,0.00429120000012517,3183960,4,4,1,2506,0.5012
5000,16,"Stukel",2,22160708,0.00223710000022947,3183960,3,4,1,2579,0.5158
5000,16,"Stukel",3,22160709,0.00552440000024035,3183960,4,4,1,2537,0.5074
5000,16,"Stukel",4,22160710,0.0054357000001346,3183960,4,4,1,2541,0.5082
5000,16,"Stukel",5,22160711,0.0037936000001082,3183960,4,4,1,2492,0.4984
5000,16,"Stukel",6,22160712,0.0028447000001961,3183960,3,4,1,2483,0.4966
5000,16,"Stukel",7,22160713,0.00422020000019074,3183960,3,4,1,2583,0.5166
5000,16,"Stukel",8,22160714,0.00525460000017119,3183960,4,4,1,2525,0.505
5000,16,"Stukel",9,22160715,0.00380230000018855,3183960,4,4,1,2500,0.5
5000,16,"Stukel",10,22160716,0.00423650000016096,3183960,4,4,1,2505,0.501
5000,16,"Stukel",11,22160717,0.00284300000021176,3183960,3,4,1,2570,0.514
5000,16,"Stukel",12,22160718,0.00522060000025704,3183960,3,4,1,2591,0.5182
5000,16,"Stukel",13,22160719,0.00494210000010753,3183960,3,4,1,2594,0.5188
5000,16,"Stukel",14,22160720,0.00361560000010286,3183960,4,4,1,2532,0.5064
5000,16,"Stukel",15,22160721,0.0034901000001355,3183960,4,4,1,2464,0.4928
5000,16,"Stukel",16,22160722,0.00258850000022903,3183960,3,4,1,2547,0.5094
5000,16,"Stukel",17,22160723,0.00374630000010256,3183960,4,4,1,2571,0.5142
5000,16,"Stukel",18,22160724,0.00293050000004769,3183960,3,4,1,2572,0.5144
5000,16,"Stukel",19,22160725,0.00628630000028352,3183960,4,4,1,2551,0.5102
5000,16,"Stukel",20,22160726,0.00455929999998261,3183960,4,4,1,2552,0.5104
5000,16,"Stukel",21,22160727,0.00263230000018666,3183960,4,4,1,2568,0.5136
5000,16,"Stukel",22,22160728,0.00455670000019381,3183960,3,4,1,2588,0.5176
5000,16,"Stukel",23,22160729,0.00629690000005212,3183960,3,4,1,2575,0.515
5000,16,"Stukel",24,22160730,0.00479570000015883,3183960,3,4,1,2620,0.524
5000,16,"Stukel",25,22160731,0.00510860000008506,3183960,3,4,1,2525,0.505
5000,16,"Stukel",26,22160732,0.00215479999997115,3183960,3,4,1,2533,0.5066
5000,16,"Stukel",27,22160733,0.00530680000019856,3183960,4,4,1,2491,0.4982
5000,16,"Stukel",28,22160734,0.00491110000029948,3183960,4,4,1,2530,0.506
5000,16,"Stukel",29,22160735,0.00464690000012524,3183960,3,4,1,2562,0.5124
5000,16,"Stukel",30,22160736,0.00215160000016112,3183960,4,4,1,2551,0.5102
5000,16,"Tsiatis",1,22160707,0.0548145000002478,7420352,4,NA,NA,2506,0.5012
5000,16,"Tsiatis",2,22160708,0.0292016000000785,7420352,3,NA,NA,2579,0.5158
5000,16,"Tsiatis",3,22160709,0.0446006000001944,7420352,4,NA,NA,2537,0.5074
5000,16,"Tsiatis",4,22160710,0.0533717000000706,7420352,4,NA,NA,2541,0.5082
5000,16,"Tsiatis",5,22160711,0.0599144000002525,7420352,4,NA,NA,2492,0.4984
5000,16,"Tsiatis",6,22160712,0.030562700000246,7420352,3,NA,NA,2483,0.4966
5000,16,"Tsiatis",7,22160713,0.0421591000001627,7420352,3,NA,NA,2583,0.5166
5000,16,"Tsiatis",8,22160714,0.0446836000000985,7420352,4,NA,NA,2525,0.505
5000,16,"Tsiatis",9,22160715,0.05623420000029,7420352,4,NA,NA,2500,0.5
5000,16,"Tsiatis",10,22160716,0.0456798000000163,7420352,4,NA,NA,2505,0.501
5000,16,"Tsiatis",11,22160717,0.0373900000001868,7420352,3,NA,NA,2570,0.514
5000,16,"Tsiatis",12,22160718,0.049854600000117,7420352,3,NA,NA,2591,0.5182
5000,16,"Tsiatis",13,22160719,0.051008400000228,7420352,3,NA,NA,2594,0.5188
5000,16,"Tsiatis",14,22160720,0.0433922000001985,7420352,4,NA,NA,2532,0.5064
5000,16,"Tsiatis",15,22160721,0.0471727000001465,7420352,4,NA,NA,2464,0.4928
5000,16,"Tsiatis",16,22160722,0.0495229000000563,7420352,3,NA,NA,2547,0.5094
5000,16,"Tsiatis",17,22160723,0.0497744000001603,7420352,4,NA,NA,2571,0.5142
5000,16,"Tsiatis",18,22160724,0.0457401999999547,7420352,3,NA,NA,2572,0.5144
5000,16,"Tsiatis",19,22160725,0.0486462000001211,7420352,4,NA,NA,2551,0.5102
5000,16,"Tsiatis",20,22160726,0.0493673000000854,7420352,4,NA,NA,2552,0.5104
5000,16,"Tsiatis",21,22160727,0.0257288000000244,7420352,4,NA,NA,2568,0.5136
5000,16,"Tsiatis",22,22160728,0.0629279000002043,7420352,3,NA,NA,2588,0.5176
5000,16,"Tsiatis",23,22160729,0.040335000000141,7420352,3,NA,NA,2575,0.515
5000,16,"Tsiatis",24,22160730,0.0438877000001412,7420352,3,NA,NA,2620,0.524
5000,16,"Tsiatis",25,22160731,0.0638172000003578,7420352,3,NA,NA,2525,0.505
5000,16,"Tsiatis",26,22160732,0.0391794000001937,7420352,3,NA,NA,2533,0.5066
5000,16,"Tsiatis",27,22160733,0.0593240000002879,7420352,4,NA,NA,2491,0.4982
5000,16,"Tsiatis",28,22160734,0.0532150000001366,7420352,4,NA,NA,2530,0.506
5000,16,"Tsiatis",29,22160735,0.0560290000000805,7420352,3,NA,NA,2562,0.5124
5000,16,"Tsiatis",30,22160736,0.0316457000001265,7420352,4,NA,NA,2551,0.5102
5000,16,"Xie",1,22160707,1.39270880000026,25478736,4,NA,NA,2506,0.5012
5000,16,"Xie",2,22160708,1.07034380000005,25478752,3,NA,NA,2579,0.5158
5000,16,"Xie",3,22160709,1.33538800000019,25478720,4,NA,NA,2537,0.5074
5000,16,"Xie",4,22160710,1.36863230000017,25478728,4,NA,NA,2541,0.5082
5000,16,"Xie",5,22160711,1.27500380000015,25478744,4,NA,NA,2492,0.4984
5000,16,"Xie",6,22160712,1.0476536000001,25478736,3,NA,NA,2483,0.4966
5000,16,"Xie",7,22160713,1.37434330000019,25478712,3,NA,NA,2583,0.5166
5000,16,"Xie",8,22160714,1.37554400000022,25478728,4,NA,NA,2525,0.505
5000,16,"Xie",9,22160715,1.2735583000001,25478744,4,NA,NA,2500,0.5
5000,16,"Xie",10,22160716,1.34613780000018,25478712,4,NA,NA,2505,0.501
5000,16,"Xie",11,22160717,0.990572500000326,25478728,3,NA,NA,2570,0.514
5000,16,"Xie",12,22160718,1.33240940000019,25478736,3,NA,NA,2591,0.5182
5000,16,"Xie",13,22160719,1.31162820000009,25478744,3,NA,NA,2594,0.5188
5000,16,"Xie",14,22160720,1.30329060000008,25478736,4,NA,NA,2532,0.5064
5000,16,"Xie",15,22160721,1.34652160000019,25478736,4,NA,NA,2464,0.4928
5000,16,"Xie",16,22160722,1.00762390000023,25478720,3,NA,NA,2547,0.5094
5000,16,"Xie",17,22160723,1.3454885000001,25478744,4,NA,NA,2571,0.5142
5000,16,"Xie",18,22160724,1.34980610000025,25478736,3,NA,NA,2572,0.5144
5000,16,"Xie",19,22160725,1.3383788000001,25478728,4,NA,NA,2551,0.5102
5000,16,"Xie",20,22160726,1.32413910000014,25478728,4,NA,NA,2552,0.5104
5000,16,"Xie",21,22160727,1.04469180000024,25478728,4,NA,NA,2568,0.5136
5000,16,"Xie",22,22160728,1.37324650000028,25478744,3,NA,NA,2588,0.5176
5000,16,"Xie",23,22160729,1.36678990000019,25478736,3,NA,NA,2575,0.515
5000,16,"Xie",24,22160730,1.29113540000026,25478736,3,NA,NA,2620,0.524
5000,16,"Xie",25,22160731,1.35976430000005,25478736,3,NA,NA,2525,0.505
5000,16,"Xie",26,22160732,1.06403820000014,25478744,3,NA,NA,2533,0.5066
5000,16,"Xie",27,22160733,1.35762170000021,25478728,4,NA,NA,2491,0.4982
5000,16,"Xie",28,22160734,1.35930900000017,25478728,4,NA,NA,2530,0.506
5000,16,"Xie",29,22160735,1.35903240000016,25478736,3,NA,NA,2562,0.5124
5000,16,"Xie",30,22160736,1.08411620000015,25478744,4,NA,NA,2551,0.5102
5000,16,"Pulkstenis-Robinson",1,22160707,0.0119237000001249,4068424,4,NA,NA,2506,0.5012
5000,16,"Pulkstenis-Robinson",2,22160708,0.00853530000017599,4068424,3,NA,NA,2579,0.5158
5000,16,"Pulkstenis-Robinson",3,22160709,0.00884010000027047,4068424,4,NA,NA,2537,0.5074
5000,16,"Pulkstenis-Robinson",4,22160710,0.0137991000001421,4068424,4,NA,NA,2541,0.5082
5000,16,"Pulkstenis-Robinson",5,22160711,0.0115160000002561,4068424,4,NA,NA,2492,0.4984
5000,16,"Pulkstenis-Robinson",6,22160712,0.00648520000004282,4068424,3,NA,NA,2483,0.4966
5000,16,"Pulkstenis-Robinson",7,22160713,0.00959370000009585,4068360,3,NA,NA,2583,0.5166
5000,16,"Pulkstenis-Robinson",8,22160714,0.00895120000018323,4068424,4,NA,NA,2525,0.505
5000,16,"Pulkstenis-Robinson",9,22160715,0.00928630000021258,4068424,4,NA,NA,2500,0.5
5000,16,"Pulkstenis-Robinson",10,22160716,0.0103427999999894,4068424,4,NA,NA,2505,0.501
5000,16,"Pulkstenis-Robinson",11,22160717,0.00627540000004956,4068360,3,NA,NA,2570,0.514
5000,16,"Pulkstenis-Robinson",12,22160718,0.00851100000022598,4068424,3,NA,NA,2591,0.5182
5000,16,"Pulkstenis-Robinson",13,22160719,0.00996260000010807,4068360,3,NA,NA,2594,0.5188
5000,16,"Pulkstenis-Robinson",14,22160720,0.0103255000001354,4068424,4,NA,NA,2532,0.5064
5000,16,"Pulkstenis-Robinson",15,22160721,0.0111702000001515,4068424,4,NA,NA,2464,0.4928
5000,16,"Pulkstenis-Robinson",16,22160722,0.00896920000013779,4068360,3,NA,NA,2547,0.5094
5000,16,"Pulkstenis-Robinson",17,22160723,0.012430900000254,4068424,4,NA,NA,2571,0.5142
5000,16,"Pulkstenis-Robinson",18,22160724,0.00750480000010612,4068424,3,NA,NA,2572,0.5144
5000,16,"Pulkstenis-Robinson",19,22160725,0.0098814000002676,4068424,4,NA,NA,2551,0.5102
5000,16,"Pulkstenis-Robinson",20,22160726,0.00980600000025333,4068360,4,NA,NA,2552,0.5104
5000,16,"Pulkstenis-Robinson",21,22160727,0.00589200000013079,4068424,4,NA,NA,2568,0.5136
5000,16,"Pulkstenis-Robinson",22,22160728,0.00941850000003797,4068424,3,NA,NA,2588,0.5176
5000,16,"Pulkstenis-Robinson",23,22160729,0.00913560000003599,4068424,3,NA,NA,2575,0.515
5000,16,"Pulkstenis-Robinson",24,22160730,0.00954890000002706,4068424,3,NA,NA,2620,0.524
5000,16,"Pulkstenis-Robinson",25,22160731,0.00860420000026352,4068424,3,NA,NA,2525,0.505
5000,16,"Pulkstenis-Robinson",26,22160732,0.00545299999998861,4068424,3,NA,NA,2533,0.5066
5000,16,"Pulkstenis-Robinson",27,22160733,0.0105527000002894,4068424,4,NA,NA,2491,0.4982
5000,16,"Pulkstenis-Robinson",28,22160734,0.0102092000001903,4068424,4,NA,NA,2530,0.506
5000,16,"Pulkstenis-Robinson",29,22160735,0.00797210000018822,4068360,3,NA,NA,2562,0.5124
5000,16,"Pulkstenis-Robinson",30,22160736,0.00584470000012516,4068424,4,NA,NA,2551,0.5102
5000,16,"glm_fit",1,22160707,0.0248976000000312,16400816,4,NA,NA,2506,0.5012
5000,16,"glm_fit",2,22160708,0.0166441000001214,13577600,3,NA,NA,2579,0.5158
5000,16,"glm_fit",3,22160709,0.0257607000000917,16400816,4,NA,NA,2537,0.5074
5000,16,"glm_fit",4,22160710,0.0214307000001099,16400816,4,NA,NA,2541,0.5082
5000,16,"glm_fit",5,22160711,0.0222200000000612,16400816,4,NA,NA,2492,0.4984
5000,16,"glm_fit",6,22160712,0.0168739999999161,13577600,3,NA,NA,2483,0.4966
5000,16,"glm_fit",7,22160713,0.0213524000000689,13577600,3,NA,NA,2583,0.5166
5000,16,"glm_fit",8,22160714,0.026275700000042,16400816,4,NA,NA,2525,0.505
5000,16,"glm_fit",9,22160715,0.022803900000099,16400816,4,NA,NA,2500,0.5
5000,16,"glm_fit",10,22160716,0.0198726000000988,16400816,4,NA,NA,2505,0.501
5000,16,"glm_fit",11,22160717,0.0140189000001101,13577600,3,NA,NA,2570,0.514
5000,16,"glm_fit",12,22160718,0.0268408000001727,13577600,3,NA,NA,2591,0.5182
5000,16,"glm_fit",13,22160719,0.0240778000002138,13577600,3,NA,NA,2594,0.5188
5000,16,"glm_fit",14,22160720,0.0233944000001429,16400816,4,NA,NA,2532,0.5064
5000,16,"glm_fit",15,22160721,0.0219550000001618,16400816,4,NA,NA,2464,0.4928
5000,16,"glm_fit",16,22160722,0.0156575000000885,13577600,3,NA,NA,2547,0.5094
5000,16,"glm_fit",17,22160723,0.023060900000246,16400816,4,NA,NA,2571,0.5142
5000,16,"glm_fit",18,22160724,0.0266893000000437,13577600,3,NA,NA,2572,0.5144
5000,16,"glm_fit",19,22160725,0.026926800000183,16400816,4,NA,NA,2551,0.5102
5000,16,"glm_fit",20,22160726,0.0255491000000347,16400816,4,NA,NA,2552,0.5104
5000,16,"glm_fit",21,22160727,0.0197123000000374,16400816,4,NA,NA,2568,0.5136
5000,16,"glm_fit",22,22160728,0.0324190999999701,13577600,3,NA,NA,2588,0.5176
5000,16,"glm_fit",23,22160729,0.0237836000001153,13577600,3,NA,NA,2575,0.515
5000,16,"glm_fit",24,22160730,0.0341310000001158,13577600,3,NA,NA,2620,0.524
5000,16,"glm_fit",25,22160731,0.0294762000000901,13577600,3,NA,NA,2525,0.505
5000,16,"glm_fit",26,22160732,0.0151500000001761,13577600,3,NA,NA,2533,0.5066
5000,16,"glm_fit",27,22160733,0.0246685000001889,16400816,4,NA,NA,2491,0.4982
5000,16,"glm_fit",28,22160734,0.027850300000182,16400816,4,NA,NA,2530,0.506
5000,16,"glm_fit",29,22160735,0.0176288000000113,13577600,3,NA,NA,2562,0.5124
5000,16,"glm_fit",30,22160736,0.020185999999967,16400816,4,NA,NA,2551,0.5102
5000,32,"DEF.poly3",1,22260707,0.0233232000000498,6832792,3,NA,NA,2564,0.5128
5000,32,"DEF.poly3",2,22260708,0.0189672000001337,6832792,3,NA,NA,2521,0.5042
5000,32,"DEF.poly3",3,22260709,0.0248750000000655,6832792,4,NA,NA,2543,0.5086
5000,32,"DEF.poly3",4,22260710,0.0232793000002403,6832792,3,NA,NA,2571,0.5142
5000,32,"DEF.poly3",5,22260711,0.0231380000000172,6832792,4,NA,NA,2548,0.5096
5000,32,"DEF.poly3",6,22260712,0.0153483999999935,6832792,4,NA,NA,2582,0.5164
5000,32,"DEF.poly3",7,22260713,0.0207528000000821,6832816,4,NA,NA,2579,0.5158
5000,32,"DEF.poly3",8,22260714,0.0235202000001209,6832792,4,NA,NA,2524,0.5048
5000,32,"DEF.poly3",9,22260715,0.0501292999999805,6832792,3,NA,NA,2524,0.5048
5000,32,"DEF.poly3",10,22260716,0.0244785000002139,6832792,3,NA,NA,2563,0.5126
5000,32,"DEF.poly3",11,22260717,0.0159018000001652,6832792,3,NA,NA,2550,0.51
5000,32,"DEF.poly3",12,22260718,0.0259612000002107,6832792,4,NA,NA,2532,0.5064
5000,32,"DEF.poly3",13,22260719,0.0239780000001701,6832792,4,NA,NA,2574,0.5148
5000,32,"DEF.poly3",14,22260720,0.031513700000005,6832792,3,NA,NA,2493,0.4986
5000,32,"DEF.poly3",15,22260721,0.144802000000027,6832792,4,NA,NA,2517,0.5034
5000,32,"DEF.poly3",16,22260722,0.0193055000002005,6832792,4,NA,NA,2566,0.5132
5000,32,"DEF.poly3",17,22260723,0.0235987000000932,6832792,4,NA,NA,2545,0.509
5000,32,"DEF.poly3",18,22260724,0.0350897000000714,6832816,4,NA,NA,2539,0.5078
5000,32,"DEF.poly3",19,22260725,0.0372475000001486,6832816,4,NA,NA,2559,0.5118
5000,32,"DEF.poly3",20,22260726,0.0235343000001649,6832792,3,NA,NA,2518,0.5036
5000,32,"DEF.poly3",21,22260727,0.0151756000000205,6832816,4,NA,NA,2567,0.5134
5000,32,"DEF.poly3",22,22260728,0.0327898000000459,6832792,4,NA,NA,2560,0.512
5000,32,"DEF.poly3",23,22260729,0.0234278000002632,6832792,4,NA,NA,2533,0.5066
5000,32,"DEF.poly3",24,22260730,0.0263511000000562,6832792,4,NA,NA,2578,0.5156
5000,32,"DEF.poly3",25,22260731,0.0706980000002204,6832792,4,NA,NA,2527,0.5054
5000,32,"DEF.poly3",26,22260732,0.015099900000223,6832792,4,NA,NA,2553,0.5106
5000,32,"DEF.poly3",27,22260733,0.0244977000002109,6832792,3,NA,NA,2509,0.5018
5000,32,"DEF.poly3",28,22260734,0.0335993000001054,6832792,4,NA,NA,2497,0.4994
5000,32,"DEF.poly3",29,22260735,0.0227301000002171,6832792,4,NA,NA,2505,0.501
5000,32,"DEF.poly3",30,22260736,0.0210240999999769,6832792,4,NA,NA,2539,0.5078
5000,32,"DEF.stukel",1,22260707,0.025509600000305,6825888,3,NA,NA,2564,0.5128
5000,32,"DEF.stukel",2,22260708,0.0164584000001469,6825888,3,NA,NA,2521,0.5042
5000,32,"DEF.stukel",3,22260709,0.0420503000000281,6825888,4,NA,NA,2543,0.5086
5000,32,"DEF.stukel",4,22260710,0.0318557000002784,6825888,3,NA,NA,2571,0.5142
5000,32,"DEF.stukel",5,22260711,0.0213860000001205,6825888,4,NA,NA,2548,0.5096
5000,32,"DEF.stukel",6,22260712,0.0169286000000284,6825888,4,NA,NA,2582,0.5164
5000,32,"DEF.stukel",7,22260713,0.0362177000001793,6825888,4,NA,NA,2579,0.5158
5000,32,"DEF.stukel",8,22260714,0.0361298000002535,6825888,4,NA,NA,2524,0.5048
5000,32,"DEF.stukel",9,22260715,0.0209749000000556,6825888,3,NA,NA,2524,0.5048
5000,32,"DEF.stukel",10,22260716,0.0398998000000574,6825888,3,NA,NA,2563,0.5126
5000,32,"DEF.stukel",11,22260717,0.0152920000000449,6825888,3,NA,NA,2550,0.51
5000,32,"DEF.stukel",12,22260718,0.0251620000001367,6825888,4,NA,NA,2532,0.5064
5000,32,"DEF.stukel",13,22260719,0.0226965000001655,6825888,4,NA,NA,2574,0.5148
5000,32,"DEF.stukel",14,22260720,0.0232369000002564,6825888,3,NA,NA,2493,0.4986
5000,32,"DEF.stukel",15,22260721,0.0236377000001085,6825888,4,NA,NA,2517,0.5034
5000,32,"DEF.stukel",16,22260722,0.0171397999999954,6825888,4,NA,NA,2566,0.5132
5000,32,"DEF.stukel",17,22260723,0.034041100000195,6825888,4,NA,NA,2545,0.509
5000,32,"DEF.stukel",18,22260724,0.0357409000002917,6825888,4,NA,NA,2539,0.5078
5000,32,"DEF.stukel",19,22260725,0.0253279000003204,6825888,4,NA,NA,2559,0.5118
5000,32,"DEF.stukel",20,22260726,0.0215071000002354,6825888,3,NA,NA,2518,0.5036
5000,32,"DEF.stukel",21,22260727,0.0171197000001939,6825888,4,NA,NA,2567,0.5134
5000,32,"DEF.stukel",22,22260728,0.0316451000003326,6825888,4,NA,NA,2560,0.512
5000,32,"DEF.stukel",23,22260729,0.149600800000144,6825888,4,NA,NA,2533,0.5066
5000,32,"DEF.stukel",24,22260730,0.0389648000000307,6825888,4,NA,NA,2578,0.5156
5000,32,"DEF.stukel",25,22260731,0.0247423000002982,6825888,4,NA,NA,2527,0.5054
5000,32,"DEF.stukel",26,22260732,0.0174607000001288,6825888,4,NA,NA,2553,0.5106
5000,32,"DEF.stukel",27,22260733,0.021372600000177,6825888,3,NA,NA,2509,0.5018
5000,32,"DEF.stukel",28,22260734,0.0210853000000952,6825888,4,NA,NA,2497,0.4994
5000,32,"DEF.stukel",29,22260735,0.0254458000001705,6825888,4,NA,NA,2505,0.501
5000,32,"DEF.stukel",30,22260736,0.0261663000001136,6825888,4,NA,NA,2539,0.5078
5000,32,"EF",1,22260707,0.00671340000030796,2469464,3,NA,NA,2564,0.5128
5000,32,"EF",2,22260708,0.00293290000013258,2469464,3,NA,NA,2521,0.5042
5000,32,"EF",3,22260709,0.00654480000025615,2469464,4,NA,NA,2543,0.5086
5000,32,"EF",4,22260710,0.00532870000006369,2469464,3,NA,NA,2571,0.5142
5000,32,"EF",5,22260711,0.00876829999992879,2469464,4,NA,NA,2548,0.5096
5000,32,"EF",6,22260712,0.00335480000012467,2469464,4,NA,NA,2582,0.5164
5000,32,"EF",7,22260713,0.00536920000013197,2469464,4,NA,NA,2579,0.5158
5000,32,"EF",8,22260714,0.00891400000023168,2469464,4,NA,NA,2524,0.5048
5000,32,"EF",9,22260715,0.00562669999999343,2469464,3,NA,NA,2524,0.5048
5000,32,"EF",10,22260716,0.00590170000032231,2469464,3,NA,NA,2563,0.5126
5000,32,"EF",11,22260717,0.0051223000000391,2469464,3,NA,NA,2550,0.51
5000,32,"EF",12,22260718,0.00694700000008197,2469464,4,NA,NA,2532,0.5064
5000,32,"EF",13,22260719,0.0154138000002604,2469464,4,NA,NA,2574,0.5148
5000,32,"EF",14,22260720,0.00663660000031996,2469464,3,NA,NA,2493,0.4986
5000,32,"EF",15,22260721,0.0060591999999815,2469464,4,NA,NA,2517,0.5034
5000,32,"EF",16,22260722,0.00322250000021995,2469464,4,NA,NA,2566,0.5132
5000,32,"EF",17,22260723,0.0068503000002238,2469464,4,NA,NA,2545,0.509
5000,32,"EF",18,22260724,0.0101090000000568,2469464,4,NA,NA,2539,0.5078
5000,32,"EF",19,22260725,0.0175905999999486,2469464,4,NA,NA,2559,0.5118
5000,32,"EF",20,22260726,0.00607090000016797,2469464,3,NA,NA,2518,0.5036
5000,32,"EF",21,22260727,0.00368140000000494,2469464,4,NA,NA,2567,0.5134
5000,32,"EF",22,22260728,0.00621550000028037,2469464,4,NA,NA,2560,0.512
5000,32,"EF",23,22260729,0.00588749999997162,2469464,4,NA,NA,2533,0.5066
5000,32,"EF",24,22260730,0.00669050000010429,2469464,4,NA,NA,2578,0.5156
5000,32,"EF",25,22260731,0.00685260000022936,2469464,4,NA,NA,2527,0.5054
5000,32,"EF",26,22260732,0.00327180000022054,2469464,4,NA,NA,2553,0.5106
5000,32,"EF",27,22260733,0.0146518999999898,2469464,3,NA,NA,2509,0.5018
5000,32,"EF",28,22260734,0.00705000000016298,2469464,4,NA,NA,2497,0.4994
5000,32,"EF",29,22260735,0.0084692000002633,2469464,4,NA,NA,2505,0.501
5000,32,"EF",30,22260736,0.00345000000015716,2469464,4,NA,NA,2539,0.5078
5000,32,"HL",1,22260707,0.0157257000000754,2177872,3,NA,NA,2564,0.5128
5000,32,"HL",2,22260708,0.00856750000002648,2177872,3,NA,NA,2521,0.5042
5000,32,"HL",3,22260709,0.0153321000002506,2177872,4,NA,NA,2543,0.5086
5000,32,"HL",4,22260710,0.0102316000002247,2177872,3,NA,NA,2571,0.5142
5000,32,"HL",5,22260711,0.0112529000002723,2177872,4,NA,NA,2548,0.5096
5000,32,"HL",6,22260712,0.0076768000001266,2177872,4,NA,NA,2582,0.5164
5000,32,"HL",7,22260713,0.0113662000001113,2177872,4,NA,NA,2579,0.5158
5000,32,"HL",8,22260714,0.0119105000003401,2177872,4,NA,NA,2524,0.5048
5000,32,"HL",9,22260715,0.0129907000000458,2177872,3,NA,NA,2524,0.5048
5000,32,"HL",10,22260716,0.012904200000321,2177872,3,NA,NA,2563,0.5126
5000,32,"HL",11,22260717,0.00745750000010048,2177872,3,NA,NA,2550,0.51
5000,32,"HL",12,22260718,0.0126287000002776,2177872,4,NA,NA,2532,0.5064
5000,32,"HL",13,22260719,0.0120532999999341,2177872,4,NA,NA,2574,0.5148
5000,32,"HL",14,22260720,0.013276100000212,2177872,3,NA,NA,2493,0.4986
5000,32,"HL",15,22260721,0.0110057000001689,2177872,4,NA,NA,2517,0.5034
5000,32,"HL",16,22260722,0.00757850000013605,2177872,4,NA,NA,2566,0.5132
5000,32,"HL",17,22260723,0.0115004000001591,2177872,4,NA,NA,2545,0.509
5000,32,"HL",18,22260724,0.011472700000013,2177872,4,NA,NA,2539,0.5078
5000,32,"HL",19,22260725,0.011184600000206,2177872,4,NA,NA,2559,0.5118
5000,32,"HL",20,22260726,0.0135498000001917,2177872,3,NA,NA,2518,0.5036
5000,32,"HL",21,22260727,0.00822600000014972,2177872,4,NA,NA,2567,0.5134
5000,32,"HL",22,22260728,0.162574200000336,2177872,4,NA,NA,2560,0.512
5000,32,"HL",23,22260729,0.0119137000001501,2177872,4,NA,NA,2533,0.5066
5000,32,"HL",24,22260730,0.0114363000000139,2177872,4,NA,NA,2578,0.5156
5000,32,"HL",25,22260731,0.0114774000001034,2177872,4,NA,NA,2527,0.5054
5000,32,"HL",26,22260732,0.00725490000013451,2177872,4,NA,NA,2553,0.5106
5000,32,"HL",27,22260733,0.0125041000001147,2177872,3,NA,NA,2509,0.5018
5000,32,"HL",28,22260734,0.0158037000001059,2177872,4,NA,NA,2497,0.4994
5000,32,"HL",29,22260735,0.0128124000000298,2177872,4,NA,NA,2505,0.501
5000,32,"HL",30,22260736,0.00857799999994313,2177872,4,NA,NA,2539,0.5078
5000,32,"Pigeon-Heyse",1,22260707,0.00880589999997028,2205280,3,NA,NA,2564,0.5128
5000,32,"Pigeon-Heyse",2,22260708,0.00508429999990767,2205280,3,NA,NA,2521,0.5042
5000,32,"Pigeon-Heyse",3,22260709,0.0121116000000256,2205280,4,NA,NA,2543,0.5086
5000,32,"Pigeon-Heyse",4,22260710,0.00541930000008506,2205280,3,NA,NA,2571,0.5142
5000,32,"Pigeon-Heyse",5,22260711,0.00562890000014704,2205280,4,NA,NA,2548,0.5096
5000,32,"Pigeon-Heyse",6,22260712,0.00292609999996785,2205280,4,NA,NA,2582,0.5164
5000,32,"Pigeon-Heyse",7,22260713,0.0118289000001823,2205280,4,NA,NA,2579,0.5158
5000,32,"Pigeon-Heyse",8,22260714,0.00556030000007013,2205280,4,NA,NA,2524,0.5048
5000,32,"Pigeon-Heyse",9,22260715,0.0068239000001995,2205280,3,NA,NA,2524,0.5048
5000,32,"Pigeon-Heyse",10,22260716,0.00614580000001297,2205280,3,NA,NA,2563,0.5126
5000,32,"Pigeon-Heyse",11,22260717,0.00293630000010126,2205280,3,NA,NA,2550,0.51
5000,32,"Pigeon-Heyse",12,22260718,0.00489290000018627,2205280,4,NA,NA,2532,0.5064
5000,32,"Pigeon-Heyse",13,22260719,0.00610099999994418,2205280,4,NA,NA,2574,0.5148
5000,32,"Pigeon-Heyse",14,22260720,0.00533260000020164,2205280,3,NA,NA,2493,0.4986
5000,32,"Pigeon-Heyse",15,22260721,0.00761549999992894,2205280,4,NA,NA,2517,0.5034
5000,32,"Pigeon-Heyse",16,22260722,0.00289070000007996,2205280,4,NA,NA,2566,0.5132
5000,32,"Pigeon-Heyse",17,22260723,0.00818980000008196,2205280,4,NA,NA,2545,0.509
5000,32,"Pigeon-Heyse",18,22260724,0.00517900000022564,2205280,4,NA,NA,2539,0.5078
5000,32,"Pigeon-Heyse",19,22260725,0.00736640000013722,2205280,4,NA,NA,2559,0.5118
5000,32,"Pigeon-Heyse",20,22260726,0.00486540000019886,2205280,3,NA,NA,2518,0.5036
5000,32,"Pigeon-Heyse",21,22260727,0.00394210000013118,2205280,4,NA,NA,2567,0.5134
5000,32,"Pigeon-Heyse",22,22260728,0.00432039999986955,2205280,4,NA,NA,2560,0.512
5000,32,"Pigeon-Heyse",23,22260729,0.00461109999992004,2205280,4,NA,NA,2533,0.5066
5000,32,"Pigeon-Heyse",24,22260730,0.00431000000003223,2205280,4,NA,NA,2578,0.5156
5000,32,"Pigeon-Heyse",25,22260731,0.00738540000020294,2205280,4,NA,NA,2527,0.5054
5000,32,"Pigeon-Heyse",26,22260732,0.00285570000005464,2205280,4,NA,NA,2553,0.5106
5000,32,"Pigeon-Heyse",27,22260733,0.00672090000011849,2205280,3,NA,NA,2509,0.5018
5000,32,"Pigeon-Heyse",28,22260734,0.00629780000008395,2205280,4,NA,NA,2497,0.4994
5000,32,"Pigeon-Heyse",29,22260735,0.00558720000026369,2205280,4,NA,NA,2505,0.501
5000,32,"Pigeon-Heyse",30,22260736,0.00303610000014487,2205280,4,NA,NA,2539,0.5078
5000,32,"Osius-Rojek",1,22260707,0.00928480000015952,4772560,3,NA,NA,2564,0.5128
5000,32,"Osius-Rojek",2,22260708,0.00785300000006828,4772560,3,NA,NA,2521,0.5042
5000,32,"Osius-Rojek",3,22260709,0.0107408000001215,4772560,4,NA,NA,2543,0.5086
5000,32,"Osius-Rojek",4,22260710,0.00882000000024163,4772560,3,NA,NA,2571,0.5142
5000,32,"Osius-Rojek",5,22260711,0.00896520000014789,4772560,4,NA,NA,2548,0.5096
5000,32,"Osius-Rojek",6,22260712,0.00590639999995801,4772560,4,NA,NA,2582,0.5164
5000,32,"Osius-Rojek",7,22260713,0.01566720000028,4772560,4,NA,NA,2579,0.5158
5000,32,"Osius-Rojek",8,22260714,0.00991450000014993,4772560,4,NA,NA,2524,0.5048
5000,32,"Osius-Rojek",9,22260715,0.0106921000001421,4772560,3,NA,NA,2524,0.5048
5000,32,"Osius-Rojek",10,22260716,0.0107206000002407,4772560,3,NA,NA,2563,0.5126
5000,32,"Osius-Rojek",11,22260717,0.00902229999996962,4772560,3,NA,NA,2550,0.51
5000,32,"Osius-Rojek",12,22260718,0.00878240000020014,4772560,4,NA,NA,2532,0.5064
5000,32,"Osius-Rojek",13,22260719,0.00953420000018923,4772560,4,NA,NA,2574,0.5148
5000,32,"Osius-Rojek",14,22260720,0.00900280000018938,4772560,3,NA,NA,2493,0.4986
5000,32,"Osius-Rojek",15,22260721,0.0106321000000662,4772560,4,NA,NA,2517,0.5034
5000,32,"Osius-Rojek",16,22260722,0.00951050000003306,4772560,4,NA,NA,2566,0.5132
5000,32,"Osius-Rojek",17,22260723,0.0101811000001817,4772560,4,NA,NA,2545,0.509
5000,32,"Osius-Rojek",18,22260724,0.0104281000001265,4772560,4,NA,NA,2539,0.5078
5000,32,"Osius-Rojek",19,22260725,0.0172561000001679,4772560,4,NA,NA,2559,0.5118
5000,32,"Osius-Rojek",20,22260726,0.00935290000029454,4772560,3,NA,NA,2518,0.5036
5000,32,"Osius-Rojek",21,22260727,0.0073573000001943,4772560,4,NA,NA,2567,0.5134
5000,32,"Osius-Rojek",22,22260728,0.00853409999990618,4772560,4,NA,NA,2560,0.512
5000,32,"Osius-Rojek",23,22260729,0.0103281000001516,4772560,4,NA,NA,2533,0.5066
5000,32,"Osius-Rojek",24,22260730,0.00978610000015578,4772560,4,NA,NA,2578,0.5156
5000,32,"Osius-Rojek",25,22260731,0.0118297000001348,4772560,4,NA,NA,2527,0.5054
5000,32,"Osius-Rojek",26,22260732,0.00617500000021209,4772560,4,NA,NA,2553,0.5106
5000,32,"Osius-Rojek",27,22260733,0.00851260000013099,4772560,3,NA,NA,2509,0.5018
5000,32,"Osius-Rojek",28,22260734,0.0107495000002018,4772560,4,NA,NA,2497,0.4994
5000,32,"Osius-Rojek",29,22260735,0.00984730000004674,4772560,4,NA,NA,2505,0.501
5000,32,"Osius-Rojek",30,22260736,0.00581289999990986,4772560,4,NA,NA,2539,0.5078
5000,32,"Stukel",1,22260707,0.00778870000021925,5112328,3,4,1,2564,0.5128
5000,32,"Stukel",2,22260708,0.00366490000010344,5112328,3,4,1,2521,0.5042
5000,32,"Stukel",3,22260709,0.00954690000003211,5112328,4,4,1,2543,0.5086
5000,32,"Stukel",4,22260710,0.00583680000022468,5112328,3,4,1,2571,0.5142
5000,32,"Stukel",5,22260711,0.00651540000012574,5112328,4,4,1,2548,0.5096
5000,32,"Stukel",6,22260712,0.00314989999992576,5112328,4,4,1,2582,0.5164
5000,32,"Stukel",7,22260713,0.00477370000021438,5112328,4,4,1,2579,0.5158
5000,32,"Stukel",8,22260714,0.00559300000031726,5112328,4,4,1,2524,0.5048
5000,32,"Stukel",9,22260715,0.00746710000021267,5112328,3,4,1,2524,0.5048
5000,32,"Stukel",10,22260716,0.00685980000025666,5112328,3,4,1,2563,0.5126
5000,32,"Stukel",11,22260717,0.00328700000022764,5112328,3,4,1,2550,0.51
5000,32,"Stukel",12,22260718,0.00588260000017726,5112328,4,4,1,2532,0.5064
5000,32,"Stukel",13,22260719,0.00685540000017681,5112328,4,4,1,2574,0.5148
5000,32,"Stukel",14,22260720,0.00619320000009793,5112328,3,4,1,2493,0.4986
5000,32,"Stukel",15,22260721,0.0057464000001346,5112328,4,4,1,2517,0.5034
5000,32,"Stukel",16,22260722,0.00317620000009811,5112328,4,4,1,2566,0.5132
5000,32,"Stukel",17,22260723,0.00625020000029508,5112328,4,4,1,2545,0.509
5000,32,"Stukel",18,22260724,0.00909420000016326,5112328,4,4,1,2539,0.5078
5000,32,"Stukel",19,22260725,0.00609640000016043,5112328,4,4,1,2559,0.5118
5000,32,"Stukel",20,22260726,0.0259242000001905,5112328,3,4,1,2518,0.5036
5000,32,"Stukel",21,22260727,0.00507969999989655,5112328,4,4,1,2567,0.5134
5000,32,"Stukel",22,22260728,0.00726840000015727,5112328,4,4,1,2560,0.512
5000,32,"Stukel",23,22260729,0.00699720000011439,5112328,4,4,1,2533,0.5066
5000,32,"Stukel",24,22260730,0.00671810000017103,5112328,4,4,1,2578,0.5156
5000,32,"Stukel",25,22260731,0.00818870000011884,5112328,4,4,1,2527,0.5054
5000,32,"Stukel",26,22260732,0.00318180000022039,5112328,4,4,1,2553,0.5106
5000,32,"Stukel",27,22260733,0.0065845999999965,5112328,3,4,1,2509,0.5018
5000,32,"Stukel",28,22260734,0.00550490000000536,5112328,4,4,1,2497,0.4994
5000,32,"Stukel",29,22260735,0.0145261000000119,5112328,4,4,1,2505,0.501
5000,32,"Stukel",30,22260736,0.00335230000018782,5112328,4,4,1,2539,0.5078
5000,32,"Tsiatis",1,22260707,0.0887173000000985,12011704,3,NA,NA,2564,0.5128
5000,32,"Tsiatis",2,22260708,0.0671850000001086,12011704,3,NA,NA,2521,0.5042
5000,32,"Tsiatis",3,22260709,0.107583200000136,12011704,4,NA,NA,2543,0.5086
5000,32,"Tsiatis",4,22260710,0.129357300000038,12011704,3,NA,NA,2571,0.5142
5000,32,"Tsiatis",5,22260711,0.0946514000002026,12011704,4,NA,NA,2548,0.5096
5000,32,"Tsiatis",6,22260712,0.0743370000002415,12011704,4,NA,NA,2582,0.5164
5000,32,"Tsiatis",7,22260713,0.201262600000291,12011704,4,NA,NA,2579,0.5158
5000,32,"Tsiatis",8,22260714,0.0887671000002683,12011704,4,NA,NA,2524,0.5048
5000,32,"Tsiatis",9,22260715,0.0918843000001743,12011704,3,NA,NA,2524,0.5048
5000,32,"Tsiatis",10,22260716,0.112885100000085,12011704,3,NA,NA,2563,0.5126
5000,32,"Tsiatis",11,22260717,0.0796793000001799,12011704,3,NA,NA,2550,0.51
5000,32,"Tsiatis",12,22260718,0.113624800000252,12011704,4,NA,NA,2532,0.5064
5000,32,"Tsiatis",13,22260719,0.0864988000000722,12011704,4,NA,NA,2574,0.5148
5000,32,"Tsiatis",14,22260720,0.0936412000003202,12011704,3,NA,NA,2493,0.4986
5000,32,"Tsiatis",15,22260721,0.0956127000001743,12011704,4,NA,NA,2517,0.5034
5000,32,"Tsiatis",16,22260722,0.0661926000002495,12011704,4,NA,NA,2566,0.5132
5000,32,"Tsiatis",17,22260723,0.114134000000149,12011704,4,NA,NA,2545,0.509
5000,32,"Tsiatis",18,22260724,0.107960600000297,12011704,4,NA,NA,2539,0.5078
5000,32,"Tsiatis",19,22260725,0.196987000000036,12011704,4,NA,NA,2559,0.5118
5000,32,"Tsiatis",20,22260726,0.131940700000087,12011704,3,NA,NA,2518,0.5036
5000,32,"Tsiatis",21,22260727,0.0662649000000783,12011704,4,NA,NA,2567,0.5134
5000,32,"Tsiatis",22,22260728,0.138530100000025,12011704,4,NA,NA,2560,0.512
5000,32,"Tsiatis",23,22260729,0.0889800000002197,12011704,4,NA,NA,2533,0.5066
5000,32,"Tsiatis",24,22260730,0.0706190000000788,12011704,4,NA,NA,2578,0.5156
5000,32,"Tsiatis",25,22260731,0.11248360000036,12011704,4,NA,NA,2527,0.5054
5000,32,"Tsiatis",26,22260732,0.0769951000002038,12011704,4,NA,NA,2553,0.5106
5000,32,"Tsiatis",27,22260733,0.107903999999735,12011704,3,NA,NA,2509,0.5018
5000,32,"Tsiatis",28,22260734,0.104439000000184,12011704,4,NA,NA,2497,0.4994
5000,32,"Tsiatis",29,22260735,0.108319700000038,12011704,4,NA,NA,2505,0.501
5000,32,"Tsiatis",30,22260736,0.0645566000002873,12011704,4,NA,NA,2539,0.5078
5000,32,"Xie",1,22260707,3.18033170000012,49984048,3,NA,NA,2564,0.5128
5000,32,"Xie",2,22260708,2.38785740000026,49984056,3,NA,NA,2521,0.5042
5000,32,"Xie",3,22260709,3.11734780000029,49984064,4,NA,NA,2543,0.5086
5000,32,"Xie",4,22260710,3.07866440000021,49984024,3,NA,NA,2571,0.5142
5000,32,"Xie",5,22260711,3.18441830000006,49984064,4,NA,NA,2548,0.5096
5000,32,"Xie",6,22260712,2.35049220000019,49984056,4,NA,NA,2582,0.5164
5000,32,"Xie",7,22260713,3.11344620000023,49984056,4,NA,NA,2579,0.5158
5000,32,"Xie",8,22260714,3.14164630000005,49984040,4,NA,NA,2524,0.5048
5000,32,"Xie",9,22260715,3.07057870000017,49984072,3,NA,NA,2524,0.5048
5000,32,"Xie",10,22260716,3.09201960000019,49984048,3,NA,NA,2563,0.5126
5000,32,"Xie",11,22260717,2.43819639999992,49984064,3,NA,NA,2550,0.51
5000,32,"Xie",12,22260718,3.16261560000021,49984064,4,NA,NA,2532,0.5064
5000,32,"Xie",13,22260719,3.11296100000027,49984064,4,NA,NA,2574,0.5148
5000,32,"Xie",14,22260720,3.12667050000005,49984064,3,NA,NA,2493,0.4986
5000,32,"Xie",15,22260721,3.08665770000016,49984048,4,NA,NA,2517,0.5034
5000,32,"Xie",16,22260722,2.33380260000013,49984048,4,NA,NA,2566,0.5132
5000,32,"Xie",17,22260723,3.19302230000017,49984064,4,NA,NA,2545,0.509
5000,32,"Xie",18,22260724,3.14519040000005,49984056,4,NA,NA,2539,0.5078
5000,32,"Xie",19,22260725,3.16468810000015,49984048,4,NA,NA,2559,0.5118
5000,32,"Xie",20,22260726,3.16792490000012,49984072,3,NA,NA,2518,0.5036
5000,32,"Xie",21,22260727,2.34733340000002,49984064,4,NA,NA,2567,0.5134
5000,32,"Xie",22,22260728,3.14819850000003,49984040,4,NA,NA,2560,0.512
5000,32,"Xie",23,22260729,3.1587221000002,49984056,4,NA,NA,2533,0.5066
5000,32,"Xie",24,22260730,3.14534830000025,49984048,4,NA,NA,2578,0.5156
5000,32,"Xie",25,22260731,3.12300449999998,49984072,4,NA,NA,2527,0.5054
5000,32,"Xie",26,22260732,2.40785240000014,49984040,4,NA,NA,2553,0.5106
5000,32,"Xie",27,22260733,3.09664490000023,49984048,3,NA,NA,2509,0.5018
5000,32,"Xie",28,22260734,3.17320650000011,49984056,4,NA,NA,2497,0.4994
5000,32,"Xie",29,22260735,3.14566590000027,49984064,4,NA,NA,2505,0.501
5000,32,"Xie",30,22260736,2.35202060000006,49984064,4,NA,NA,2539,0.5078
5000,32,"Pulkstenis-Robinson",1,22260707,0.0153424000000086,6727176,3,NA,NA,2564,0.5128
5000,32,"Pulkstenis-Robinson",2,22260708,0.00940490000016325,6727240,3,NA,NA,2521,0.5042
5000,32,"Pulkstenis-Robinson",3,22260709,0.0155311000000893,6727240,4,NA,NA,2543,0.5086
5000,32,"Pulkstenis-Robinson",4,22260710,0.0132284000001164,6727240,3,NA,NA,2571,0.5142
5000,32,"Pulkstenis-Robinson",5,22260711,0.0179453000002923,6727240,4,NA,NA,2548,0.5096
5000,32,"Pulkstenis-Robinson",6,22260712,0.00745370000004186,6727240,4,NA,NA,2582,0.5164
5000,32,"Pulkstenis-Robinson",7,22260713,0.0137987000002795,6727240,4,NA,NA,2579,0.5158
5000,32,"Pulkstenis-Robinson",8,22260714,0.0144522000000507,6727176,4,NA,NA,2524,0.5048
5000,32,"Pulkstenis-Robinson",9,22260715,0.0123411000001852,6727240,3,NA,NA,2524,0.5048
5000,32,"Pulkstenis-Robinson",10,22260716,0.0141231000000062,6727176,3,NA,NA,2563,0.5126
5000,32,"Pulkstenis-Robinson",11,22260717,0.0088079000001926,6727240,3,NA,NA,2550,0.51
5000,32,"Pulkstenis-Robinson",12,22260718,0.0150058000001536,6727240,4,NA,NA,2532,0.5064
5000,32,"Pulkstenis-Robinson",13,22260719,0.0165931000001365,6727240,4,NA,NA,2574,0.5148
5000,32,"Pulkstenis-Robinson",14,22260720,0.0107722000002468,6727240,3,NA,NA,2493,0.4986
5000,32,"Pulkstenis-Robinson",15,22260721,0.0129842000003464,6727240,4,NA,NA,2517,0.5034
5000,32,"Pulkstenis-Robinson",16,22260722,0.00870600000030208,6727240,4,NA,NA,2566,0.5132
5000,32,"Pulkstenis-Robinson",17,22260723,0.0143514000001232,6727240,4,NA,NA,2545,0.509
5000,32,"Pulkstenis-Robinson",18,22260724,0.0139210000002095,6727240,4,NA,NA,2539,0.5078
5000,32,"Pulkstenis-Robinson",19,22260725,0.0147884000000431,6727176,4,NA,NA,2559,0.5118
5000,32,"Pulkstenis-Robinson",20,22260726,0.0239343000000645,6727176,3,NA,NA,2518,0.5036
5000,32,"Pulkstenis-Robinson",21,22260727,0.00951439999971626,6727240,4,NA,NA,2567,0.5134
5000,32,"Pulkstenis-Robinson",22,22260728,0.0177800000001298,6727176,4,NA,NA,2560,0.512
5000,32,"Pulkstenis-Robinson",23,22260729,0.0136726000002909,6727240,4,NA,NA,2533,0.5066
5000,32,"Pulkstenis-Robinson",24,22260730,0.0210242000000562,6727240,4,NA,NA,2578,0.5156
5000,32,"Pulkstenis-Robinson",25,22260731,0.0133794999999282,6727176,4,NA,NA,2527,0.5054
5000,32,"Pulkstenis-Robinson",26,22260732,0.00917910000021038,6727240,4,NA,NA,2553,0.5106
5000,32,"Pulkstenis-Robinson",27,22260733,0.0167339000001903,6727176,3,NA,NA,2509,0.5018
5000,32,"Pulkstenis-Robinson",28,22260734,0.0155349999999999,6727240,4,NA,NA,2497,0.4994
5000,32,"Pulkstenis-Robinson",29,22260735,0.0145261000002392,6727240,4,NA,NA,2505,0.501
5000,32,"Pulkstenis-Robinson",30,22260736,0.0083022000001165,6727240,4,NA,NA,2539,0.5078
5000,32,"glm_fit",1,22260707,0.0328763000002255,20681800,3,NA,NA,2564,0.5128
5000,32,"glm_fit",2,22260708,0.0255497999999079,20681800,3,NA,NA,2521,0.5042
5000,32,"glm_fit",3,22260709,0.0481623000000582,24786488,4,NA,NA,2543,0.5086
5000,32,"glm_fit",4,22260710,0.0325770000001739,20681800,3,NA,NA,2571,0.5142
5000,32,"glm_fit",5,22260711,0.044044200000144,24786488,4,NA,NA,2548,0.5096
5000,32,"glm_fit",6,22260712,0.0358569999998508,24786488,4,NA,NA,2582,0.5164
5000,32,"glm_fit",7,22260713,0.0606777000002694,24786488,4,NA,NA,2579,0.5158
5000,32,"glm_fit",8,22260714,0.05119690000015,24786488,4,NA,NA,2524,0.5048
5000,32,"glm_fit",9,22260715,0.0512408000001869,20681800,3,NA,NA,2524,0.5048
5000,32,"glm_fit",10,22260716,0.0462757000002512,20681800,3,NA,NA,2563,0.5126
5000,32,"glm_fit",11,22260717,0.0232006000001093,20681800,3,NA,NA,2550,0.51
5000,32,"glm_fit",12,22260718,0.0785253000001376,24786488,4,NA,NA,2532,0.5064
5000,32,"glm_fit",13,22260719,0.052259800000229,24786488,4,NA,NA,2574,0.5148
5000,32,"glm_fit",14,22260720,0.0558552999998483,20681800,3,NA,NA,2493,0.4986
5000,32,"glm_fit",15,22260721,0.0490097000001697,24786488,4,NA,NA,2517,0.5034
5000,32,"glm_fit",16,22260722,0.0364802000001418,24786488,4,NA,NA,2566,0.5132
5000,32,"glm_fit",17,22260723,0.0547484000001077,24786488,4,NA,NA,2545,0.509
5000,32,"glm_fit",18,22260724,0.0458280999998806,24786488,4,NA,NA,2539,0.5078
5000,32,"glm_fit",19,22260725,0.0447438000003331,24786488,4,NA,NA,2559,0.5118
5000,32,"glm_fit",20,22260726,0.148314200000186,20681800,3,NA,NA,2518,0.5036
5000,32,"glm_fit",21,22260727,0.034289100000251,24786488,4,NA,NA,2567,0.5134
5000,32,"glm_fit",22,22260728,0.0315262999999959,24786488,4,NA,NA,2560,0.512
5000,32,"glm_fit",23,22260729,0.0551251000001685,24786488,4,NA,NA,2533,0.5066
5000,32,"glm_fit",24,22260730,0.050324300000284,24786488,4,NA,NA,2578,0.5156
5000,32,"glm_fit",25,22260731,0.0597404000000097,24786488,4,NA,NA,2527,0.5054
5000,32,"glm_fit",26,22260732,0.0292140000001382,24786488,4,NA,NA,2553,0.5106
5000,32,"glm_fit",27,22260733,0.0695780000003197,20681800,3,NA,NA,2509,0.5018
5000,32,"glm_fit",28,22260734,0.0412763000001632,24786488,4,NA,NA,2497,0.4994
5000,32,"glm_fit",29,22260735,0.0328349000001253,24786488,4,NA,NA,2505,0.501
5000,32,"glm_fit",30,22260736,0.0326538000001619,24786488,4,NA,NA,2539,0.5078
10000,4,"DEF.poly3",1,22360707,0.0258448000001863,4551456,3,NA,NA,5088,0.5088
10000,4,"DEF.poly3",2,22360708,0.0173944000002848,4551456,4,NA,NA,5171,0.5171
10000,4,"DEF.poly3",3,22360709,0.0233912000003329,4551456,4,NA,NA,5143,0.5143
10000,4,"DEF.poly3",4,22360710,0.0247215000001688,4551456,3,NA,NA,5014,0.5014
10000,4,"DEF.poly3",5,22360711,0.0252732000001288,4551456,4,NA,NA,5015,0.5015
10000,4,"DEF.poly3",6,22360712,0.0169839000002412,4551456,3,NA,NA,5103,0.5103
10000,4,"DEF.poly3",7,22360713,0.0211611000001994,4551456,3,NA,NA,5159,0.5159
10000,4,"DEF.poly3",8,22360714,0.02243210000006,4551456,3,NA,NA,5053,0.5053
10000,4,"DEF.poly3",9,22360715,0.0305969000000914,4551456,3,NA,NA,4981,0.4981
10000,4,"DEF.poly3",10,22360716,0.0264238000002024,4551480,3,NA,NA,5046,0.5046
10000,4,"DEF.poly3",11,22360717,0.0151831000002858,4551456,4,NA,NA,5106,0.5106
10000,4,"DEF.poly3",12,22360718,0.0296328000001722,4551480,3,NA,NA,5020,0.502
10000,4,"DEF.poly3",13,22360719,0.022671500000115,4551456,3,NA,NA,5222,0.5222
10000,4,"DEF.poly3",14,22360720,0.0215348000001541,4551480,3,NA,NA,4981,0.4981
10000,4,"DEF.poly3",15,22360721,0.0218314000003375,4551456,4,NA,NA,5084,0.5084
10000,4,"DEF.poly3",16,22360722,0.0154450000002271,4551456,3,NA,NA,5081,0.5081
10000,4,"DEF.poly3",17,22360723,0.0302470000001449,4551456,3,NA,NA,5079,0.5079
10000,4,"DEF.poly3",18,22360724,0.0215411000001495,4551456,4,NA,NA,5128,0.5128
10000,4,"DEF.poly3",19,22360725,0.0210803000002215,4551456,3,NA,NA,5090,0.509
10000,4,"DEF.poly3",20,22360726,0.0233618000002025,4551456,4,NA,NA,5135,0.5135
10000,4,"DEF.poly3",21,22360727,0.0196278000003076,4551456,3,NA,NA,5143,0.5143
10000,4,"DEF.poly3",22,22360728,0.0351191000002018,4551456,3,NA,NA,5061,0.5061
10000,4,"DEF.poly3",23,22360729,0.0367688000001181,4551456,4,NA,NA,5150,0.515
10000,4,"DEF.poly3",24,22360730,0.0282604000001356,4551456,3,NA,NA,4980,0.498
10000,4,"DEF.poly3",25,22360731,0.0232636000000639,4551456,3,NA,NA,5140,0.514
10000,4,"DEF.poly3",26,22360732,0.0149076000002424,4551456,4,NA,NA,5131,0.5131
10000,4,"DEF.poly3",27,22360733,0.0257847000002585,4551456,4,NA,NA,5203,0.5203
10000,4,"DEF.poly3",28,22360734,0.0226932000000488,4551456,4,NA,NA,5074,0.5074
10000,4,"DEF.poly3",29,22360735,0.0239642000001368,4551456,3,NA,NA,5151,0.5151
10000,4,"DEF.poly3",30,22360736,0.0163828000002013,4551480,3,NA,NA,5107,0.5107
10000,4,"DEF.stukel",1,22360707,0.0256706000002396,4544552,3,NA,NA,5088,0.5088
10000,4,"DEF.stukel",2,22360708,0.0158662000001186,4544552,4,NA,NA,5171,0.5171
10000,4,"DEF.stukel",3,22360709,0.0319162000002962,4544552,4,NA,NA,5143,0.5143
10000,4,"DEF.stukel",4,22360710,0.0206962000002022,4544552,3,NA,NA,5014,0.5014
10000,4,"DEF.stukel",5,22360711,0.0243350000000646,4544552,4,NA,NA,5015,0.5015
10000,4,"DEF.stukel",6,22360712,0.0154919000001428,4544552,3,NA,NA,5103,0.5103
10000,4,"DEF.stukel",7,22360713,0.0335984000000735,4544552,3,NA,NA,5159,0.5159
10000,4,"DEF.stukel",8,22360714,0.0292864000000463,4544552,3,NA,NA,5053,0.5053
10000,4,"DEF.stukel",9,22360715,0.0236734000000069,4544552,3,NA,NA,4981,0.4981
10000,4,"DEF.stukel",10,22360716,0.0415086000002702,4544552,3,NA,NA,5046,0.5046
10000,4,"DEF.stukel",11,22360717,0.0225934000002326,4544552,4,NA,NA,5106,0.5106
10000,4,"DEF.stukel",12,22360718,0.0225434000001314,4544552,3,NA,NA,5020,0.502
10000,4,"DEF.stukel",13,22360719,0.0375333000001774,4544552,3,NA,NA,5222,0.5222
10000,4,"DEF.stukel",14,22360720,0.0228343999999652,4544552,3,NA,NA,4981,0.4981
10000,4,"DEF.stukel",15,22360721,0.02262450000012,4544552,4,NA,NA,5084,0.5084
10000,4,"DEF.stukel",16,22360722,0.0151384000000689,4544552,3,NA,NA,5081,0.5081
10000,4,"DEF.stukel",17,22360723,0.0195996000002197,4544552,3,NA,NA,5079,0.5079
10000,4,"DEF.stukel",18,22360724,0.0243564000002152,4544552,4,NA,NA,5128,0.5128
10000,4,"DEF.stukel",19,22360725,0.0290585000000192,4544552,3,NA,NA,5090,0.509
10000,4,"DEF.stukel",20,22360726,0.0377306000000317,4544552,4,NA,NA,5135,0.5135
10000,4,"DEF.stukel",21,22360727,0.0166856000003008,4544552,3,NA,NA,5143,0.5143
10000,4,"DEF.stukel",22,22360728,0.0228709000000435,4544552,3,NA,NA,5061,0.5061
10000,4,"DEF.stukel",23,22360729,0.0250624999998763,4544552,4,NA,NA,5150,0.515
10000,4,"DEF.stukel",24,22360730,0.0268608000001223,4544552,3,NA,NA,4980,0.498
10000,4,"DEF.stukel",25,22360731,0.0289763000000676,4544552,3,NA,NA,5140,0.514
10000,4,"DEF.stukel",26,22360732,0.0167493000001286,4544552,4,NA,NA,5131,0.5131
10000,4,"DEF.stukel",27,22360733,0.0225744000001669,4544552,4,NA,NA,5203,0.5203
10000,4,"DEF.stukel",28,22360734,0.0211082000000715,4544552,4,NA,NA,5074,0.5074
10000,4,"DEF.stukel",29,22360735,0.0363298000002032,4544552,3,NA,NA,5151,0.5151
10000,4,"DEF.stukel",30,22360736,0.0154117000001861,4544552,3,NA,NA,5107,0.5107
10000,4,"EF",1,22360707,0.00702650000016547,2677240,3,NA,NA,5088,0.5088
10000,4,"EF",2,22360708,0.00455330000022514,2677240,4,NA,NA,5171,0.5171
10000,4,"EF",3,22360709,0.0070194000002175,2677240,4,NA,NA,5143,0.5143
10000,4,"EF",4,22360710,0.00625350000018443,2677240,3,NA,NA,5014,0.5014
10000,4,"EF",5,22360711,0.0057589000000462,2677240,4,NA,NA,5015,0.5015
10000,4,"EF",6,22360712,0.00348380000014004,2677240,3,NA,NA,5103,0.5103
10000,4,"EF",7,22360713,0.00519010000016351,2677240,3,NA,NA,5159,0.5159
10000,4,"EF",8,22360714,0.00516760000027716,2677240,3,NA,NA,5053,0.5053
10000,4,"EF",9,22360715,0.00653150000016467,2677240,3,NA,NA,4981,0.4981
10000,4,"EF",10,22360716,0.00654570000028798,2677240,3,NA,NA,5046,0.5046
10000,4,"EF",11,22360717,0.0037657999998828,2677240,4,NA,NA,5106,0.5106
10000,4,"EF",12,22360718,0.00605730000029325,2677240,3,NA,NA,5020,0.502
10000,4,"EF",13,22360719,0.0062182000001485,2677240,3,NA,NA,5222,0.5222
10000,4,"EF",14,22360720,0.00549570000021049,2677240,3,NA,NA,4981,0.4981
10000,4,"EF",15,22360721,0.00663789999998698,2677240,4,NA,NA,5084,0.5084
10000,4,"EF",16,22360722,0.00313410000012482,2677240,3,NA,NA,5081,0.5081
10000,4,"EF",17,22360723,0.00564580000013848,2677240,3,NA,NA,5079,0.5079
10000,4,"EF",18,22360724,0.00822240000024976,2677240,4,NA,NA,5128,0.5128
10000,4,"EF",19,22360725,0.00516259999994872,2677240,3,NA,NA,5090,0.509
10000,4,"EF",20,22360726,0.0129849000002196,2677240,4,NA,NA,5135,0.5135
10000,4,"EF",21,22360727,0.00388450000014018,2677240,3,NA,NA,5143,0.5143
10000,4,"EF",22,22360728,0.00563780000015868,2677240,3,NA,NA,5061,0.5061
10000,4,"EF",23,22360729,0.00641940000036811,2677240,4,NA,NA,5150,0.515
10000,4,"EF",24,22360730,0.00599640000018553,2677240,3,NA,NA,4980,0.498
10000,4,"EF",25,22360731,0.0042150000001584,2677240,3,NA,NA,5140,0.514
10000,4,"EF",26,22360732,0.0516028000001825,2677240,4,NA,NA,5131,0.5131
10000,4,"EF",27,22360733,0.00566920000028404,2677240,4,NA,NA,5203,0.5203
10000,4,"EF",28,22360734,0.00599270000020624,2677240,4,NA,NA,5074,0.5074
10000,4,"EF",29,22360735,0.00609400000007554,2677240,3,NA,NA,5151,0.5151
10000,4,"EF",30,22360736,0.00482760000022608,2677240,3,NA,NA,5107,0.5107
10000,4,"HL",1,22360707,0.018580300000167,2094576,3,NA,NA,5088,0.5088
10000,4,"HL",2,22360708,0.0129499000001942,2094576,4,NA,NA,5171,0.5171
10000,4,"HL",3,22360709,0.0236425000000509,2094576,4,NA,NA,5143,0.5143
10000,4,"HL",4,22360710,0.0246695000000727,2094576,3,NA,NA,5014,0.5014
10000,4,"HL",5,22360711,0.0185131000000638,2094576,4,NA,NA,5015,0.5015
10000,4,"HL",6,22360712,0.0125061999999616,2094576,3,NA,NA,5103,0.5103
10000,4,"HL",7,22360713,0.0171483000001444,2094576,3,NA,NA,5159,0.5159
10000,4,"HL",8,22360714,0.0157899000000725,2094576,3,NA,NA,5053,0.5053
10000,4,"HL",9,22360715,0.0301197999999658,2094576,3,NA,NA,4981,0.4981
10000,4,"HL",10,22360716,0.0210393000002114,2094576,3,NA,NA,5046,0.5046
10000,4,"HL",11,22360717,0.012771800000337,2094576,4,NA,NA,5106,0.5106
10000,4,"HL",12,22360718,0.0173882000001413,2094576,3,NA,NA,5020,0.502
10000,4,"HL",13,22360719,0.0170016000001851,2094576,3,NA,NA,5222,0.5222
10000,4,"HL",14,22360720,0.0177762000000712,2094576,3,NA,NA,4981,0.4981
10000,4,"HL",15,22360721,0.0165265000000545,2094576,4,NA,NA,5084,0.5084
10000,4,"HL",16,22360722,0.0126295000002301,2094576,3,NA,NA,5081,0.5081
10000,4,"HL",17,22360723,0.0167889000001651,2094576,3,NA,NA,5079,0.5079
10000,4,"HL",18,22360724,0.0204775000001973,2094576,4,NA,NA,5128,0.5128
10000,4,"HL",19,22360725,0.0166183000001183,2094576,3,NA,NA,5090,0.509
10000,4,"HL",20,22360726,0.0152665000000525,2094576,4,NA,NA,5135,0.5135
10000,4,"HL",21,22360727,0.0173876000001201,2094576,3,NA,NA,5143,0.5143
10000,4,"HL",22,22360728,0.0167460000000119,2094576,3,NA,NA,5061,0.5061
10000,4,"HL",23,22360729,0.0270766000003277,2094576,4,NA,NA,5150,0.515
10000,4,"HL",24,22360730,0.0169667000002391,2094576,3,NA,NA,4980,0.498
10000,4,"HL",25,22360731,0.0167390000001433,2094576,3,NA,NA,5140,0.514
10000,4,"HL",26,22360732,0.0123224000001301,2094576,4,NA,NA,5131,0.5131
10000,4,"HL",27,22360733,0.0172925000001669,2094576,4,NA,NA,5203,0.5203
10000,4,"HL",28,22360734,0.0199063000000024,2094576,4,NA,NA,5074,0.5074
10000,4,"HL",29,22360735,0.0156082999999398,2094576,3,NA,NA,5151,0.5151
10000,4,"HL",30,22360736,0.0127826000000368,2094576,3,NA,NA,5107,0.5107
10000,4,"Pigeon-Heyse",1,22360707,0.00814520000017183,2147520,3,NA,NA,5088,0.5088
10000,4,"Pigeon-Heyse",2,22360708,0.0039288000000397,2147520,4,NA,NA,5171,0.5171
10000,4,"Pigeon-Heyse",3,22360709,0.00445140000010724,2147520,4,NA,NA,5143,0.5143
10000,4,"Pigeon-Heyse",4,22360710,0.00489730000026611,2147520,3,NA,NA,5014,0.5014
10000,4,"Pigeon-Heyse",5,22360711,0.00633990000005724,2147520,4,NA,NA,5015,0.5015
10000,4,"Pigeon-Heyse",6,22360712,0.00354410000022654,2147520,3,NA,NA,5103,0.5103
10000,4,"Pigeon-Heyse",7,22360713,0.00371170000016718,2147520,3,NA,NA,5159,0.5159
10000,4,"Pigeon-Heyse",8,22360714,0.00489080000011199,2147520,3,NA,NA,5053,0.5053
10000,4,"Pigeon-Heyse",9,22360715,0.00639440000009017,2147520,3,NA,NA,4981,0.4981
10000,4,"Pigeon-Heyse",10,22360716,0.0054681999999957,2147520,3,NA,NA,5046,0.5046
10000,4,"Pigeon-Heyse",11,22360717,0.00321080000003349,2147520,4,NA,NA,5106,0.5106
10000,4,"Pigeon-Heyse",12,22360718,0.0050997000003008,2147520,3,NA,NA,5020,0.502
10000,4,"Pigeon-Heyse",13,22360719,0.00563330000022688,2147520,3,NA,NA,5222,0.5222
10000,4,"Pigeon-Heyse",14,22360720,0.00628110000025117,2147520,3,NA,NA,4981,0.4981
10000,4,"Pigeon-Heyse",15,22360721,0.00529470000014953,2147520,4,NA,NA,5084,0.5084
10000,4,"Pigeon-Heyse",16,22360722,0.00363130000005185,2147520,3,NA,NA,5081,0.5081
10000,4,"Pigeon-Heyse",17,22360723,0.0051621000002342,2147520,3,NA,NA,5079,0.5079
10000,4,"Pigeon-Heyse",18,22360724,0.00530470000012428,2147520,4,NA,NA,5128,0.5128
10000,4,"Pigeon-Heyse",19,22360725,0.00519110000027467,2147520,3,NA,NA,5090,0.509
10000,4,"Pigeon-Heyse",20,22360726,0.00566360000016175,2147520,4,NA,NA,5135,0.5135
10000,4,"Pigeon-Heyse",21,22360727,0.00313040000014553,2147520,3,NA,NA,5143,0.5143
10000,4,"Pigeon-Heyse",22,22360728,0.00702180000007502,2147520,3,NA,NA,5061,0.5061
10000,4,"Pigeon-Heyse",23,22360729,0.00449540000022353,2147520,4,NA,NA,5150,0.515
10000,4,"Pigeon-Heyse",24,22360730,0.00570820000029926,2147520,3,NA,NA,4980,0.498
10000,4,"Pigeon-Heyse",25,22360731,0.00569319999999607,2147520,3,NA,NA,5140,0.514
10000,4,"Pigeon-Heyse",26,22360732,0.00318330000004607,2147520,4,NA,NA,5131,0.5131
10000,4,"Pigeon-Heyse",27,22360733,0.00406450000014047,2147520,4,NA,NA,5203,0.5203
10000,4,"Pigeon-Heyse",28,22360734,0.00723870000024363,2147520,4,NA,NA,5074,0.5074
10000,4,"Pigeon-Heyse",29,22360735,0.00491479999982403,2147520,3,NA,NA,5151,0.5151
10000,4,"Pigeon-Heyse",30,22360736,0.00460710000015752,2147520,3,NA,NA,5107,0.5107
10000,4,"Osius-Rojek",1,22360707,0.00679370000011659,2802168,3,NA,NA,5088,0.5088
10000,4,"Osius-Rojek",2,22360708,0.00280160000011165,2802168,4,NA,NA,5171,0.5171
10000,4,"Osius-Rojek",3,22360709,0.00463200000012876,2802168,4,NA,NA,5143,0.5143
10000,4,"Osius-Rojek",4,22360710,0.00475100000016937,2802168,3,NA,NA,5014,0.5014
10000,4,"Osius-Rojek",5,22360711,0.00570210000023508,2802168,4,NA,NA,5015,0.5015
10000,4,"Osius-Rojek",6,22360712,0.00301119999994626,2802168,3,NA,NA,5103,0.5103
10000,4,"Osius-Rojek",7,22360713,0.00339590000021417,2802168,3,NA,NA,5159,0.5159
10000,4,"Osius-Rojek",8,22360714,0.00334979999979623,2802168,3,NA,NA,5053,0.5053
10000,4,"Osius-Rojek",9,22360715,0.00460260000022572,2802168,3,NA,NA,4981,0.4981
10000,4,"Osius-Rojek",10,22360716,0.0037717000000157,2802168,3,NA,NA,5046,0.5046
10000,4,"Osius-Rojek",11,22360717,0.00276570000028187,2802168,4,NA,NA,5106,0.5106
10000,4,"Osius-Rojek",12,22360718,0.0128667000001315,2802168,3,NA,NA,5020,0.502
10000,4,"Osius-Rojek",13,22360719,0.00451339999995071,2802168,3,NA,NA,5222,0.5222
10000,4,"Osius-Rojek",14,22360720,0.00420789999998306,2802168,3,NA,NA,4981,0.4981
10000,4,"Osius-Rojek",15,22360721,0.0104407999999694,2802168,4,NA,NA,5084,0.5084
10000,4,"Osius-Rojek",16,22360722,0.0020662000001721,2802168,3,NA,NA,5081,0.5081
10000,4,"Osius-Rojek",17,22360723,0.00403250000022126,2802168,3,NA,NA,5079,0.5079
10000,4,"Osius-Rojek",18,22360724,0.013726300000144,2802168,4,NA,NA,5128,0.5128
10000,4,"Osius-Rojek",19,22360725,0.00573530000019673,2802168,3,NA,NA,5090,0.509
10000,4,"Osius-Rojek",20,22360726,0.0114037000003009,2802168,4,NA,NA,5135,0.5135
10000,4,"Osius-Rojek",21,22360727,0.00280130000010104,2802168,3,NA,NA,5143,0.5143
10000,4,"Osius-Rojek",22,22360728,0.00653580000016518,2802168,3,NA,NA,5061,0.5061
10000,4,"Osius-Rojek",23,22360729,0.0127920000002177,2802168,4,NA,NA,5150,0.515
10000,4,"Osius-Rojek",24,22360730,0.0102039000000786,2802168,3,NA,NA,4980,0.498
10000,4,"Osius-Rojek",25,22360731,0.0101661000001059,2802168,3,NA,NA,5140,0.514
10000,4,"Osius-Rojek",26,22360732,0.00229260000014619,2802168,4,NA,NA,5131,0.5131
10000,4,"Osius-Rojek",27,22360733,0.00396419999992759,2802168,4,NA,NA,5203,0.5203
10000,4,"Osius-Rojek",28,22360734,0.00363760000004731,2802168,4,NA,NA,5074,0.5074
10000,4,"Osius-Rojek",29,22360735,0.0104350000001432,2802168,3,NA,NA,5151,0.5151
10000,4,"Osius-Rojek",30,22360736,0.00304900000014641,2802168,3,NA,NA,5107,0.5107
10000,4,"Stukel",1,22360707,0.00529550000010204,3482584,3,4,1,5088,0.5088
10000,4,"Stukel",2,22360708,0.00293900000019676,3482584,4,4,1,5171,0.5171
10000,4,"Stukel",3,22360709,0.00455770000030498,3482584,4,4,1,5143,0.5143
10000,4,"Stukel",4,22360710,0.00394629999982499,3482584,3,4,1,5014,0.5014
10000,4,"Stukel",5,22360711,0.00390570000013213,3482584,4,4,1,5015,0.5015
10000,4,"Stukel",6,22360712,0.00353950000021541,3482584,3,4,1,5103,0.5103
10000,4,"Stukel",7,22360713,0.00319110000009459,3482584,3,4,1,5159,0.5159
10000,4,"Stukel",8,22360714,0.00454220000005989,3482584,3,4,1,5053,0.5053
10000,4,"Stukel",9,22360715,0.00525460000017119,3482584,3,4,1,4981,0.4981
10000,4,"Stukel",10,22360716,0.00332020000018929,3482584,3,4,1,5046,0.5046
10000,4,"Stukel",11,22360717,0.00340679999999338,3482584,4,4,1,5106,0.5106
10000,4,"Stukel",12,22360718,0.00331720000008318,3482584,3,4,1,5020,0.502
10000,4,"Stukel",13,22360719,0.00328090000016346,3482584,3,4,1,5222,0.5222
10000,4,"Stukel",14,22360720,0.00908440000011979,3482584,3,4,1,4981,0.4981
10000,4,"Stukel",15,22360721,0.00427990000025602,3482584,4,4,1,5084,0.5084
10000,4,"Stukel",16,22360722,0.00205130000017562,3482584,3,4,1,5081,0.5081
10000,4,"Stukel",17,22360723,0.0115214000002197,3482584,3,4,1,5079,0.5079
10000,4,"Stukel",18,22360724,0.00360969999996996,3482584,4,4,1,5128,0.5128
10000,4,"Stukel",19,22360725,0.0041105000002517,3482584,3,4,1,5090,0.509
10000,4,"Stukel",20,22360726,0.00584820000017316,3482584,4,4,1,5135,0.5135
10000,4,"Stukel",21,22360727,0.00567639999985659,3482584,3,4,1,5143,0.5143
10000,4,"Stukel",22,22360728,0.00366680000001907,3482584,3,4,1,5061,0.5061
10000,4,"Stukel",23,22360729,0.0031669000002239,3482584,4,4,1,5150,0.515
10000,4,"Stukel",24,22360730,0.00383890000011888,3482584,3,4,1,4980,0.498
10000,4,"Stukel",25,22360731,0.00365960000021914,3482584,3,4,1,5140,0.514
10000,4,"Stukel",26,22360732,0.00221669999996266,3482584,4,4,1,5131,0.5131
10000,4,"Stukel",27,22360733,0.00595510000016475,3482584,4,4,1,5203,0.5203
10000,4,"Stukel",28,22360734,0.00447320000012041,3482584,4,4,1,5074,0.5074
10000,4,"Stukel",29,22360735,0.00531040000009853,3482584,3,4,1,5151,0.5151
10000,4,"Stukel",30,22360736,0.00264100000003964,3482584,3,4,1,5107,0.5107
10000,4,"Tsiatis",1,22360707,0.0389864999999645,8012864,3,NA,NA,5088,0.5088
10000,4,"Tsiatis",2,22360708,0.0267785000003187,8012864,4,NA,NA,5171,0.5171
10000,4,"Tsiatis",3,22360709,0.0226341000002321,8012864,4,NA,NA,5143,0.5143
10000,4,"Tsiatis",4,22360710,0.0447487000001274,8012864,3,NA,NA,5014,0.5014
10000,4,"Tsiatis",5,22360711,0.0265884000000369,8012864,4,NA,NA,5015,0.5015
10000,4,"Tsiatis",6,22360712,0.0200119999999515,8012864,3,NA,NA,5103,0.5103
10000,4,"Tsiatis",7,22360713,0.0411085000002913,8012864,3,NA,NA,5159,0.5159
10000,4,"Tsiatis",8,22360714,0.0309756000001471,8012864,3,NA,NA,5053,0.5053
10000,4,"Tsiatis",9,22360715,0.0424875000001066,8012864,3,NA,NA,4981,0.4981
10000,4,"Tsiatis",10,22360716,0.051353600000084,8012864,3,NA,NA,5046,0.5046
10000,4,"Tsiatis",11,22360717,0.0197319000003517,8012864,4,NA,NA,5106,0.5106
10000,4,"Tsiatis",12,22360718,0.0301414000000477,8012864,3,NA,NA,5020,0.502
10000,4,"Tsiatis",13,22360719,0.0370877000000291,8012864,3,NA,NA,5222,0.5222
10000,4,"Tsiatis",14,22360720,0.0367596000000958,8012864,3,NA,NA,4981,0.4981
10000,4,"Tsiatis",15,22360721,0.0461773000001813,8012864,4,NA,NA,5084,0.5084
10000,4,"Tsiatis",16,22360722,0.028302400000257,8012864,3,NA,NA,5081,0.5081
10000,4,"Tsiatis",17,22360723,0.0296163000002707,8012864,3,NA,NA,5079,0.5079
10000,4,"Tsiatis",18,22360724,0.0447180000001026,8012864,4,NA,NA,5128,0.5128
10000,4,"Tsiatis",19,22360725,0.0291623000000527,8012864,3,NA,NA,5090,0.509
10000,4,"Tsiatis",20,22360726,0.0277238000001034,8012864,4,NA,NA,5135,0.5135
10000,4,"Tsiatis",21,22360727,0.0239225000002534,8012864,3,NA,NA,5143,0.5143
10000,4,"Tsiatis",22,22360728,0.0400019000001066,8012864,3,NA,NA,5061,0.5061
10000,4,"Tsiatis",23,22360729,0.0282960000001822,8012864,4,NA,NA,5150,0.515
10000,4,"Tsiatis",24,22360730,0.0410741000000598,8012864,3,NA,NA,4980,0.498
10000,4,"Tsiatis",25,22360731,0.0385616000000937,8012864,3,NA,NA,5140,0.514
10000,4,"Tsiatis",26,22360732,0.0191459000000123,8012864,4,NA,NA,5131,0.5131
10000,4,"Tsiatis",27,22360733,0.0298621000001731,8012864,4,NA,NA,5203,0.5203
10000,4,"Tsiatis",28,22360734,0.0203738000002431,8012864,4,NA,NA,5074,0.5074
10000,4,"Tsiatis",29,22360735,0.0373322000002645,8012864,3,NA,NA,5151,0.5151
10000,4,"Tsiatis",30,22360736,0.0191076000000976,8012864,3,NA,NA,5107,0.5107
10000,4,"Xie",1,22360707,0.578651700000137,18944584,3,NA,NA,5088,0.5088
10000,4,"Xie",2,22360708,0.508804200000213,18944592,4,NA,NA,5171,0.5171
10000,4,"Xie",3,22360709,0.654940900000156,18944584,4,NA,NA,5143,0.5143
10000,4,"Xie",4,22360710,0.607973199999833,18944584,3,NA,NA,5014,0.5014
10000,4,"Xie",5,22360711,0.622842500000161,18944584,4,NA,NA,5015,0.5015
10000,4,"Xie",6,22360712,0.455233400000225,18944592,3,NA,NA,5103,0.5103
10000,4,"Xie",7,22360713,0.625353599999926,18944600,3,NA,NA,5159,0.5159
10000,4,"Xie",8,22360714,0.568365200000244,18944592,3,NA,NA,5053,0.5053
10000,4,"Xie",9,22360715,0.591360800000075,18944592,3,NA,NA,4981,0.4981
10000,4,"Xie",10,22360716,0.642029200000252,18944584,3,NA,NA,5046,0.5046
10000,4,"Xie",11,22360717,0.417523200000005,18944568,4,NA,NA,5106,0.5106
10000,4,"Xie",12,22360718,0.561980900000208,18944592,3,NA,NA,5020,0.502
10000,4,"Xie",13,22360719,0.642391800000269,18944592,3,NA,NA,5222,0.5222
10000,4,"Xie",14,22360720,0.642474900000025,18944600,3,NA,NA,4981,0.4981
10000,4,"Xie",15,22360721,0.538858899999923,18944592,4,NA,NA,5084,0.5084
10000,4,"Xie",16,22360722,0.435943400000042,18944592,3,NA,NA,5081,0.5081
10000,4,"Xie",17,22360723,0.573674700000083,18944592,3,NA,NA,5079,0.5079
10000,4,"Xie",18,22360724,0.56274899999994,18944600,4,NA,NA,5128,0.5128
10000,4,"Xie",19,22360725,0.630361200000152,18944584,3,NA,NA,5090,0.509
10000,4,"Xie",20,22360726,0.635649500000227,18944584,4,NA,NA,5135,0.5135
10000,4,"Xie",21,22360727,0.455048799999986,18944584,3,NA,NA,5143,0.5143
10000,4,"Xie",22,22360728,0.56667530000027,18944576,3,NA,NA,5061,0.5061
10000,4,"Xie",23,22360729,0.580654900000354,18944592,4,NA,NA,5150,0.515
10000,4,"Xie",24,22360730,0.606710300000032,18944584,3,NA,NA,4980,0.498
10000,4,"Xie",25,22360731,0.542001400000117,18944584,3,NA,NA,5140,0.514
10000,4,"Xie",26,22360732,0.385696300000063,18944584,4,NA,NA,5131,0.5131
10000,4,"Xie",27,22360733,0.585904500000197,18944584,4,NA,NA,5203,0.5203
10000,4,"Xie",28,22360734,0.572493800000302,18944584,4,NA,NA,5074,0.5074
10000,4,"Xie",29,22360735,0.666568200000029,18944584,3,NA,NA,5151,0.5151
10000,4,"Xie",30,22360736,0.432881700000053,18944584,3,NA,NA,5107,0.5107
10000,4,"Pulkstenis-Robinson",1,22360707,0.0107750000001943,4152104,3,NA,NA,5088,0.5088
10000,4,"Pulkstenis-Robinson",2,22360708,0.00939979999998286,4152104,4,NA,NA,5171,0.5171
10000,4,"Pulkstenis-Robinson",3,22360709,0.00908750000007785,4152104,4,NA,NA,5143,0.5143
10000,4,"Pulkstenis-Robinson",4,22360710,0.0124760000001061,4152104,3,NA,NA,5014,0.5014
10000,4,"Pulkstenis-Robinson",5,22360711,0.01182370000015,4152040,4,NA,NA,5015,0.5015
10000,4,"Pulkstenis-Robinson",6,22360712,0.00847459999999955,4152104,3,NA,NA,5103,0.5103
10000,4,"Pulkstenis-Robinson",7,22360713,0.0083618999999544,4152104,3,NA,NA,5159,0.5159
10000,4,"Pulkstenis-Robinson",8,22360714,0.0133332000000337,4152104,3,NA,NA,5053,0.5053
10000,4,"Pulkstenis-Robinson",9,22360715,0.0113763000001654,4152104,3,NA,NA,4981,0.4981
10000,4,"Pulkstenis-Robinson",10,22360716,0.00903180000000248,4152104,3,NA,NA,5046,0.5046
10000,4,"Pulkstenis-Robinson",11,22360717,0.00884650000011789,4152104,4,NA,NA,5106,0.5106
10000,4,"Pulkstenis-Robinson",12,22360718,0.0205475000000206,4152040,3,NA,NA,5020,0.502
10000,4,"Pulkstenis-Robinson",13,22360719,0.0115236999999979,4152104,3,NA,NA,5222,0.5222
10000,4,"Pulkstenis-Robinson",14,22360720,0.01117760000011,4152040,3,NA,NA,4981,0.4981
10000,4,"Pulkstenis-Robinson",15,22360721,0.0108761000001323,4152040,4,NA,NA,5084,0.5084
10000,4,"Pulkstenis-Robinson",16,22360722,0.00838009999984024,4152104,3,NA,NA,5081,0.5081
10000,4,"Pulkstenis-Robinson",17,22360723,0.0128736000001481,4152104,3,NA,NA,5079,0.5079
10000,4,"Pulkstenis-Robinson",18,22360724,0.012020800000073,4152040,4,NA,NA,5128,0.5128
10000,4,"Pulkstenis-Robinson",19,22360725,0.0140295000001061,4152104,3,NA,NA,5090,0.509
10000,4,"Pulkstenis-Robinson",20,22360726,0.00914909999983138,4152104,4,NA,NA,5135,0.5135
10000,4,"Pulkstenis-Robinson",21,22360727,0.00866040000005341,4152104,3,NA,NA,5143,0.5143
10000,4,"Pulkstenis-Robinson",22,22360728,0.0100757000002432,4152040,3,NA,NA,5061,0.5061
10000,4,"Pulkstenis-Robinson",23,22360729,0.0136529000001246,4152040,4,NA,NA,5150,0.515
10000,4,"Pulkstenis-Robinson",24,22360730,0.00989350000008926,4152104,3,NA,NA,4980,0.498
10000,4,"Pulkstenis-Robinson",25,22360731,0.011720600000217,4152040,3,NA,NA,5140,0.514
10000,4,"Pulkstenis-Robinson",26,22360732,0.00978330000020833,4152104,4,NA,NA,5131,0.5131
10000,4,"Pulkstenis-Robinson",27,22360733,0.0100350000002436,4152104,4,NA,NA,5203,0.5203
10000,4,"Pulkstenis-Robinson",28,22360734,0.0196929000001091,4152104,4,NA,NA,5074,0.5074
10000,4,"Pulkstenis-Robinson",29,22360735,0.00938969999992878,4152104,3,NA,NA,5151,0.5151
10000,4,"Pulkstenis-Robinson",30,22360736,0.00791210000011233,4152104,3,NA,NA,5107,0.5107
10000,4,"glm_fit",1,22360707,0.0306210000001101,16545760,3,NA,NA,5088,0.5088
10000,4,"glm_fit",2,22360708,0.0240075000001525,20268664,4,NA,NA,5171,0.5171
10000,4,"glm_fit",3,22360709,0.0256045000000995,20268664,4,NA,NA,5143,0.5143
10000,4,"glm_fit",4,22360710,0.030670900000132,16545760,3,NA,NA,5014,0.5014
10000,4,"glm_fit",5,22360711,0.024928300000056,20268664,4,NA,NA,5015,0.5015
10000,4,"glm_fit",6,22360712,0.0193460000000414,16545760,3,NA,NA,5103,0.5103
10000,4,"glm_fit",7,22360713,0.0274274000000787,16545760,3,NA,NA,5159,0.5159
10000,4,"glm_fit",8,22360714,0.0374047000000246,16545760,3,NA,NA,5053,0.5053
10000,4,"glm_fit",9,22360715,0.0338243000003331,16545760,3,NA,NA,4981,0.4981
10000,4,"glm_fit",10,22360716,0.0246013000000858,16545760,3,NA,NA,5046,0.5046
10000,4,"glm_fit",11,22360717,0.0249721000000136,20268664,4,NA,NA,5106,0.5106
10000,4,"glm_fit",12,22360718,0.024849800000311,16545760,3,NA,NA,5020,0.502
10000,4,"glm_fit",13,22360719,0.0193944000002375,16545760,3,NA,NA,5222,0.5222
10000,4,"glm_fit",14,22360720,0.0210432000001219,16545760,3,NA,NA,4981,0.4981
10000,4,"glm_fit",15,22360721,0.0350192000003062,20268664,4,NA,NA,5084,0.5084
10000,4,"glm_fit",16,22360722,0.0167805000003227,16545760,3,NA,NA,5081,0.5081
10000,4,"glm_fit",17,22360723,0.0296824000001834,16545760,3,NA,NA,5079,0.5079
10000,4,"glm_fit",18,22360724,0.0323180000002594,20268664,4,NA,NA,5128,0.5128
10000,4,"glm_fit",19,22360725,0.0373715000002903,16545760,3,NA,NA,5090,0.509
10000,4,"glm_fit",20,22360726,0.0303907000002255,20268664,4,NA,NA,5135,0.5135
10000,4,"glm_fit",21,22360727,0.0161097000002428,16545760,3,NA,NA,5143,0.5143
10000,4,"glm_fit",22,22360728,0.0185192000003553,16545760,3,NA,NA,5061,0.5061
10000,4,"glm_fit",23,22360729,0.0309128000001238,20268664,4,NA,NA,5150,0.515
10000,4,"glm_fit",24,22360730,0.0277573000000757,16545760,3,NA,NA,4980,0.498
10000,4,"glm_fit",25,22360731,0.0234670000002097,16545760,3,NA,NA,5140,0.514
10000,4,"glm_fit",26,22360732,0.02288939999994,20268664,4,NA,NA,5131,0.5131
10000,4,"glm_fit",27,22360733,0.0345312000001741,20268664,4,NA,NA,5203,0.5203
10000,4,"glm_fit",28,22360734,0.0277048000002651,20268664,4,NA,NA,5074,0.5074
10000,4,"glm_fit",29,22360735,0.0266174000000774,16545760,3,NA,NA,5151,0.5151
10000,4,"glm_fit",30,22360736,0.0198067000001174,16545760,3,NA,NA,5107,0.5107
10000,8,"DEF.poly3",1,22460707,0.0268177000000378,5835496,3,NA,NA,5124,0.5124
10000,8,"DEF.poly3",2,22460708,0.0176448000001983,5835472,4,NA,NA,5029,0.5029
10000,8,"DEF.poly3",3,22460709,0.0313019000002441,5835472,4,NA,NA,5139,0.5139
10000,8,"DEF.poly3",4,22460710,0.0222992000001341,5835472,3,NA,NA,5057,0.5057
10000,8,"DEF.poly3",5,22460711,0.0237890000003063,5835472,3,NA,NA,5083,0.5083
10000,8,"DEF.poly3",6,22460712,0.0168059000002359,5835472,4,NA,NA,5076,0.5076
10000,8,"DEF.poly3",7,22460713,0.0315356000000975,5835472,4,NA,NA,5147,0.5147
10000,8,"DEF.poly3",8,22460714,0.0240132000001267,5835472,4,NA,NA,5094,0.5094
10000,8,"DEF.poly3",9,22460715,0.0304680000001554,5835472,3,NA,NA,5155,0.5155
10000,8,"DEF.poly3",10,22460716,0.024846400000115,5835472,4,NA,NA,4990,0.499
10000,8,"DEF.poly3",11,22460717,0.017267400000037,5835472,3,NA,NA,5047,0.5047
10000,8,"DEF.poly3",12,22460718,0.0249582000001283,5835472,3,NA,NA,5078,0.5078
10000,8,"DEF.poly3",13,22460719,0.0384054000001015,5835472,3,NA,NA,5212,0.5212
10000,8,"DEF.poly3",14,22460720,0.0331628999999793,5835472,3,NA,NA,5110,0.511
10000,8,"DEF.poly3",15,22460721,0.0228165000003173,5835496,3,NA,NA,5156,0.5156
10000,8,"DEF.poly3",16,22460722,0.0190851999998358,5835472,3,NA,NA,5054,0.5054
10000,8,"DEF.poly3",17,22460723,0.149886700000025,5835472,3,NA,NA,5108,0.5108
10000,8,"DEF.poly3",18,22460724,0.0387568000001011,5835472,3,NA,NA,5114,0.5114
10000,8,"DEF.poly3",19,22460725,0.0222011000000748,5835472,4,NA,NA,5039,0.5039
10000,8,"DEF.poly3",20,22460726,0.0270719000002373,5835496,3,NA,NA,5024,0.5024
10000,8,"DEF.poly3",21,22460727,0.0165198000001965,5835472,4,NA,NA,5128,0.5128
10000,8,"DEF.poly3",22,22460728,0.0250122000002193,5835472,4,NA,NA,5035,0.5035
10000,8,"DEF.poly3",23,22460729,0.0246449000001121,5835496,3,NA,NA,5153,0.5153
10000,8,"DEF.poly3",24,22460730,0.024907100000064,5835472,4,NA,NA,5165,0.5165
10000,8,"DEF.poly3",25,22460731,0.0230943000001389,5835472,3,NA,NA,5100,0.51
10000,8,"DEF.poly3",26,22460732,0.0157410000001619,5835472,4,NA,NA,5171,0.5171
10000,8,"DEF.poly3",27,22460733,0.0245905000001585,5835472,3,NA,NA,5030,0.503
10000,8,"DEF.poly3",28,22460734,0.0241046000001006,5835472,3,NA,NA,5065,0.5065
10000,8,"DEF.poly3",29,22460735,0.0259081000001515,5835472,3,NA,NA,5100,0.51
10000,8,"DEF.poly3",30,22460736,0.0192359000002398,5835496,3,NA,NA,5061,0.5061
10000,8,"DEF.stukel",1,22460707,0.0326679000002059,5828568,3,NA,NA,5124,0.5124
10000,8,"DEF.stukel",2,22460708,0.0163919000001442,5828568,4,NA,NA,5029,0.5029
10000,8,"DEF.stukel",3,22460709,0.0342749000001277,5828568,4,NA,NA,5139,0.5139
10000,8,"DEF.stukel",4,22460710,0.0247847000002821,5828568,3,NA,NA,5057,0.5057
10000,8,"DEF.stukel",5,22460711,0.0274699999999939,5828568,3,NA,NA,5083,0.5083
10000,8,"DEF.stukel",6,22460712,0.0163744000001316,5828568,4,NA,NA,5076,0.5076
10000,8,"DEF.stukel",7,22460713,0.0478784000001724,5828568,4,NA,NA,5147,0.5147
10000,8,"DEF.stukel",8,22460714,0.0244519000002583,5828568,4,NA,NA,5094,0.5094
10000,8,"DEF.stukel",9,22460715,0.0221998000001804,5828568,3,NA,NA,5155,0.5155
10000,8,"DEF.stukel",10,22460716,0.024139500000274,5828568,4,NA,NA,4990,0.499
10000,8,"DEF.stukel",11,22460717,0.0163975000002665,5828568,3,NA,NA,5047,0.5047
10000,8,"DEF.stukel",12,22460718,0.0326592999999775,5828568,3,NA,NA,5078,0.5078
10000,8,"DEF.stukel",13,22460719,0.0279275000002599,5828568,3,NA,NA,5212,0.5212
10000,8,"DEF.stukel",14,22460720,0.023977000000059,5828568,3,NA,NA,5110,0.511
10000,8,"DEF.stukel",15,22460721,0.0225794000000406,5828568,3,NA,NA,5156,0.5156
10000,8,"DEF.stukel",16,22460722,0.0158019999998942,5828568,3,NA,NA,5054,0.5054
10000,8,"DEF.stukel",17,22460723,0.0246394000000691,5828568,3,NA,NA,5108,0.5108
10000,8,"DEF.stukel",18,22460724,0.0253868000002058,5828568,3,NA,NA,5114,0.5114
10000,8,"DEF.stukel",19,22460725,0.0248664000000645,5828568,4,NA,NA,5039,0.5039
10000,8,"DEF.stukel",20,22460726,0.0270733999998356,5828568,3,NA,NA,5024,0.5024
10000,8,"DEF.stukel",21,22460727,0.015321300000096,5828568,4,NA,NA,5128,0.5128
10000,8,"DEF.stukel",22,22460728,0.0303017999999611,5828568,4,NA,NA,5035,0.5035
10000,8,"DEF.stukel",23,22460729,0.0247821000000386,5828568,3,NA,NA,5153,0.5153
10000,8,"DEF.stukel",24,22460730,0.0301318000001629,5828568,4,NA,NA,5165,0.5165
10000,8,"DEF.stukel",25,22460731,0.0213825000000725,5828568,3,NA,NA,5100,0.51
10000,8,"DEF.stukel",26,22460732,0.0156483000000662,5828568,4,NA,NA,5171,0.5171
10000,8,"DEF.stukel",27,22460733,0.0267791000001125,5828568,3,NA,NA,5030,0.503
10000,8,"DEF.stukel",28,22460734,0.0253156000001127,5828568,3,NA,NA,5065,0.5065
10000,8,"DEF.stukel",29,22460735,0.0346224000002167,5828568,3,NA,NA,5100,0.51
10000,8,"DEF.stukel",30,22460736,0.0160423000002083,5828568,3,NA,NA,5061,0.5061
10000,8,"EF",1,22460707,0.00661200000013196,2997512,3,NA,NA,5124,0.5124
10000,8,"EF",2,22460708,0.00401590000024044,2997512,4,NA,NA,5029,0.5029
10000,8,"EF",3,22460709,0.00735350000013568,2997512,4,NA,NA,5139,0.5139
10000,8,"EF",4,22460710,0.00543260000017654,2997512,3,NA,NA,5057,0.5057
10000,8,"EF",5,22460711,0.00906470000018089,2997512,3,NA,NA,5083,0.5083
10000,8,"EF",6,22460712,0.00861810000014884,2997512,4,NA,NA,5076,0.5076
10000,8,"EF",7,22460713,0.00622800000019197,2997512,4,NA,NA,5147,0.5147
10000,8,"EF",8,22460714,0.00625380000019504,2997512,4,NA,NA,5094,0.5094
10000,8,"EF",9,22460715,0.00653870000019197,2997512,3,NA,NA,5155,0.5155
10000,8,"EF",10,22460716,0.0114845000002788,2997512,4,NA,NA,4990,0.499
10000,8,"EF",11,22460717,0.00365950000013981,2997512,3,NA,NA,5047,0.5047
10000,8,"EF",12,22460718,0.0135259999999562,2997512,3,NA,NA,5078,0.5078
10000,8,"EF",13,22460719,0.00647249999997257,2997512,3,NA,NA,5212,0.5212
10000,8,"EF",14,22460720,0.00588010000001304,2997512,3,NA,NA,5110,0.511
10000,8,"EF",15,22460721,0.00620140000000902,2997512,3,NA,NA,5156,0.5156
10000,8,"EF",16,22460722,0.00313760000017282,2997512,3,NA,NA,5054,0.5054
10000,8,"EF",17,22460723,0.00563400000010006,2997512,3,NA,NA,5108,0.5108
10000,8,"EF",18,22460724,0.00675590000014381,2997512,3,NA,NA,5114,0.5114
10000,8,"EF",19,22460725,0.00608260000012706,2997512,4,NA,NA,5039,0.5039
10000,8,"EF",20,22460726,0.00682430000006207,2997512,3,NA,NA,5024,0.5024
10000,8,"EF",21,22460727,0.00325729999985924,2997512,4,NA,NA,5128,0.5128
10000,8,"EF",22,22460728,0.0212790000000496,2997512,4,NA,NA,5035,0.5035
10000,8,"EF",23,22460729,0.0145760000000337,2997512,3,NA,NA,5153,0.5153
10000,8,"EF",24,22460730,0.00720010000009097,2997512,4,NA,NA,5165,0.5165
10000,8,"EF",25,22460731,0.00907630000006066,2997512,3,NA,NA,5100,0.51
10000,8,"EF",26,22460732,0.00312690000009752,2997512,4,NA,NA,5171,0.5171
10000,8,"EF",27,22460733,0.00571620000005169,2997512,3,NA,NA,5030,0.503
10000,8,"EF",28,22460734,0.00587710000013431,2997512,3,NA,NA,5065,0.5065
10000,8,"EF",29,22460735,0.00558950000004188,2997512,3,NA,NA,5100,0.51
10000,8,"EF",30,22460736,0.00363720000018475,2997512,3,NA,NA,5061,0.5061
10000,8,"HL",1,22460707,0.0174931999999899,2414848,3,NA,NA,5124,0.5124
10000,8,"HL",2,22460708,0.0129586000000472,2414848,4,NA,NA,5029,0.5029
10000,8,"HL",3,22460709,0.0277849999999944,2414848,4,NA,NA,5139,0.5139
10000,8,"HL",4,22460710,0.0170280000002094,2414848,3,NA,NA,5057,0.5057
10000,8,"HL",5,22460711,0.0194169000001239,2414848,3,NA,NA,5083,0.5083
10000,8,"HL",6,22460712,0.013296500000024,2414848,4,NA,NA,5076,0.5076
10000,8,"HL",7,22460713,0.0171509000001606,2414848,4,NA,NA,5147,0.5147
10000,8,"HL",8,22460714,0.022311700000273,2414848,4,NA,NA,5094,0.5094
10000,8,"HL",9,22460715,0.0172001000000819,2414848,3,NA,NA,5155,0.5155
10000,8,"HL",10,22460716,0.0174785000001521,2414848,4,NA,NA,4990,0.499
10000,8,"HL",11,22460717,0.0132403000000068,2414848,3,NA,NA,5047,0.5047
10000,8,"HL",12,22460718,0.0195046999999704,2414848,3,NA,NA,5078,0.5078
10000,8,"HL",13,22460719,0.0213566000002174,2414848,3,NA,NA,5212,0.5212
10000,8,"HL",14,22460720,0.0181198000000222,2414848,3,NA,NA,5110,0.511
10000,8,"HL",15,22460721,0.0181097000001955,2414848,3,NA,NA,5156,0.5156
10000,8,"HL",16,22460722,0.0152333000000908,2414848,3,NA,NA,5054,0.5054
10000,8,"HL",17,22460723,0.0188188000001901,2414848,3,NA,NA,5108,0.5108
10000,8,"HL",18,22460724,0.01741230000016,2414848,3,NA,NA,5114,0.5114
10000,8,"HL",19,22460725,0.0189410000000407,2414848,4,NA,NA,5039,0.5039
10000,8,"HL",20,22460726,0.0205081000001428,2414848,3,NA,NA,5024,0.5024
10000,8,"HL",21,22460727,0.0122037000001001,2414848,4,NA,NA,5128,0.5128
10000,8,"HL",22,22460728,0.0179039000001922,2414848,4,NA,NA,5035,0.5035
10000,8,"HL",23,22460729,0.0186144000001605,2414848,3,NA,NA,5153,0.5153
10000,8,"HL",24,22460730,0.0182730000001357,2414848,4,NA,NA,5165,0.5165
10000,8,"HL",25,22460731,0.0175788000001376,2414848,3,NA,NA,5100,0.51
10000,8,"HL",26,22460732,0.01548200000002,2414848,4,NA,NA,5171,0.5171
10000,8,"HL",27,22460733,0.0201175000001967,2414848,3,NA,NA,5030,0.503
10000,8,"HL",28,22460734,0.0180758000001333,2414848,3,NA,NA,5065,0.5065
10000,8,"HL",29,22460735,0.0181955000002745,2414848,3,NA,NA,5100,0.51
10000,8,"HL",30,22460736,0.0132406000000174,2414848,3,NA,NA,5061,0.5061
10000,8,"Pigeon-Heyse",1,22460707,0.00475870000013856,2467792,3,NA,NA,5124,0.5124
10000,8,"Pigeon-Heyse",2,22460708,0.00343710000015562,2467792,4,NA,NA,5029,0.5029
10000,8,"Pigeon-Heyse",3,22460709,0.00575350000008257,2467792,4,NA,NA,5139,0.5139
10000,8,"Pigeon-Heyse",4,22460710,0.00556580000034046,2467792,3,NA,NA,5057,0.5057
10000,8,"Pigeon-Heyse",5,22460711,0.00613230000021758,2467792,3,NA,NA,5083,0.5083
10000,8,"Pigeon-Heyse",6,22460712,0.00419390000024578,2467792,4,NA,NA,5076,0.5076
10000,8,"Pigeon-Heyse",7,22460713,0.0050381000003199,2467792,4,NA,NA,5147,0.5147
10000,8,"Pigeon-Heyse",8,22460714,0.00550310000016907,2467792,4,NA,NA,5094,0.5094
10000,8,"Pigeon-Heyse",9,22460715,0.00846500000011474,2467792,3,NA,NA,5155,0.5155
10000,8,"Pigeon-Heyse",10,22460716,0.00486370000021452,2467792,4,NA,NA,4990,0.499
10000,8,"Pigeon-Heyse",11,22460717,0.0030076000000463,2467792,3,NA,NA,5047,0.5047
10000,8,"Pigeon-Heyse",12,22460718,0.00584790000016255,2467792,3,NA,NA,5078,0.5078
10000,8,"Pigeon-Heyse",13,22460719,0.00473480000027848,2467792,3,NA,NA,5212,0.5212
10000,8,"Pigeon-Heyse",14,22460720,0.00534820000029868,2467792,3,NA,NA,5110,0.511
10000,8,"Pigeon-Heyse",15,22460721,0.00510119999989911,2467792,3,NA,NA,5156,0.5156
10000,8,"Pigeon-Heyse",16,22460722,0.00314360000015768,2467792,3,NA,NA,5054,0.5054
10000,8,"Pigeon-Heyse",17,22460723,0.0104281000001265,2467792,3,NA,NA,5108,0.5108
10000,8,"Pigeon-Heyse",18,22460724,0.00625060000015765,2467792,3,NA,NA,5114,0.5114
10000,8,"Pigeon-Heyse",19,22460725,0.0047108000001117,2467792,4,NA,NA,5039,0.5039
10000,8,"Pigeon-Heyse",20,22460726,0.00643250000007356,2467792,3,NA,NA,5024,0.5024
10000,8,"Pigeon-Heyse",21,22460727,0.00336680000032175,2467792,4,NA,NA,5128,0.5128
10000,8,"Pigeon-Heyse",22,22460728,0.00545570000031148,2467792,4,NA,NA,5035,0.5035
10000,8,"Pigeon-Heyse",23,22460729,0.00701660000004267,2467792,3,NA,NA,5153,0.5153
10000,8,"Pigeon-Heyse",24,22460730,0.0126184000000649,2467792,4,NA,NA,5165,0.5165
10000,8,"Pigeon-Heyse",25,22460731,0.00516140000013365,2467792,3,NA,NA,5100,0.51
10000,8,"Pigeon-Heyse",26,22460732,0.00402820000022075,2467792,4,NA,NA,5171,0.5171
10000,8,"Pigeon-Heyse",27,22460733,0.00750200000015866,2467792,3,NA,NA,5030,0.503
10000,8,"Pigeon-Heyse",28,22460734,0.00565290000008645,2467792,3,NA,NA,5065,0.5065
10000,8,"Pigeon-Heyse",29,22460735,0.00426150000021153,2467792,3,NA,NA,5100,0.51
10000,8,"Pigeon-Heyse",30,22460736,0.01131740000028,2467792,3,NA,NA,5061,0.5061
10000,8,"Osius-Rojek",1,22460707,0.00423850000015591,3762592,3,NA,NA,5124,0.5124
10000,8,"Osius-Rojek",2,22460708,0.00263150000000678,3762592,4,NA,NA,5029,0.5029
10000,8,"Osius-Rojek",3,22460709,0.00575100000014572,3762592,4,NA,NA,5139,0.5139
10000,8,"Osius-Rojek",4,22460710,0.00457930000015949,3762592,3,NA,NA,5057,0.5057
10000,8,"Osius-Rojek",5,22460711,0.00656850000018494,3762592,3,NA,NA,5083,0.5083
10000,8,"Osius-Rojek",6,22460712,0.00392110000007051,3762592,4,NA,NA,5076,0.5076
10000,8,"Osius-Rojek",7,22460713,0.00506110000014814,3762592,4,NA,NA,5147,0.5147
10000,8,"Osius-Rojek",8,22460714,0.0127474000000802,3762592,4,NA,NA,5094,0.5094
10000,8,"Osius-Rojek",9,22460715,0.00516000000015993,3762592,3,NA,NA,5155,0.5155
10000,8,"Osius-Rojek",10,22460716,0.00467079999998532,3762592,4,NA,NA,4990,0.499
10000,8,"Osius-Rojek",11,22460717,0.00275460000011662,3762592,3,NA,NA,5047,0.5047
10000,8,"Osius-Rojek",12,22460718,0.00710900000012771,3762592,3,NA,NA,5078,0.5078
10000,8,"Osius-Rojek",13,22460719,0.00403980000010051,3762592,3,NA,NA,5212,0.5212
10000,8,"Osius-Rojek",14,22460720,0.00415080000016133,3762592,3,NA,NA,5110,0.511
10000,8,"Osius-Rojek",15,22460721,0.00652280000008432,3762592,3,NA,NA,5156,0.5156
10000,8,"Osius-Rojek",16,22460722,0.00307710000015504,3762592,3,NA,NA,5054,0.5054
10000,8,"Osius-Rojek",17,22460723,0.00563469999997324,3762592,3,NA,NA,5108,0.5108
10000,8,"Osius-Rojek",18,22460724,0.0187800000001062,3762592,3,NA,NA,5114,0.5114
10000,8,"Osius-Rojek",19,22460725,0.00518570000008367,3762592,4,NA,NA,5039,0.5039
10000,8,"Osius-Rojek",20,22460726,0.00686139999993429,3762592,3,NA,NA,5024,0.5024
10000,8,"Osius-Rojek",21,22460727,0.0031986000001325,3762592,4,NA,NA,5128,0.5128
10000,8,"Osius-Rojek",22,22460728,0.00458630000002813,3762592,4,NA,NA,5035,0.5035
10000,8,"Osius-Rojek",23,22460729,0.00434900000027483,3762592,3,NA,NA,5153,0.5153
10000,8,"Osius-Rojek",24,22460730,0.00428430000010849,3762592,4,NA,NA,5165,0.5165
10000,8,"Osius-Rojek",25,22460731,0.0057317000000694,3762592,3,NA,NA,5100,0.51
10000,8,"Osius-Rojek",26,22460732,0.0027282000003197,3762592,4,NA,NA,5171,0.5171
10000,8,"Osius-Rojek",27,22460733,0.004696899999999,3762592,3,NA,NA,5030,0.503
10000,8,"Osius-Rojek",28,22460734,0.00776450000012119,3762592,3,NA,NA,5065,0.5065
10000,8,"Osius-Rojek",29,22460735,0.00412650000021131,3762592,3,NA,NA,5100,0.51
10000,8,"Osius-Rojek",30,22460736,0.00317380000024059,3762592,3,NA,NA,5061,0.5061
10000,8,"Stukel",1,22460707,0.00468320000004496,4442856,3,4,1,5124,0.5124
10000,8,"Stukel",2,22460708,0.00317280000012943,4442856,4,4,1,5029,0.5029
10000,8,"Stukel",3,22460709,0.00427890000014486,4442856,4,4,1,5139,0.5139
10000,8,"Stukel",4,22460710,0.00450480000017706,4442856,3,4,1,5057,0.5057
10000,8,"Stukel",5,22460711,0.00482460000011997,4442856,3,4,1,5083,0.5083
10000,8,"Stukel",6,22460712,0.0030957999997554,4442856,4,4,1,5076,0.5076
10000,8,"Stukel",7,22460713,0.00581040000020039,4442856,4,4,1,5147,0.5147
10000,8,"Stukel",8,22460714,0.00545870000019022,4442856,4,4,1,5094,0.5094
10000,8,"Stukel",9,22460715,0.00440280000020721,4442856,3,4,1,5155,0.5155
10000,8,"Stukel",10,22460716,0.0130996000000323,4442856,4,4,1,4990,0.499
10000,8,"Stukel",11,22460717,0.00266929999997956,4442856,3,4,1,5047,0.5047
10000,8,"Stukel",12,22460718,0.00507430000016029,4442856,3,4,1,5078,0.5078
10000,8,"Stukel",13,22460719,0.00408030000016879,4442856,3,4,1,5212,0.5212
10000,8,"Stukel",14,22460720,0.00446790000023611,4442856,3,4,1,5110,0.511
10000,8,"Stukel",15,22460721,0.00473330000022543,4442856,3,4,1,5156,0.5156
10000,8,"Stukel",16,22460722,0.00708940000026814,4442856,3,4,1,5054,0.5054
10000,8,"Stukel",17,22460723,0.00552520000019285,4442856,3,4,1,5108,0.5108
10000,8,"Stukel",18,22460724,0.00469110000017281,4442856,3,4,1,5114,0.5114
10000,8,"Stukel",19,22460725,0.0043265000001611,4442856,4,4,1,5039,0.5039
10000,8,"Stukel",20,22460726,0.0118808000001991,4442856,3,4,1,5024,0.5024
10000,8,"Stukel",21,22460727,0.00266220000003159,4442856,4,4,1,5128,0.5128
10000,8,"Stukel",22,22460728,0.0112613000001147,4442856,4,4,1,5035,0.5035
10000,8,"Stukel",23,22460729,0.00764240000012251,4442856,3,4,1,5153,0.5153
10000,8,"Stukel",24,22460730,0.0051917000002959,4442856,4,4,1,5165,0.5165
10000,8,"Stukel",25,22460731,0.00442690000022594,4442856,3,4,1,5100,0.51
10000,8,"Stukel",26,22460732,0.00266069999997853,4442856,4,4,1,5171,0.5171
10000,8,"Stukel",27,22460733,0.00457700000015393,4442856,3,4,1,5030,0.503
10000,8,"Stukel",28,22460734,0.00587570000016058,4442856,3,4,1,5065,0.5065
10000,8,"Stukel",29,22460735,0.0046087000002899,4442856,3,4,1,5100,0.51
10000,8,"Stukel",30,22460736,0.0028567000001658,4442856,3,4,1,5061,0.5061
10000,8,"Tsiatis",1,22460707,0.0677605000003041,10263952,3,NA,NA,5124,0.5124
10000,8,"Tsiatis",2,22460708,0.0640171000002283,10263952,4,NA,NA,5029,0.5029
10000,8,"Tsiatis",3,22460709,0.0857788999999229,10263952,4,NA,NA,5139,0.5139
10000,8,"Tsiatis",4,22460710,0.0829158000003645,10263952,3,NA,NA,5057,0.5057
10000,8,"Tsiatis",5,22460711,0.0629243000003044,10263952,3,NA,NA,5083,0.5083
10000,8,"Tsiatis",6,22460712,0.0539785000000848,10263952,4,NA,NA,5076,0.5076
10000,8,"Tsiatis",7,22460713,0.062222600000041,10263952,4,NA,NA,5147,0.5147
10000,8,"Tsiatis",8,22460714,0.0942598000001453,10263952,4,NA,NA,5094,0.5094
10000,8,"Tsiatis",9,22460715,0.053487000000132,10263952,3,NA,NA,5155,0.5155
10000,8,"Tsiatis",10,22460716,0.0666994000002887,10263952,4,NA,NA,4990,0.499
10000,8,"Tsiatis",11,22460717,0.0469107999999778,10263952,3,NA,NA,5047,0.5047
10000,8,"Tsiatis",12,22460718,0.0755590000001121,10263952,3,NA,NA,5078,0.5078
10000,8,"Tsiatis",13,22460719,0.085642400000097,10263952,3,NA,NA,5212,0.5212
10000,8,"Tsiatis",14,22460720,0.0719160000001011,10263952,3,NA,NA,5110,0.511
10000,8,"Tsiatis",15,22460721,0.0506506000001536,10263952,3,NA,NA,5156,0.5156
10000,8,"Tsiatis",16,22460722,0.048987200000056,10263952,3,NA,NA,5054,0.5054
10000,8,"Tsiatis",17,22460723,0.0741792000001169,10263952,3,NA,NA,5108,0.5108
10000,8,"Tsiatis",18,22460724,0.0858989000000747,10263952,3,NA,NA,5114,0.5114
10000,8,"Tsiatis",19,22460725,0.0960164000000532,10263952,4,NA,NA,5039,0.5039
10000,8,"Tsiatis",20,22460726,0.097757700000102,10263952,3,NA,NA,5024,0.5024
10000,8,"Tsiatis",21,22460727,0.0615075000000616,10263952,4,NA,NA,5128,0.5128
10000,8,"Tsiatis",22,22460728,0.0932473000002574,10263952,4,NA,NA,5035,0.5035
10000,8,"Tsiatis",23,22460729,0.0898354000000836,10263952,3,NA,NA,5153,0.5153
10000,8,"Tsiatis",24,22460730,0.0840350000000853,10263952,4,NA,NA,5165,0.5165
10000,8,"Tsiatis",25,22460731,0.0702526000002308,10263952,3,NA,NA,5100,0.51
10000,8,"Tsiatis",26,22460732,0.0247942000000876,10263952,4,NA,NA,5171,0.5171
10000,8,"Tsiatis",27,22460733,0.0540534000001571,10263952,3,NA,NA,5030,0.503
10000,8,"Tsiatis",28,22460734,0.0746584000003168,10263952,3,NA,NA,5065,0.5065
10000,8,"Tsiatis",29,22460735,0.0993485000001328,10263952,3,NA,NA,5100,0.51
10000,8,"Tsiatis",30,22460736,0.0418878999998924,10263952,3,NA,NA,5061,0.5061
10000,8,"Xie",1,22460707,1.66621789999999,29527176,3,NA,NA,5124,0.5124
10000,8,"Xie",2,22460708,1.23607400000014,29527176,4,NA,NA,5029,0.5029
10000,8,"Xie",3,22460709,1.69128290000003,29527184,4,NA,NA,5139,0.5139
10000,8,"Xie",4,22460710,1.51512790000015,29527184,3,NA,NA,5057,0.5057
10000,8,"Xie",5,22460711,1.65343910000001,29527176,3,NA,NA,5083,0.5083
10000,8,"Xie",6,22460712,1.31226900000001,29527184,4,NA,NA,5076,0.5076
10000,8,"Xie",7,22460713,1.55931420000024,29527192,4,NA,NA,5147,0.5147
10000,8,"Xie",8,22460714,1.58167030000027,29527184,4,NA,NA,5094,0.5094
10000,8,"Xie",9,22460715,1.56330720000005,29527168,3,NA,NA,5155,0.5155
10000,8,"Xie",10,22460716,1.65971810000019,29527192,4,NA,NA,4990,0.499
10000,8,"Xie",11,22460717,1.29262730000005,29527184,3,NA,NA,5047,0.5047
10000,8,"Xie",12,22460718,1.62783760000002,29527200,3,NA,NA,5078,0.5078
10000,8,"Xie",13,22460719,1.6641532000001,29527192,3,NA,NA,5212,0.5212
10000,8,"Xie",14,22460720,1.61915540000018,29527176,3,NA,NA,5110,0.511
10000,8,"Xie",15,22460721,1.56343590000006,29527184,3,NA,NA,5156,0.5156
10000,8,"Xie",16,22460722,1.3000998,29527184,3,NA,NA,5054,0.5054
10000,8,"Xie",17,22460723,1.57614779999994,29527192,3,NA,NA,5108,0.5108
10000,8,"Xie",18,22460724,1.60806339999999,29527184,3,NA,NA,5114,0.5114
10000,8,"Xie",19,22460725,1.59106750000001,29527184,4,NA,NA,5039,0.5039
10000,8,"Xie",20,22460726,1.60492000000022,29527192,3,NA,NA,5024,0.5024
10000,8,"Xie",21,22460727,1.22418930000003,29527176,4,NA,NA,5128,0.5128
10000,8,"Xie",22,22460728,1.6463060000001,29527184,4,NA,NA,5035,0.5035
10000,8,"Xie",23,22460729,1.63418480000018,29527192,3,NA,NA,5153,0.5153
10000,8,"Xie",24,22460730,1.5351555000002,29527184,4,NA,NA,5165,0.5165
10000,8,"Xie",25,22460731,1.56308230000013,29527192,3,NA,NA,5100,0.51
10000,8,"Xie",26,22460732,1.29148740000005,29527184,4,NA,NA,5171,0.5171
10000,8,"Xie",27,22460733,1.59257780000007,29527192,3,NA,NA,5030,0.503
10000,8,"Xie",28,22460734,1.63001750000012,29527184,3,NA,NA,5065,0.5065
10000,8,"Xie",29,22460735,1.62838310000029,29527176,3,NA,NA,5100,0.51
10000,8,"Xie",30,22460736,1.2070804,29527184,3,NA,NA,5061,0.5061
10000,8,"Pulkstenis-Robinson",1,22460707,0.0136188999999831,5477176,3,NA,NA,5124,0.5124
10000,8,"Pulkstenis-Robinson",2,22460708,0.00816060000011021,5477240,4,NA,NA,5029,0.5029
10000,8,"Pulkstenis-Robinson",3,22460709,0.0101416000002246,5477240,4,NA,NA,5139,0.5139
10000,8,"Pulkstenis-Robinson",4,22460710,0.0148961000002146,5477240,3,NA,NA,5057,0.5057
10000,8,"Pulkstenis-Robinson",5,22460711,0.0138805999997658,5477240,3,NA,NA,5083,0.5083
10000,8,"Pulkstenis-Robinson",6,22460712,0.00995010000019647,5477176,4,NA,NA,5076,0.5076
10000,8,"Pulkstenis-Robinson",7,22460713,0.0119776000001366,5477240,4,NA,NA,5147,0.5147
10000,8,"Pulkstenis-Robinson",8,22460714,0.013151900000139,5477240,4,NA,NA,5094,0.5094
10000,8,"Pulkstenis-Robinson",9,22460715,0.0200144000000364,5477240,3,NA,NA,5155,0.5155
10000,8,"Pulkstenis-Robinson",10,22460716,0.0141150000001744,5477240,4,NA,NA,4990,0.499
10000,8,"Pulkstenis-Robinson",11,22460717,0.00805000000013933,5477240,3,NA,NA,5047,0.5047
10000,8,"Pulkstenis-Robinson",12,22460718,0.0123147000001609,5477240,3,NA,NA,5078,0.5078
10000,8,"Pulkstenis-Robinson",13,22460719,0.0136022000001503,5477240,3,NA,NA,5212,0.5212
10000,8,"Pulkstenis-Robinson",14,22460720,0.0118319000000611,5477240,3,NA,NA,5110,0.511
10000,8,"Pulkstenis-Robinson",15,22460721,0.0136692000000949,5477240,3,NA,NA,5156,0.5156
10000,8,"Pulkstenis-Robinson",16,22460722,0.00960639999993873,5477240,3,NA,NA,5054,0.5054
10000,8,"Pulkstenis-Robinson",17,22460723,0.00927870000009534,5477240,3,NA,NA,5108,0.5108
10000,8,"Pulkstenis-Robinson",18,22460724,0.0134390000002895,5477176,3,NA,NA,5114,0.5114
10000,8,"Pulkstenis-Robinson",19,22460725,0.0129976000000624,5477240,4,NA,NA,5039,0.5039
10000,8,"Pulkstenis-Robinson",20,22460726,0.0114980000000742,5477240,3,NA,NA,5024,0.5024
10000,8,"Pulkstenis-Robinson",21,22460727,0.0132557000001725,5477240,4,NA,NA,5128,0.5128
10000,8,"Pulkstenis-Robinson",22,22460728,0.0140324000001328,5477240,4,NA,NA,5035,0.5035
10000,8,"Pulkstenis-Robinson",23,22460729,0.0133535000002212,5477240,3,NA,NA,5153,0.5153
10000,8,"Pulkstenis-Robinson",24,22460730,0.0186880000001111,5477176,4,NA,NA,5165,0.5165
10000,8,"Pulkstenis-Robinson",25,22460731,0.0124052000001029,5477240,3,NA,NA,5100,0.51
10000,8,"Pulkstenis-Robinson",26,22460732,0.00962470000013127,5477240,4,NA,NA,5171,0.5171
10000,8,"Pulkstenis-Robinson",27,22460733,0.0125785000000178,5477176,3,NA,NA,5030,0.503
10000,8,"Pulkstenis-Robinson",28,22460734,0.0112256000002162,5477240,3,NA,NA,5065,0.5065
10000,8,"Pulkstenis-Robinson",29,22460735,0.00943900000015674,5477240,3,NA,NA,5100,0.51
10000,8,"Pulkstenis-Robinson",30,22460736,0.012495700000045,5477240,3,NA,NA,5061,0.5061
10000,8,"glm_fit",1,22460707,0.0248834000001352,20069792,3,NA,NA,5124,0.5124
10000,8,"glm_fit",2,22460708,0.0253406000001632,24432880,4,NA,NA,5029,0.5029
10000,8,"glm_fit",3,22460709,0.0248349000000871,24432880,4,NA,NA,5139,0.5139
10000,8,"glm_fit",4,22460710,0.0379946000002747,20069792,3,NA,NA,5057,0.5057
10000,8,"glm_fit",5,22460711,0.0216705000000275,20069792,3,NA,NA,5083,0.5083
10000,8,"glm_fit",6,22460712,0.0260318000000552,24432880,4,NA,NA,5076,0.5076
10000,8,"glm_fit",7,22460713,0.0385475000002771,24432880,4,NA,NA,5147,0.5147
10000,8,"glm_fit",8,22460714,0.0351937000000362,24432880,4,NA,NA,5094,0.5094
10000,8,"glm_fit",9,22460715,0.0322940999999446,20069792,3,NA,NA,5155,0.5155
10000,8,"glm_fit",10,22460716,0.0338027000002512,24432880,4,NA,NA,4990,0.499
10000,8,"glm_fit",11,22460717,0.0222341000003325,20069792,3,NA,NA,5047,0.5047
10000,8,"glm_fit",12,22460718,0.025820400000157,20069792,3,NA,NA,5078,0.5078
10000,8,"glm_fit",13,22460719,0.0343339999999444,20069792,3,NA,NA,5212,0.5212
10000,8,"glm_fit",14,22460720,0.040464200000315,20069792,3,NA,NA,5110,0.511
10000,8,"glm_fit",15,22460721,0.0285085000002709,20069792,3,NA,NA,5156,0.5156
10000,8,"glm_fit",16,22460722,0.0237111000001278,20069792,3,NA,NA,5054,0.5054
10000,8,"glm_fit",17,22460723,0.0370298000000275,20069792,3,NA,NA,5108,0.5108
10000,8,"glm_fit",18,22460724,0.035102500000221,20069792,3,NA,NA,5114,0.5114
10000,8,"glm_fit",19,22460725,0.0379305000001295,24432880,4,NA,NA,5039,0.5039
10000,8,"glm_fit",20,22460726,0.0337442000002284,20069792,3,NA,NA,5024,0.5024
10000,8,"glm_fit",21,22460727,0.032686700000113,24432880,4,NA,NA,5128,0.5128
10000,8,"glm_fit",22,22460728,0.0282825000001594,24432880,4,NA,NA,5035,0.5035
10000,8,"glm_fit",23,22460729,0.0308532000001378,20069792,3,NA,NA,5153,0.5153
10000,8,"glm_fit",24,22460730,0.0301095000002078,24432880,4,NA,NA,5165,0.5165
10000,8,"glm_fit",25,22460731,0.0332429000000047,20069792,3,NA,NA,5100,0.51
10000,8,"glm_fit",26,22460732,0.0241601000000173,24432880,4,NA,NA,5171,0.5171
10000,8,"glm_fit",27,22460733,0.0292598999999427,20069792,3,NA,NA,5030,0.503
10000,8,"glm_fit",28,22460734,0.0278379000003497,20069792,3,NA,NA,5065,0.5065
10000,8,"glm_fit",29,22460735,0.0259968000002573,20069792,3,NA,NA,5100,0.51
10000,8,"glm_fit",30,22460736,0.0236167000002752,20069792,3,NA,NA,5061,0.5061
10000,16,"DEF.poly3",1,22560707,0.0306500000001506,8406640,3,NA,NA,5077,0.5077
10000,16,"DEF.poly3",2,22560708,0.0201387000001887,8406640,4,NA,NA,5042,0.5042
10000,16,"DEF.poly3",3,22560709,0.0322572000000036,8406640,3,NA,NA,5089,0.5089
10000,16,"DEF.poly3",4,22560710,0.0303453000001355,8406640,3,NA,NA,5114,0.5114
10000,16,"DEF.poly3",5,22560711,0.0316947000001164,8406640,3,NA,NA,5108,0.5108
10000,16,"DEF.poly3",6,22560712,0.0214186000002883,8406640,3,NA,NA,5070,0.507
10000,16,"DEF.poly3",7,22560713,0.028750600000194,8406640,4,NA,NA,5187,0.5187
10000,16,"DEF.poly3",8,22560714,0.0373072999998385,8406640,4,NA,NA,5190,0.519
10000,16,"DEF.poly3",9,22560715,0.0327621000001272,8406640,4,NA,NA,5134,0.5134
10000,16,"DEF.poly3",10,22560716,0.0395144999999957,8406640,4,NA,NA,5079,0.5079
10000,16,"DEF.poly3",11,22560717,0.0185179000002336,8406640,3,NA,NA,5074,0.5074
10000,16,"DEF.poly3",12,22560718,0.0333880000002864,8406640,3,NA,NA,5037,0.5037
10000,16,"DEF.poly3",13,22560719,0.0295444000000771,8406640,4,NA,NA,5095,0.5095
10000,16,"DEF.poly3",14,22560720,0.0382394000000659,8406640,4,NA,NA,5148,0.5148
10000,16,"DEF.poly3",15,22560721,0.0348642000001291,8406640,3,NA,NA,5016,0.5016
10000,16,"DEF.poly3",16,22560722,0.0185559000001376,8406664,3,NA,NA,5057,0.5057
10000,16,"DEF.poly3",17,22560723,0.0350164000001314,8406640,4,NA,NA,5112,0.5112
10000,16,"DEF.poly3",18,22560724,0.031575100000282,8406640,4,NA,NA,5063,0.5063
10000,16,"DEF.poly3",19,22560725,0.0289463000001433,8406640,3,NA,NA,5138,0.5138
10000,16,"DEF.poly3",20,22560726,0.0291252000001805,8406640,4,NA,NA,5152,0.5152
10000,16,"DEF.poly3",21,22560727,0.0264235000001918,8406640,3,NA,NA,5060,0.506
10000,16,"DEF.poly3",22,22560728,0.0342600999999831,8406640,3,NA,NA,5177,0.5177
10000,16,"DEF.poly3",23,22560729,0.0407689000001028,8406640,4,NA,NA,5076,0.5076
10000,16,"DEF.poly3",24,22560730,0.0389813999997841,8406640,3,NA,NA,5215,0.5215
10000,16,"DEF.poly3",25,22560731,0.0298674999999093,8406640,3,NA,NA,5089,0.5089
10000,16,"DEF.poly3",26,22560732,0.0191000000002077,8406640,3,NA,NA,4973,0.4973
10000,16,"DEF.poly3",27,22560733,0.0289330000000518,8406640,3,NA,NA,5061,0.5061
10000,16,"DEF.poly3",28,22560734,0.0304909000001317,8406640,3,NA,NA,5044,0.5044
10000,16,"DEF.poly3",29,22560735,0.0328733000001193,8406640,4,NA,NA,5143,0.5143
10000,16,"DEF.poly3",30,22560736,0.0196559000000889,8406640,3,NA,NA,5190,0.519
10000,16,"DEF.stukel",1,22560707,0.0287139000001844,8399736,3,NA,NA,5077,0.5077
10000,16,"DEF.stukel",2,22560708,0.0189462000003005,8399736,4,NA,NA,5042,0.5042
10000,16,"DEF.stukel",3,22560709,0.0324339999999665,8399736,3,NA,NA,5089,0.5089
10000,16,"DEF.stukel",4,22560710,0.0276830000000245,8399736,3,NA,NA,5114,0.5114
10000,16,"DEF.stukel",5,22560711,0.0310175000001891,8399736,3,NA,NA,5108,0.5108
10000,16,"DEF.stukel",6,22560712,0.0187827000002017,8399736,3,NA,NA,5070,0.507
10000,16,"DEF.stukel",7,22560713,0.0277284000001146,8399736,4,NA,NA,5187,0.5187
10000,16,"DEF.stukel",8,22560714,0.0367812000001777,8399736,4,NA,NA,5190,0.519
10000,16,"DEF.stukel",9,22560715,0.0300746000000345,8399736,4,NA,NA,5134,0.5134
10000,16,"DEF.stukel",10,22560716,0.0353141000002779,8399736,4,NA,NA,5079,0.5079
10000,16,"DEF.stukel",11,22560717,0.0196062000002257,8399736,3,NA,NA,5074,0.5074
10000,16,"DEF.stukel",12,22560718,0.0333144999999604,8399736,3,NA,NA,5037,0.5037
10000,16,"DEF.stukel",13,22560719,0.0453162999999677,8399736,4,NA,NA,5095,0.5095
10000,16,"DEF.stukel",14,22560720,0.0305141000001186,8399736,4,NA,NA,5148,0.5148
10000,16,"DEF.stukel",15,22560721,0.0357958000001872,8399736,3,NA,NA,5016,0.5016
10000,16,"DEF.stukel",16,22560722,0.0188533000000461,8399736,3,NA,NA,5057,0.5057
10000,16,"DEF.stukel",17,22560723,0.0393137999999453,8399736,4,NA,NA,5112,0.5112
10000,16,"DEF.stukel",18,22560724,0.0358066999999664,8399736,4,NA,NA,5063,0.5063
10000,16,"DEF.stukel",19,22560725,0.030089800000269,8399736,3,NA,NA,5138,0.5138
10000,16,"DEF.stukel",20,22560726,0.032698499999924,8399736,4,NA,NA,5152,0.5152
10000,16,"DEF.stukel",21,22560727,0.0188706000001275,8399736,3,NA,NA,5060,0.506
10000,16,"DEF.stukel",22,22560728,0.0272473000002265,8399736,3,NA,NA,5177,0.5177
10000,16,"DEF.stukel",23,22560729,0.0295602000003328,8399736,4,NA,NA,5076,0.5076
10000,16,"DEF.stukel",24,22560730,0.0285768000001099,8399736,3,NA,NA,5215,0.5215
10000,16,"DEF.stukel",25,22560731,0.0454185000003235,8399736,3,NA,NA,5089,0.5089
10000,16,"DEF.stukel",26,22560732,0.0272356000002674,8399736,3,NA,NA,4973,0.4973
10000,16,"DEF.stukel",27,22560733,0.0276506000002428,8399736,3,NA,NA,5061,0.5061
10000,16,"DEF.stukel",28,22560734,0.0268132000003334,8399736,3,NA,NA,5044,0.5044
10000,16,"DEF.stukel",29,22560735,0.0326002000001608,8399736,4,NA,NA,5143,0.5143
10000,16,"DEF.stukel",30,22560736,0.0230518000000757,8399736,3,NA,NA,5190,0.519
10000,16,"EF",1,22560707,0.00757850000013605,3638616,3,NA,NA,5077,0.5077
10000,16,"EF",2,22560708,0.00455389999979161,3638616,4,NA,NA,5042,0.5042
10000,16,"EF",3,22560709,0.00974820000010368,3638616,3,NA,NA,5089,0.5089
10000,16,"EF",4,22560710,0.0107045000002017,3638616,3,NA,NA,5114,0.5114
10000,16,"EF",5,22560711,0.010116600000174,3638616,3,NA,NA,5108,0.5108
10000,16,"EF",6,22560712,0.00384839999992437,3638616,3,NA,NA,5070,0.507
10000,16,"EF",7,22560713,0.0278818000001593,3638616,4,NA,NA,5187,0.5187
10000,16,"EF",8,22560714,0.13513150000017,3638616,4,NA,NA,5190,0.519
10000,16,"EF",9,22560715,0.00844690000030823,3638616,4,NA,NA,5134,0.5134
10000,16,"EF",10,22560716,0.00882510000019465,3638616,4,NA,NA,5079,0.5079
10000,16,"EF",11,22560717,0.00691770000003089,3638616,3,NA,NA,5074,0.5074
10000,16,"EF",12,22560718,0.00767960000007406,3638616,3,NA,NA,5037,0.5037
10000,16,"EF",13,22560719,0.0082446000001255,3638616,4,NA,NA,5095,0.5095
10000,16,"EF",14,22560720,0.0149364000001242,3638616,4,NA,NA,5148,0.5148
10000,16,"EF",15,22560721,0.00640540000017609,3638616,3,NA,NA,5016,0.5016
10000,16,"EF",16,22560722,0.00352810000003956,3638616,3,NA,NA,5057,0.5057
10000,16,"EF",17,22560723,0.00720350000005965,3638616,4,NA,NA,5112,0.5112
10000,16,"EF",18,22560724,0.00893750000022919,3638616,4,NA,NA,5063,0.5063
10000,16,"EF",19,22560725,0.00632350000023507,3638616,3,NA,NA,5138,0.5138
10000,16,"EF",20,22560726,0.00843320000012682,3638616,4,NA,NA,5152,0.5152
10000,16,"EF",21,22560727,0.00351609999984248,3638616,3,NA,NA,5060,0.506
10000,16,"EF",22,22560728,0.0100719000001845,3638616,3,NA,NA,5177,0.5177
10000,16,"EF",23,22560729,0.00959030000012717,3638616,4,NA,NA,5076,0.5076
10000,16,"EF",24,22560730,0.0170774000002893,3638616,3,NA,NA,5215,0.5215
10000,16,"EF",25,22560731,0.00819070000011379,3638616,3,NA,NA,5089,0.5089
10000,16,"EF",26,22560732,0.00386610000032306,3638616,3,NA,NA,4973,0.4973
10000,16,"EF",27,22560733,0.00849160000007032,3638616,3,NA,NA,5061,0.5061
10000,16,"EF",28,22560734,0.00618250000002263,3638616,3,NA,NA,5044,0.5044
10000,16,"EF",29,22560735,0.013757700000042,3638616,4,NA,NA,5143,0.5143
10000,16,"EF",30,22560736,0.00352700000030381,3638616,3,NA,NA,5190,0.519
10000,16,"HL",1,22560707,0.0206064000001334,3055952,3,NA,NA,5077,0.5077
10000,16,"HL",2,22560708,0.012783600000148,3055952,4,NA,NA,5042,0.5042
10000,16,"HL",3,22560709,0.0191302000002906,3055952,3,NA,NA,5089,0.5089
10000,16,"HL",4,22560710,0.0183004000000437,3055952,3,NA,NA,5114,0.5114
10000,16,"HL",5,22560711,0.0198292000000038,3055952,3,NA,NA,5108,0.5108
10000,16,"HL",6,22560712,0.0138359000000037,3055952,3,NA,NA,5070,0.507
10000,16,"HL",7,22560713,0.0193488999998408,3055952,4,NA,NA,5187,0.5187
10000,16,"HL",8,22560714,0.0191323000001375,3055952,4,NA,NA,5190,0.519
10000,16,"HL",9,22560715,0.0176738000002388,3055952,4,NA,NA,5134,0.5134
10000,16,"HL",10,22560716,0.0204973000002155,3055952,4,NA,NA,5079,0.5079
10000,16,"HL",11,22560717,0.0132050000001982,3055952,3,NA,NA,5074,0.5074
10000,16,"HL",12,22560718,0.0205127000001539,3055952,3,NA,NA,5037,0.5037
10000,16,"HL",13,22560719,0.0183117999999922,3055952,4,NA,NA,5095,0.5095
10000,16,"HL",14,22560720,0.0178865000002588,3055952,4,NA,NA,5148,0.5148
10000,16,"HL",15,22560721,0.0192128999999568,3055952,3,NA,NA,5016,0.5016
10000,16,"HL",16,22560722,0.0165670000001228,3055952,3,NA,NA,5057,0.5057
10000,16,"HL",17,22560723,0.0188223000002381,3055952,4,NA,NA,5112,0.5112
10000,16,"HL",18,22560724,0.0226921999999377,3055952,4,NA,NA,5063,0.5063
10000,16,"HL",19,22560725,0.0189594000000852,3055952,3,NA,NA,5138,0.5138
10000,16,"HL",20,22560726,0.0265676000001349,3055952,4,NA,NA,5152,0.5152
10000,16,"HL",21,22560727,0.0144216000001052,3055952,3,NA,NA,5060,0.506
10000,16,"HL",22,22560728,0.0184643000002325,3055952,3,NA,NA,5177,0.5177
10000,16,"HL",23,22560729,0.0180380000001605,3055952,4,NA,NA,5076,0.5076
10000,16,"HL",24,22560730,0.0259989000001042,3055952,3,NA,NA,5215,0.5215
10000,16,"HL",25,22560731,0.020630900000242,3055952,3,NA,NA,5089,0.5089
10000,16,"HL",26,22560732,0.0130348000002414,3055952,3,NA,NA,4973,0.4973
10000,16,"HL",27,22560733,0.0199700000000576,3055952,3,NA,NA,5061,0.5061
10000,16,"HL",28,22560734,0.0176261000001432,3055952,3,NA,NA,5044,0.5044
10000,16,"HL",29,22560735,0.0213735000002089,3055952,4,NA,NA,5143,0.5143
10000,16,"HL",30,22560736,0.0132591999997658,3055952,3,NA,NA,5190,0.519
10000,16,"Pigeon-Heyse",1,22560707,0.00713440000004084,3108896,3,NA,NA,5077,0.5077
10000,16,"Pigeon-Heyse",2,22560708,0.00514500000031148,3108896,4,NA,NA,5042,0.5042
10000,16,"Pigeon-Heyse",3,22560709,0.0110036000000946,3108896,3,NA,NA,5089,0.5089
10000,16,"Pigeon-Heyse",4,22560710,0.00662819999979547,3108896,3,NA,NA,5114,0.5114
10000,16,"Pigeon-Heyse",5,22560711,0.00878620000025876,3108896,3,NA,NA,5108,0.5108
10000,16,"Pigeon-Heyse",6,22560712,0.003429800000049,3108896,3,NA,NA,5070,0.507
10000,16,"Pigeon-Heyse",7,22560713,0.00684820000014952,3108896,4,NA,NA,5187,0.5187
10000,16,"Pigeon-Heyse",8,22560714,0.00679179999997359,3108896,4,NA,NA,5190,0.519
10000,16,"Pigeon-Heyse",9,22560715,0.0055806999998822,3108896,4,NA,NA,5134,0.5134
10000,16,"Pigeon-Heyse",10,22560716,0.0058512000000519,3108896,4,NA,NA,5079,0.5079
10000,16,"Pigeon-Heyse",11,22560717,0.00454980000017713,3108896,3,NA,NA,5074,0.5074
10000,16,"Pigeon-Heyse",12,22560718,0.00680290000013883,3108896,3,NA,NA,5037,0.5037
10000,16,"Pigeon-Heyse",13,22560719,0.00540799999998853,3108896,4,NA,NA,5095,0.5095
10000,16,"Pigeon-Heyse",14,22560720,0.00539849999995567,3108896,4,NA,NA,5148,0.5148
10000,16,"Pigeon-Heyse",15,22560721,0.00597280000010869,3108896,3,NA,NA,5016,0.5016
10000,16,"Pigeon-Heyse",16,22560722,0.00392090000013923,3108896,3,NA,NA,5057,0.5057
10000,16,"Pigeon-Heyse",17,22560723,0.00614440000003924,3108896,4,NA,NA,5112,0.5112
10000,16,"Pigeon-Heyse",18,22560724,0.00606020000009266,3108896,4,NA,NA,5063,0.5063
10000,16,"Pigeon-Heyse",19,22560725,0.0068935000001602,3108896,3,NA,NA,5138,0.5138
10000,16,"Pigeon-Heyse",20,22560726,0.00729160000014417,3108896,4,NA,NA,5152,0.5152
10000,16,"Pigeon-Heyse",21,22560727,0.00425600000016857,3108896,3,NA,NA,5060,0.506
10000,16,"Pigeon-Heyse",22,22560728,0.00649880000014491,3108896,3,NA,NA,5177,0.5177
10000,16,"Pigeon-Heyse",23,22560729,0.00559840000028089,3108896,4,NA,NA,5076,0.5076
10000,16,"Pigeon-Heyse",24,22560730,0.0118592999999692,3108896,3,NA,NA,5215,0.5215
10000,16,"Pigeon-Heyse",25,22560731,0.00700690000007853,3108896,3,NA,NA,5089,0.5089
10000,16,"Pigeon-Heyse",26,22560732,0.00699329999997644,3108896,3,NA,NA,4973,0.4973
10000,16,"Pigeon-Heyse",27,22560733,0.016771700000163,3108896,3,NA,NA,5061,0.5061
10000,16,"Pigeon-Heyse",28,22560734,0.00740960000007362,3108896,3,NA,NA,5044,0.5044
10000,16,"Pigeon-Heyse",29,22560735,0.00558810000029553,3108896,4,NA,NA,5143,0.5143
10000,16,"Pigeon-Heyse",30,22560736,0.00361960000032013,3108896,3,NA,NA,5190,0.519
10000,16,"Osius-Rojek",1,22560707,0.00853120000010676,5683760,3,NA,NA,5077,0.5077
10000,16,"Osius-Rojek",2,22560708,0.0048796000000948,5683760,4,NA,NA,5042,0.5042
10000,16,"Osius-Rojek",3,22560709,0.00811240000007274,5683760,3,NA,NA,5089,0.5089
10000,16,"Osius-Rojek",4,22560710,0.00750480000010612,5683760,3,NA,NA,5114,0.5114
10000,16,"Osius-Rojek",5,22560711,0.00955040000008012,5683760,3,NA,NA,5108,0.5108
10000,16,"Osius-Rojek",6,22560712,0.00515630000018064,5683760,3,NA,NA,5070,0.507
10000,16,"Osius-Rojek",7,22560713,0.0101415000001452,5683760,4,NA,NA,5187,0.5187
10000,16,"Osius-Rojek",8,22560714,0.0078304000001026,5683760,4,NA,NA,5190,0.519
10000,16,"Osius-Rojek",9,22560715,0.00880230000029769,5683760,4,NA,NA,5134,0.5134
10000,16,"Osius-Rojek",10,22560716,0.00760510000009162,5683760,4,NA,NA,5079,0.5079
10000,16,"Osius-Rojek",11,22560717,0.00547080000023925,5683760,3,NA,NA,5074,0.5074
10000,16,"Osius-Rojek",12,22560718,0.00753230000009353,5683760,3,NA,NA,5037,0.5037
10000,16,"Osius-Rojek",13,22560719,0.00794180000025335,5683760,4,NA,NA,5095,0.5095
10000,16,"Osius-Rojek",14,22560720,0.00738650000016605,5683760,4,NA,NA,5148,0.5148
10000,16,"Osius-Rojek",15,22560721,0.0147174000001087,5683760,3,NA,NA,5016,0.5016
10000,16,"Osius-Rojek",16,22560722,0.00489950000019235,5683760,3,NA,NA,5057,0.5057
10000,16,"Osius-Rojek",17,22560723,0.0142450000000736,5683760,4,NA,NA,5112,0.5112
10000,16,"Osius-Rojek",18,22560724,0.0102203000001282,5683760,4,NA,NA,5063,0.5063
10000,16,"Osius-Rojek",19,22560725,0.00849319999997533,5683760,3,NA,NA,5138,0.5138
10000,16,"Osius-Rojek",20,22560726,0.00880550000010771,5683760,4,NA,NA,5152,0.5152
10000,16,"Osius-Rojek",21,22560727,0.0055915000002642,5683760,3,NA,NA,5060,0.506
10000,16,"Osius-Rojek",22,22560728,0.00843250000002627,5683760,3,NA,NA,5177,0.5177
10000,16,"Osius-Rojek",23,22560729,0.00904670000022634,5683760,4,NA,NA,5076,0.5076
10000,16,"Osius-Rojek",24,22560730,0.0958411999999953,5683760,3,NA,NA,5215,0.5215
10000,16,"Osius-Rojek",25,22560731,0.00894109999990178,5683760,3,NA,NA,5089,0.5089
10000,16,"Osius-Rojek",26,22560732,0.00928040000007968,5683760,3,NA,NA,4973,0.4973
10000,16,"Osius-Rojek",27,22560733,0.00835870000014438,5683760,3,NA,NA,5061,0.5061
10000,16,"Osius-Rojek",28,22560734,0.00744720000011512,5683760,3,NA,NA,5044,0.5044
10000,16,"Osius-Rojek",29,22560735,0.00664800000004107,5683760,4,NA,NA,5143,0.5143
10000,16,"Osius-Rojek",30,22560736,0.00912210000024061,5683760,3,NA,NA,5190,0.519
10000,16,"Stukel",1,22560707,0.00918580000006841,6363960,3,4,1,5077,0.5077
10000,16,"Stukel",2,22560708,0.00408480000010059,6363960,4,4,1,5042,0.5042
10000,16,"Stukel",3,22560709,0.00659410000025673,6363960,3,4,1,5089,0.5089
10000,16,"Stukel",4,22560710,0.0074394000000666,6363960,3,4,1,5114,0.5114
10000,16,"Stukel",5,22560711,0.00689230000011776,6363960,3,4,1,5108,0.5108
10000,16,"Stukel",6,22560712,0.00423970000019835,6363960,3,4,1,5070,0.507
10000,16,"Stukel",7,22560713,0.0108338000002277,6363960,4,4,1,5187,0.5187
10000,16,"Stukel",8,22560714,0.00713120000023082,6363960,4,4,1,5190,0.519
10000,16,"Stukel",9,22560715,0.00647070000013628,6363960,4,4,1,5134,0.5134
10000,16,"Stukel",10,22560716,0.00765130000013414,6363960,4,4,1,5079,0.5079
10000,16,"Stukel",11,22560717,0.00534170000014456,6363960,3,4,1,5074,0.5074
10000,16,"Stukel",12,22560718,0.00827950000029887,6363960,3,4,1,5037,0.5037
10000,16,"Stukel",13,22560719,0.00823740000009821,6363960,4,4,1,5095,0.5095
10000,16,"Stukel",14,22560720,0.00561579999998685,6363960,4,4,1,5148,0.5148
10000,16,"Stukel",15,22560721,0.0152041000001191,6363960,3,4,1,5016,0.5016
10000,16,"Stukel",16,22560722,0.00359270000012657,6363960,3,4,1,5057,0.5057
10000,16,"Stukel",17,22560723,0.0067543000002388,6363960,4,4,1,5112,0.5112
10000,16,"Stukel",18,22560724,0.00573420000000624,6363960,4,4,1,5063,0.5063
10000,16,"Stukel",19,22560725,0.0168321000001015,6363960,3,4,1,5138,0.5138
10000,16,"Stukel",20,22560726,0.0079491000001326,6363960,4,4,1,5152,0.5152
10000,16,"Stukel",21,22560727,0.00346239999998943,6363960,3,4,1,5060,0.506
10000,16,"Stukel",22,22560728,0.00862580000011803,6363960,3,4,1,5177,0.5177
10000,16,"Stukel",23,22560729,0.00761900000020432,6363960,4,4,1,5076,0.5076
10000,16,"Stukel",24,22560730,0.00500910000005206,6363960,3,4,1,5215,0.5215
10000,16,"Stukel",25,22560731,0.00880600000004961,6363960,3,4,1,5089,0.5089
10000,16,"Stukel",26,22560732,0.00348000000008142,6363960,3,4,1,4973,0.4973
10000,16,"Stukel",27,22560733,0.0054374999999709,6363960,3,4,1,5061,0.5061
10000,16,"Stukel",28,22560734,0.00584230000004027,6363960,3,4,1,5044,0.5044
10000,16,"Stukel",29,22560735,0.00553430000013577,6363960,4,4,1,5143,0.5143
10000,16,"Stukel",30,22560736,0.00400060000015401,6363960,3,4,1,5190,0.519
10000,16,"Tsiatis",1,22560707,0.144158500000231,14771424,3,NA,NA,5077,0.5077
10000,16,"Tsiatis",2,22560708,0.0835891000001538,14771424,4,NA,NA,5042,0.5042
10000,16,"Tsiatis",3,22560709,0.120484799999986,14771424,3,NA,NA,5089,0.5089
10000,16,"Tsiatis",4,22560710,0.144447000000127,14771424,3,NA,NA,5114,0.5114
10000,16,"Tsiatis",5,22560711,0.156040200000234,14771424,3,NA,NA,5108,0.5108
10000,16,"Tsiatis",6,22560712,0.10673850000012,14771424,3,NA,NA,5070,0.507
10000,16,"Tsiatis",7,22560713,0.139914699999736,14771424,4,NA,NA,5187,0.5187
10000,16,"Tsiatis",8,22560714,0.113683300000048,14771424,4,NA,NA,5190,0.519
10000,16,"Tsiatis",9,22560715,0.117578200000253,14771424,4,NA,NA,5134,0.5134
10000,16,"Tsiatis",10,22560716,0.133460700000114,14771424,4,NA,NA,5079,0.5079
10000,16,"Tsiatis",11,22560717,0.0800408000002335,14771424,3,NA,NA,5074,0.5074
10000,16,"Tsiatis",12,22560718,0.127836800000068,14771424,3,NA,NA,5037,0.5037
10000,16,"Tsiatis",13,22560719,0.0858039000002009,14771424,4,NA,NA,5095,0.5095
10000,16,"Tsiatis",14,22560720,0.142050900000186,14771424,4,NA,NA,5148,0.5148
10000,16,"Tsiatis",15,22560721,0.136164000000235,14771424,3,NA,NA,5016,0.5016
10000,16,"Tsiatis",16,22560722,0.110280499999817,14771424,3,NA,NA,5057,0.5057
10000,16,"Tsiatis",17,22560723,0.10628070000007,14771424,4,NA,NA,5112,0.5112
10000,16,"Tsiatis",18,22560724,0.153947300000027,14771424,4,NA,NA,5063,0.5063
10000,16,"Tsiatis",19,22560725,0.142339400000083,14771424,3,NA,NA,5138,0.5138
10000,16,"Tsiatis",20,22560726,0.123915100000204,14771424,4,NA,NA,5152,0.5152
10000,16,"Tsiatis",21,22560727,0.0808587000001353,14771424,3,NA,NA,5060,0.506
10000,16,"Tsiatis",22,22560728,0.146371100000351,14771424,3,NA,NA,5177,0.5177
10000,16,"Tsiatis",23,22560729,0.152393500000244,14771424,4,NA,NA,5076,0.5076
10000,16,"Tsiatis",24,22560730,0.154480700000249,14771424,3,NA,NA,5215,0.5215
10000,16,"Tsiatis",25,22560731,0.162904099999878,14771424,3,NA,NA,5089,0.5089
10000,16,"Tsiatis",26,22560732,0.122874200000069,14771424,3,NA,NA,4973,0.4973
10000,16,"Tsiatis",27,22560733,0.146533000000318,14771424,3,NA,NA,5061,0.5061
10000,16,"Tsiatis",28,22560734,0.129733199999919,14771424,3,NA,NA,5044,0.5044
10000,16,"Tsiatis",29,22560735,0.147372700000233,14771424,4,NA,NA,5143,0.5143
10000,16,"Tsiatis",30,22560736,0.10909010000023,14771424,3,NA,NA,5190,0.519
10000,16,"Xie",1,22560707,3.26483159999998,50769808,3,NA,NA,5077,0.5077
10000,16,"Xie",2,22560708,2.60996670000009,50769816,4,NA,NA,5042,0.5042
10000,16,"Xie",3,22560709,3.51752160000001,50769816,3,NA,NA,5089,0.5089
10000,16,"Xie",4,22560710,3.48452170000019,50769808,3,NA,NA,5114,0.5114
10000,16,"Xie",5,22560711,3.42334690000007,50769816,3,NA,NA,5108,0.5108
10000,16,"Xie",6,22560712,2.517967,50769808,3,NA,NA,5070,0.507
10000,16,"Xie",7,22560713,3.33177390000014,50769792,4,NA,NA,5187,0.5187
10000,16,"Xie",8,22560714,3.34013040000013,50769808,4,NA,NA,5190,0.519
10000,16,"Xie",9,22560715,3.38540280000029,50769808,4,NA,NA,5134,0.5134
10000,16,"Xie",10,22560716,3.36656900000025,50769808,4,NA,NA,5079,0.5079
10000,16,"Xie",11,22560717,2.60986520000006,50769800,3,NA,NA,5074,0.5074
10000,16,"Xie",12,22560718,3.25971090000007,50769800,3,NA,NA,5037,0.5037
10000,16,"Xie",13,22560719,3.50972370000022,50769808,4,NA,NA,5095,0.5095
10000,16,"Xie",14,22560720,3.35599000000025,50769792,4,NA,NA,5148,0.5148
10000,16,"Xie",15,22560721,3.49998970000024,50769816,3,NA,NA,5016,0.5016
10000,16,"Xie",16,22560722,2.55159210000011,50769816,3,NA,NA,5057,0.5057
10000,16,"Xie",17,22560723,3.42432780000036,50769816,4,NA,NA,5112,0.5112
10000,16,"Xie",18,22560724,3.31592230000024,50769816,4,NA,NA,5063,0.5063
10000,16,"Xie",19,22560725,3.33336660000009,50769808,3,NA,NA,5138,0.5138
10000,16,"Xie",20,22560726,3.40744940000013,50769792,4,NA,NA,5152,0.5152
10000,16,"Xie",21,22560727,2.60040470000013,50769816,3,NA,NA,5060,0.506
10000,16,"Xie",22,22560728,3.44428790000006,50769800,3,NA,NA,5177,0.5177
10000,16,"Xie",23,22560729,3.51337740000031,50769800,4,NA,NA,5076,0.5076
10000,16,"Xie",24,22560730,3.38093360000016,50769816,3,NA,NA,5215,0.5215
10000,16,"Xie",25,22560731,3.26805070000023,50769816,3,NA,NA,5089,0.5089
10000,16,"Xie",26,22560732,2.61371150000036,50769792,3,NA,NA,4973,0.4973
10000,16,"Xie",27,22560733,3.39413050000007,50769792,3,NA,NA,5061,0.5061
10000,16,"Xie",28,22560734,3.42463549999979,50769808,3,NA,NA,5044,0.5044
10000,16,"Xie",29,22560735,3.41808270000024,50769808,4,NA,NA,5143,0.5143
10000,16,"Xie",30,22560736,2.56179670000006,50769808,3,NA,NA,5190,0.519
10000,16,"Pulkstenis-Robinson",1,22560707,0.0172454999999445,8128072,3,NA,NA,5077,0.5077
10000,16,"Pulkstenis-Robinson",2,22560708,0.0102253000002293,8128072,4,NA,NA,5042,0.5042
10000,16,"Pulkstenis-Robinson",3,22560709,0.0190243000001828,8128072,3,NA,NA,5089,0.5089
10000,16,"Pulkstenis-Robinson",4,22560710,0.0189192000002549,8128072,3,NA,NA,5114,0.5114
10000,16,"Pulkstenis-Robinson",5,22560711,0.0200996000003215,8128072,3,NA,NA,5108,0.5108
10000,16,"Pulkstenis-Robinson",6,22560712,0.0115073000001757,8128072,3,NA,NA,5070,0.507
10000,16,"Pulkstenis-Robinson",7,22560713,0.0167924000002131,8128072,4,NA,NA,5187,0.5187
10000,16,"Pulkstenis-Robinson",8,22560714,0.0174240000001191,8128072,4,NA,NA,5190,0.519
10000,16,"Pulkstenis-Robinson",9,22560715,0.022318900000073,8128072,4,NA,NA,5134,0.5134
10000,16,"Pulkstenis-Robinson",10,22560716,0.0182415000001583,8128072,4,NA,NA,5079,0.5079
10000,16,"Pulkstenis-Robinson",11,22560717,0.0102278000001661,8128072,3,NA,NA,5074,0.5074
10000,16,"Pulkstenis-Robinson",12,22560718,0.0172924000000876,8128008,3,NA,NA,5037,0.5037
10000,16,"Pulkstenis-Robinson",13,22560719,0.0257298000001356,8128072,4,NA,NA,5095,0.5095
10000,16,"Pulkstenis-Robinson",14,22560720,0.0163835000000745,8128072,4,NA,NA,5148,0.5148
10000,16,"Pulkstenis-Robinson",15,22560721,0.0184917000001406,8128072,3,NA,NA,5016,0.5016
10000,16,"Pulkstenis-Robinson",16,22560722,0.00982620000013412,8128008,3,NA,NA,5057,0.5057
10000,16,"Pulkstenis-Robinson",17,22560723,0.0195619999999508,8128072,4,NA,NA,5112,0.5112
10000,16,"Pulkstenis-Robinson",18,22560724,0.0266014999999697,8128072,4,NA,NA,5063,0.5063
10000,16,"Pulkstenis-Robinson",19,22560725,0.0143583000001399,8128072,3,NA,NA,5138,0.5138
10000,16,"Pulkstenis-Robinson",20,22560726,0.0177694999999858,8128008,4,NA,NA,5152,0.5152
10000,16,"Pulkstenis-Robinson",21,22560727,0.010622900000044,8128072,3,NA,NA,5060,0.506
10000,16,"Pulkstenis-Robinson",22,22560728,0.0164333000002443,8128072,3,NA,NA,5177,0.5177
10000,16,"Pulkstenis-Robinson",23,22560729,0.0197585000003073,8128072,4,NA,NA,5076,0.5076
10000,16,"Pulkstenis-Robinson",24,22560730,0.015422700000272,8128008,3,NA,NA,5215,0.5215
10000,16,"Pulkstenis-Robinson",25,22560731,0.0161929000000782,8128072,3,NA,NA,5089,0.5089
10000,16,"Pulkstenis-Robinson",26,22560732,0.0110927000000629,8128072,3,NA,NA,4973,0.4973
10000,16,"Pulkstenis-Robinson",27,22560733,0.0174717000002147,8128072,3,NA,NA,5061,0.5061
10000,16,"Pulkstenis-Robinson",28,22560734,0.022952499999974,8128008,3,NA,NA,5044,0.5044
10000,16,"Pulkstenis-Robinson",29,22560735,0.0255618999999569,8128008,4,NA,NA,5143,0.5143
10000,16,"Pulkstenis-Robinson",30,22560736,0.0140243000000737,8128072,3,NA,NA,5190,0.519
10000,16,"glm_fit",1,22560707,0.046142200000304,27123136,3,NA,NA,5077,0.5077
10000,16,"glm_fit",2,22560708,0.0373251999999411,32766352,4,NA,NA,5042,0.5042
10000,16,"glm_fit",3,22560709,0.0381744000001163,27123136,3,NA,NA,5089,0.5089
10000,16,"glm_fit",4,22560710,0.042716000000155,27123136,3,NA,NA,5114,0.5114
10000,16,"glm_fit",5,22560711,0.0374384000001555,27123136,3,NA,NA,5108,0.5108
10000,16,"glm_fit",6,22560712,0.0247658000000683,27123136,3,NA,NA,5070,0.507
10000,16,"glm_fit",7,22560713,0.0626978000002509,32766352,4,NA,NA,5187,0.5187
10000,16,"glm_fit",8,22560714,0.0532814000000599,32766352,4,NA,NA,5190,0.519
10000,16,"glm_fit",9,22560715,0.0639032000001407,32766352,4,NA,NA,5134,0.5134
10000,16,"glm_fit",10,22560716,0.0498907999999574,32766352,4,NA,NA,5079,0.5079
10000,16,"glm_fit",11,22560717,0.0343193999999585,27123136,3,NA,NA,5074,0.5074
10000,16,"glm_fit",12,22560718,0.0631416000001082,27123136,3,NA,NA,5037,0.5037
10000,16,"glm_fit",13,22560719,0.0677335000000312,32766352,4,NA,NA,5095,0.5095
10000,16,"glm_fit",14,22560720,0.0597789000003104,32766352,4,NA,NA,5148,0.5148
10000,16,"glm_fit",15,22560721,0.0582590000001346,27123136,3,NA,NA,5016,0.5016
10000,16,"glm_fit",16,22560722,0.0359423000002153,27123136,3,NA,NA,5057,0.5057
10000,16,"glm_fit",17,22560723,0.0565917000001264,32766352,4,NA,NA,5112,0.5112
10000,16,"glm_fit",18,22560724,0.0638526999998703,32766352,4,NA,NA,5063,0.5063
10000,16,"glm_fit",19,22560725,0.0686952000000929,27123136,3,NA,NA,5138,0.5138
10000,16,"glm_fit",20,22560726,0.0622285000001739,32766352,4,NA,NA,5152,0.5152
10000,16,"glm_fit",21,22560727,0.0301811000001635,27123136,3,NA,NA,5060,0.506
10000,16,"glm_fit",22,22560728,0.0491135000002032,27123136,3,NA,NA,5177,0.5177
10000,16,"glm_fit",23,22560729,0.0442514000001211,32766352,4,NA,NA,5076,0.5076
10000,16,"glm_fit",24,22560730,0.049666100000195,27123136,3,NA,NA,5215,0.5215
10000,16,"glm_fit",25,22560731,0.0489116000001104,27123136,3,NA,NA,5089,0.5089
10000,16,"glm_fit",26,22560732,0.0291420000000926,27123136,3,NA,NA,4973,0.4973
10000,16,"glm_fit",27,22560733,0.0486707000000024,27123136,3,NA,NA,5061,0.5061
10000,16,"glm_fit",28,22560734,0.0454774000002089,27123136,3,NA,NA,5044,0.5044
10000,16,"glm_fit",29,22560735,0.0589587000001757,32766352,4,NA,NA,5143,0.5143
10000,16,"glm_fit",30,22560736,0.0367674999999963,27123136,3,NA,NA,5190,0.519
10000,32,"DEF.poly3",1,22660707,0.0433820000002925,13578328,4,NA,NA,5086,0.5086
10000,32,"DEF.poly3",2,22660708,0.0294250000001739,13578328,4,NA,NA,5028,0.5028
10000,32,"DEF.poly3",3,22660709,0.0476696000000629,13578328,3,NA,NA,5078,0.5078
10000,32,"DEF.poly3",4,22660710,0.0455292000001464,13578352,3,NA,NA,5130,0.513
10000,32,"DEF.poly3",5,22660711,0.0675529000000097,13578328,3,NA,NA,5092,0.5092
10000,32,"DEF.poly3",6,22660712,0.0348268000002463,13578328,4,NA,NA,5062,0.5062
10000,32,"DEF.poly3",7,22660713,0.0489968000001682,13578328,3,NA,NA,5118,0.5118
10000,32,"DEF.poly3",8,22660714,0.0522792000001573,13578328,3,NA,NA,5109,0.5109
10000,32,"DEF.poly3",9,22660715,0.0425768000000062,13578328,3,NA,NA,5086,0.5086
10000,32,"DEF.poly3",10,22660716,0.057017900000119,13578328,4,NA,NA,5151,0.5151
10000,32,"DEF.poly3",11,22660717,0.0269849000001159,13578328,3,NA,NA,5077,0.5077
10000,32,"DEF.poly3",12,22660718,0.0490934000001744,13578328,4,NA,NA,5140,0.514
10000,32,"DEF.poly3",13,22660719,0.182972100000143,13578352,3,NA,NA,5090,0.509
10000,32,"DEF.poly3",14,22660720,0.0472229000001789,13578328,3,NA,NA,5010,0.501
10000,32,"DEF.poly3",15,22660721,0.0436156999999184,13578328,4,NA,NA,5008,0.5008
10000,32,"DEF.poly3",16,22660722,0.0310323999999582,13578328,4,NA,NA,5107,0.5107
10000,32,"DEF.poly3",17,22660723,0.0435967000000801,13578328,3,NA,NA,5038,0.5038
10000,32,"DEF.poly3",18,22660724,0.0635211000001163,13578328,3,NA,NA,5125,0.5125
10000,32,"DEF.poly3",19,22660725,0.0548077000003104,13578328,4,NA,NA,5082,0.5082
10000,32,"DEF.poly3",20,22660726,0.0413830000002235,13578328,4,NA,NA,5089,0.5089
10000,32,"DEF.poly3",21,22660727,0.0335886000002574,13578328,4,NA,NA,5122,0.5122
10000,32,"DEF.poly3",22,22660728,0.0385146000000987,13578328,3,NA,NA,5072,0.5072
10000,32,"DEF.poly3",23,22660729,0.0656990000002224,13578328,4,NA,NA,5071,0.5071
10000,32,"DEF.poly3",24,22660730,0.0426887000000988,13578328,4,NA,NA,5067,0.5067
10000,32,"DEF.poly3",25,22660731,0.0393178000001626,13578328,3,NA,NA,5107,0.5107
10000,32,"DEF.poly3",26,22660732,0.0276277999998911,13578328,3,NA,NA,5101,0.5101
10000,32,"DEF.poly3",27,22660733,0.0484154000000672,13578328,3,NA,NA,5099,0.5099
10000,32,"DEF.poly3",28,22660734,0.0523634000003312,13578328,3,NA,NA,5137,0.5137
10000,32,"DEF.poly3",29,22660735,0.0547585000001618,13578328,3,NA,NA,5123,0.5123
10000,32,"DEF.poly3",30,22660736,0.0299098000002687,13578328,4,NA,NA,5016,0.5016
10000,32,"DEF.stukel",1,22660707,0.0436494000002767,13571424,4,NA,NA,5086,0.5086
10000,32,"DEF.stukel",2,22660708,0.0272486000001209,13571424,4,NA,NA,5028,0.5028
10000,32,"DEF.stukel",3,22660709,0.0486513000000741,13571424,3,NA,NA,5078,0.5078
10000,32,"DEF.stukel",4,22660710,0.0401114999999663,13571424,3,NA,NA,5130,0.513
10000,32,"DEF.stukel",5,22660711,0.0425834000000123,13571424,3,NA,NA,5092,0.5092
10000,32,"DEF.stukel",6,22660712,0.0289895000000797,13571424,4,NA,NA,5062,0.5062
10000,32,"DEF.stukel",7,22660713,0.057452000000012,13571424,3,NA,NA,5118,0.5118
10000,32,"DEF.stukel",8,22660714,0.0535405000000537,13571424,3,NA,NA,5109,0.5109
10000,32,"DEF.stukel",9,22660715,0.0493406000002778,13571424,3,NA,NA,5086,0.5086
10000,32,"DEF.stukel",10,22660716,0.0457719000000907,13571424,4,NA,NA,5151,0.5151
10000,32,"DEF.stukel",11,22660717,0.0313608000001295,13571424,3,NA,NA,5077,0.5077
10000,32,"DEF.stukel",12,22660718,0.0535871999998108,13571424,4,NA,NA,5140,0.514
10000,32,"DEF.stukel",13,22660719,0.0411040000001321,13571424,3,NA,NA,5090,0.509
10000,32,"DEF.stukel",14,22660720,0.0592851000001247,13571424,3,NA,NA,5010,0.501
10000,32,"DEF.stukel",15,22660721,0.0673153000000184,13571424,4,NA,NA,5008,0.5008
10000,32,"DEF.stukel",16,22660722,0.0300284000002193,13571424,4,NA,NA,5107,0.5107
10000,32,"DEF.stukel",17,22660723,0.0477700000001278,13571424,3,NA,NA,5038,0.5038
10000,32,"DEF.stukel",18,22660724,0.0584651000001486,13571424,3,NA,NA,5125,0.5125
10000,32,"DEF.stukel",19,22660725,0.0402710000000752,13571424,4,NA,NA,5082,0.5082
10000,32,"DEF.stukel",20,22660726,0.0445994000001519,13571424,4,NA,NA,5089,0.5089
10000,32,"DEF.stukel",21,22660727,0.0283675000002859,13571424,4,NA,NA,5122,0.5122
10000,32,"DEF.stukel",22,22660728,0.0456304000001637,13571424,3,NA,NA,5072,0.5072
10000,32,"DEF.stukel",23,22660729,0.0507522000000336,13571424,4,NA,NA,5071,0.5071
10000,32,"DEF.stukel",24,22660730,0.0430310000001555,13571424,4,NA,NA,5067,0.5067
10000,32,"DEF.stukel",25,22660731,0.057305900000074,13571424,3,NA,NA,5107,0.5107
10000,32,"DEF.stukel",26,22660732,0.0263951000001725,13571424,3,NA,NA,5101,0.5101
10000,32,"DEF.stukel",27,22660733,0.0389185000001362,13571424,3,NA,NA,5099,0.5099
10000,32,"DEF.stukel",28,22660734,0.0634071000001768,13571424,3,NA,NA,5137,0.5137
10000,32,"DEF.stukel",29,22660735,0.0550216999999975,13571424,3,NA,NA,5123,0.5123
10000,32,"DEF.stukel",30,22660736,0.0302683000002162,13571424,4,NA,NA,5016,0.5016
10000,32,"EF",1,22660707,0.0114485000001423,4926072,4,NA,NA,5086,0.5086
10000,32,"EF",2,22660708,0.00533540000014909,4926072,4,NA,NA,5028,0.5028
10000,32,"EF",3,22660709,0.0126329000001988,4926072,3,NA,NA,5078,0.5078
10000,32,"EF",4,22660710,0.00940260000015769,4926072,3,NA,NA,5130,0.513
10000,32,"EF",5,22660711,0.00978210000016588,4926072,3,NA,NA,5092,0.5092
10000,32,"EF",6,22660712,0.00459180000007109,4926072,4,NA,NA,5062,0.5062
10000,32,"EF",7,22660713,0.00697960000024977,4926072,3,NA,NA,5118,0.5118
10000,32,"EF",8,22660714,0.00670830000012756,4926072,3,NA,NA,5109,0.5109
10000,32,"EF",9,22660715,0.00998950000007426,4926072,3,NA,NA,5086,0.5086
10000,32,"EF",10,22660716,0.010010000000193,4926072,4,NA,NA,5151,0.5151
10000,32,"EF",11,22660717,0.00379600000019309,4926072,3,NA,NA,5077,0.5077
10000,32,"EF",12,22660718,0.0219707000001108,4926072,4,NA,NA,5140,0.514
10000,32,"EF",13,22660719,0.00620260000005146,4926072,3,NA,NA,5090,0.509
10000,32,"EF",14,22660720,0.00934810000012476,4926072,3,NA,NA,5010,0.501
10000,32,"EF",15,22660721,0.00701140000001033,4926072,4,NA,NA,5008,0.5008
10000,32,"EF",16,22660722,0.0044364000002588,4926072,4,NA,NA,5107,0.5107
10000,32,"EF",17,22660723,0.00803970000015397,4926072,3,NA,NA,5038,0.5038
10000,32,"EF",18,22660724,0.00679620000005343,4926072,3,NA,NA,5125,0.5125
10000,32,"EF",19,22660725,0.00778800000034607,4926072,4,NA,NA,5082,0.5082
10000,32,"EF",20,22660726,0.0103073000000222,4926072,4,NA,NA,5089,0.5089
10000,32,"EF",21,22660727,0.00456230000008873,4926072,4,NA,NA,5122,0.5122
10000,32,"EF",22,22660728,0.0204701000002387,4926072,3,NA,NA,5072,0.5072
10000,32,"EF",23,22660729,0.00895460000015191,4926072,4,NA,NA,5071,0.5071
10000,32,"EF",24,22660730,0.00868579999996655,4926072,4,NA,NA,5067,0.5067
10000,32,"EF",25,22660731,0.00659880000011981,4926072,3,NA,NA,5107,0.5107
10000,32,"EF",26,22660732,0.00406710000015664,4926072,3,NA,NA,5101,0.5101
10000,32,"EF",27,22660733,0.00840240000002268,4926072,3,NA,NA,5099,0.5099
10000,32,"EF",28,22660734,0.00833520000014687,4926072,3,NA,NA,5137,0.5137
10000,32,"EF",29,22660735,0.00867030000017621,4926072,3,NA,NA,5123,0.5123
10000,32,"EF",30,22660736,0.00392990000023019,4926072,4,NA,NA,5016,0.5016
10000,32,"HL",1,22660707,0.0197824000001674,4343408,4,NA,NA,5086,0.5086
10000,32,"HL",2,22660708,0.0175126000001455,4343408,4,NA,NA,5028,0.5028
10000,32,"HL",3,22660709,0.0220510000001468,4343408,3,NA,NA,5078,0.5078
10000,32,"HL",4,22660710,0.0278793000002224,4343408,3,NA,NA,5130,0.513
10000,32,"HL",5,22660711,0.0238338000001477,4343408,3,NA,NA,5092,0.5092
10000,32,"HL",6,22660712,0.0137414000000717,4343408,4,NA,NA,5062,0.5062
10000,32,"HL",7,22660713,0.0255477000002884,4343408,3,NA,NA,5118,0.5118
10000,32,"HL",8,22660714,0.0199440000001232,4343408,3,NA,NA,5109,0.5109
10000,32,"HL",9,22660715,0.0208935000000565,4343408,3,NA,NA,5086,0.5086
10000,32,"HL",10,22660716,0.019985200000292,4343408,4,NA,NA,5151,0.5151
10000,32,"HL",11,22660717,0.0130055000001903,4343408,3,NA,NA,5077,0.5077
10000,32,"HL",12,22660718,0.0186200000000554,4343408,4,NA,NA,5140,0.514
10000,32,"HL",13,22660719,0.0275890000002619,4343408,3,NA,NA,5090,0.509
10000,32,"HL",14,22660720,0.0223985000002358,4343408,3,NA,NA,5010,0.501
10000,32,"HL",15,22660721,0.0193418000001202,4343408,4,NA,NA,5008,0.5008
10000,32,"HL",16,22660722,0.0133888000002571,4343408,4,NA,NA,5107,0.5107
10000,32,"HL",17,22660723,0.02001300000029,4343408,3,NA,NA,5038,0.5038
10000,32,"HL",18,22660724,0.0196956000002046,4343408,3,NA,NA,5125,0.5125
10000,32,"HL",19,22660725,0.0222093000002133,4343408,4,NA,NA,5082,0.5082
10000,32,"HL",20,22660726,0.021318900000324,4343408,4,NA,NA,5089,0.5089
10000,32,"HL",21,22660727,0.0133559000000787,4343408,4,NA,NA,5122,0.5122
10000,32,"HL",22,22660728,0.0199525000002723,4343408,3,NA,NA,5072,0.5072
10000,32,"HL",23,22660729,0.0210540000000492,4343408,4,NA,NA,5071,0.5071
10000,32,"HL",24,22660730,0.0203533999999763,4343408,4,NA,NA,5067,0.5067
10000,32,"HL",25,22660731,0.0201371000000563,4343408,3,NA,NA,5107,0.5107
10000,32,"HL",26,22660732,0.0129435000001195,4343408,3,NA,NA,5101,0.5101
10000,32,"HL",27,22660733,0.0189621000001807,4343408,3,NA,NA,5099,0.5099
10000,32,"HL",28,22660734,0.0240397000002304,4343408,3,NA,NA,5137,0.5137
10000,32,"HL",29,22660735,0.0216935000000831,4343408,3,NA,NA,5123,0.5123
10000,32,"HL",30,22660736,0.0144326000001911,4343408,4,NA,NA,5016,0.5016
10000,32,"Pigeon-Heyse",1,22660707,0.00750730000027033,4396352,4,NA,NA,5086,0.5086
10000,32,"Pigeon-Heyse",2,22660708,0.00361259999999675,4396352,4,NA,NA,5028,0.5028
10000,32,"Pigeon-Heyse",3,22660709,0.0130061000002115,4396352,3,NA,NA,5078,0.5078
10000,32,"Pigeon-Heyse",4,22660710,0.0164888000001611,4396352,3,NA,NA,5130,0.513
10000,32,"Pigeon-Heyse",5,22660711,0.0173313000002508,4396352,3,NA,NA,5092,0.5092
10000,32,"Pigeon-Heyse",6,22660712,0.00985339999988355,4396352,4,NA,NA,5062,0.5062
10000,32,"Pigeon-Heyse",7,22660713,0.00740660000019489,4396352,3,NA,NA,5118,0.5118
10000,32,"Pigeon-Heyse",8,22660714,0.00694400000020323,4396352,3,NA,NA,5109,0.5109
10000,32,"Pigeon-Heyse",9,22660715,0.0172564000001785,4396352,3,NA,NA,5086,0.5086
10000,32,"Pigeon-Heyse",10,22660716,0.00793380000004618,4396352,4,NA,NA,5151,0.5151
10000,32,"Pigeon-Heyse",11,22660717,0.00392900000019836,4396352,3,NA,NA,5077,0.5077
10000,32,"Pigeon-Heyse",12,22660718,0.0133253000001332,4396352,4,NA,NA,5140,0.514
10000,32,"Pigeon-Heyse",13,22660719,0.00842950000014753,4396352,3,NA,NA,5090,0.509
10000,32,"Pigeon-Heyse",14,22660720,0.0096408000001702,4396352,3,NA,NA,5010,0.501
10000,32,"Pigeon-Heyse",15,22660721,0.0211431000000175,4396352,4,NA,NA,5008,0.5008
10000,32,"Pigeon-Heyse",16,22660722,0.00370530000031977,4396352,4,NA,NA,5107,0.5107
10000,32,"Pigeon-Heyse",17,22660723,0.00739980000025753,4396352,3,NA,NA,5038,0.5038
10000,32,"Pigeon-Heyse",18,22660724,0.00641009999981179,4396352,3,NA,NA,5125,0.5125
10000,32,"Pigeon-Heyse",19,22660725,0.00707580000016605,4396352,4,NA,NA,5082,0.5082
10000,32,"Pigeon-Heyse",20,22660726,0.0111895000002278,4396352,4,NA,NA,5089,0.5089
10000,32,"Pigeon-Heyse",21,22660727,0.00643970000032823,4396352,4,NA,NA,5122,0.5122
10000,32,"Pigeon-Heyse",22,22660728,0.0119068999999854,4396352,3,NA,NA,5072,0.5072
10000,32,"Pigeon-Heyse",23,22660729,0.0070504999998775,4396352,4,NA,NA,5071,0.5071
10000,32,"Pigeon-Heyse",24,22660730,0.0148891000001186,4396352,4,NA,NA,5067,0.5067
10000,32,"Pigeon-Heyse",25,22660731,0.00751270000023396,4396352,3,NA,NA,5107,0.5107
10000,32,"Pigeon-Heyse",26,22660732,0.0040627000000768,4396352,3,NA,NA,5101,0.5101
10000,32,"Pigeon-Heyse",27,22660733,0.00727710000023762,4396352,3,NA,NA,5099,0.5099
10000,32,"Pigeon-Heyse",28,22660734,0.0100006000002395,4396352,3,NA,NA,5137,0.5137
10000,32,"Pigeon-Heyse",29,22660735,0.00697210000021187,4396352,3,NA,NA,5123,0.5123
10000,32,"Pigeon-Heyse",30,22660736,0.00382779999995364,4396352,4,NA,NA,5016,0.5016
10000,32,"Osius-Rojek",1,22660707,0.0188214000002063,9532560,4,NA,NA,5086,0.5086
10000,32,"Osius-Rojek",2,22660708,0.010499000000209,9532560,4,NA,NA,5028,0.5028
10000,32,"Osius-Rojek",3,22660709,0.0161787000001823,9532560,3,NA,NA,5078,0.5078
10000,32,"Osius-Rojek",4,22660710,0.0164938000002621,9532560,3,NA,NA,5130,0.513
10000,32,"Osius-Rojek",5,22660711,0.0233822000002419,9532560,3,NA,NA,5092,0.5092
10000,32,"Osius-Rojek",6,22660712,0.0102608000001965,9532560,4,NA,NA,5062,0.5062
10000,32,"Osius-Rojek",7,22660713,0.0147063000001708,9532560,3,NA,NA,5118,0.5118
10000,32,"Osius-Rojek",8,22660714,0.0266015000001971,9532560,3,NA,NA,5109,0.5109
10000,32,"Osius-Rojek",9,22660715,0.0174803000002157,9532560,3,NA,NA,5086,0.5086
10000,32,"Osius-Rojek",10,22660716,0.0249092000001383,9532560,4,NA,NA,5151,0.5151
10000,32,"Osius-Rojek",11,22660717,0.0100491000000602,9532560,3,NA,NA,5077,0.5077
10000,32,"Osius-Rojek",12,22660718,0.0219428000000335,9532560,4,NA,NA,5140,0.514
10000,32,"Osius-Rojek",13,22660719,0.016274600000088,9532560,3,NA,NA,5090,0.509
10000,32,"Osius-Rojek",14,22660720,0.0150152000001071,9532560,3,NA,NA,5010,0.501
10000,32,"Osius-Rojek",15,22660721,0.0156334000000697,9532560,4,NA,NA,5008,0.5008
10000,32,"Osius-Rojek",16,22660722,0.0143482000000859,9532560,4,NA,NA,5107,0.5107
10000,32,"Osius-Rojek",17,22660723,0.0236432000001514,9532560,3,NA,NA,5038,0.5038
10000,32,"Osius-Rojek",18,22660724,0.0229343000000881,9532560,3,NA,NA,5125,0.5125
10000,32,"Osius-Rojek",19,22660725,0.0156360000000859,9532560,4,NA,NA,5082,0.5082
10000,32,"Osius-Rojek",20,22660726,0.0251176000001578,9532560,4,NA,NA,5089,0.5089
10000,32,"Osius-Rojek",21,22660727,0.0118695000001026,9532560,4,NA,NA,5122,0.5122
10000,32,"Osius-Rojek",22,22660728,0.0211659000001418,9532560,3,NA,NA,5072,0.5072
10000,32,"Osius-Rojek",23,22660729,0.0156446000000869,9532560,4,NA,NA,5071,0.5071
10000,32,"Osius-Rojek",24,22660730,0.0229695000002721,9532560,4,NA,NA,5067,0.5067
10000,32,"Osius-Rojek",25,22660731,0.0207500999999866,9532560,3,NA,NA,5107,0.5107
10000,32,"Osius-Rojek",26,22660732,0.0107510999998794,9532560,3,NA,NA,5101,0.5101
10000,32,"Osius-Rojek",27,22660733,0.0197130999999899,9532560,3,NA,NA,5099,0.5099
10000,32,"Osius-Rojek",28,22660734,0.0263037000001987,9532560,3,NA,NA,5137,0.5137
10000,32,"Osius-Rojek",29,22660735,0.0138492000003225,9532560,3,NA,NA,5123,0.5123
10000,32,"Osius-Rojek",30,22660736,0.0148274000002857,9532560,4,NA,NA,5016,0.5016
10000,32,"Stukel",1,22660707,0.011263400000189,10212328,4,4,1,5086,0.5086
10000,32,"Stukel",2,22660708,0.00567480000017895,10212328,4,4,1,5028,0.5028
10000,32,"Stukel",3,22660709,0.00951699999995981,10212328,3,4,1,5078,0.5078
10000,32,"Stukel",4,22660710,0.0105638000002273,10212328,3,4,1,5130,0.513
10000,32,"Stukel",5,22660711,0.0104632000002312,10212328,3,4,1,5092,0.5092
10000,32,"Stukel",6,22660712,0.00582510000003822,10212328,4,4,1,5062,0.5062
10000,32,"Stukel",7,22660713,0.00872490000028847,10212328,3,4,1,5118,0.5118
10000,32,"Stukel",8,22660714,0.0249736999999186,10212328,3,4,1,5109,0.5109
10000,32,"Stukel",9,22660715,0.0127631000002566,10212328,3,4,1,5086,0.5086
10000,32,"Stukel",10,22660716,0.0218245000000934,10212328,4,4,1,5151,0.5151
10000,32,"Stukel",11,22660717,0.00884199999995872,10212328,3,4,1,5077,0.5077
10000,32,"Stukel",12,22660718,0.00989890000028026,10212328,4,4,1,5140,0.514
10000,32,"Stukel",13,22660719,0.012331500000073,10212328,3,4,1,5090,0.509
10000,32,"Stukel",14,22660720,0.00775270000008277,10212328,3,4,1,5010,0.501
10000,32,"Stukel",15,22660721,0.00818270000036136,10212328,4,4,1,5008,0.5008
10000,32,"Stukel",16,22660722,0.00825640000016392,10212328,4,4,1,5107,0.5107
10000,32,"Stukel",17,22660723,0.0173228000001018,10212328,3,4,1,5038,0.5038
10000,32,"Stukel",18,22660724,0.0190901000003123,10212328,3,4,1,5125,0.5125
10000,32,"Stukel",19,22660725,0.0149660000001859,10212328,4,4,1,5082,0.5082
10000,32,"Stukel",20,22660726,0.0125996000001578,10212328,4,4,1,5089,0.5089
10000,32,"Stukel",21,22660727,0.00619890000029955,10212328,4,4,1,5122,0.5122
10000,32,"Stukel",22,22660728,0.00796690000015587,10212328,3,4,1,5072,0.5072
10000,32,"Stukel",23,22660729,0.00817290000009052,10212328,4,4,1,5071,0.5071
10000,32,"Stukel",24,22660730,0.00912780000021485,10212328,4,4,1,5067,0.5067
10000,32,"Stukel",25,22660731,0.0178538000000117,10212328,3,4,1,5107,0.5107
10000,32,"Stukel",26,22660732,0.00547910000022966,10212328,3,4,1,5101,0.5101
10000,32,"Stukel",27,22660733,0.0137381000001824,10212328,3,4,1,5099,0.5099
10000,32,"Stukel",28,22660734,0.00706970000010188,10212328,3,4,1,5137,0.5137
10000,32,"Stukel",29,22660735,0.0150184999999965,10212328,3,4,1,5123,0.5123
10000,32,"Stukel",30,22660736,0.00535280000008242,10212328,4,4,1,5016,0.5016
10000,32,"Tsiatis",1,22660707,0.235534100000223,23842776,4,NA,NA,5086,0.5086
10000,32,"Tsiatis",2,22660708,0.185571700000082,23842776,4,NA,NA,5028,0.5028
10000,32,"Tsiatis",3,22660709,0.271480600000132,23842776,3,NA,NA,5078,0.5078
10000,32,"Tsiatis",4,22660710,0.289857300000222,23842776,3,NA,NA,5130,0.513
10000,32,"Tsiatis",5,22660711,0.305566900000258,23842776,3,NA,NA,5092,0.5092
10000,32,"Tsiatis",6,22660712,0.194362100000262,23842776,4,NA,NA,5062,0.5062
10000,32,"Tsiatis",7,22660713,0.297956999999997,23842776,3,NA,NA,5118,0.5118
10000,32,"Tsiatis",8,22660714,0.2726782000002,23842776,3,NA,NA,5109,0.5109
10000,32,"Tsiatis",9,22660715,0.29849860000013,23842776,3,NA,NA,5086,0.5086
10000,32,"Tsiatis",10,22660716,0.257214400000294,23842776,4,NA,NA,5151,0.5151
10000,32,"Tsiatis",11,22660717,0.175668300000098,23842776,3,NA,NA,5077,0.5077
10000,32,"Tsiatis",12,22660718,0.308936800000083,23842776,4,NA,NA,5140,0.514
10000,32,"Tsiatis",13,22660719,0.293352700000014,23842776,3,NA,NA,5090,0.509
10000,32,"Tsiatis",14,22660720,0.350634200000286,23842776,3,NA,NA,5010,0.501
10000,32,"Tsiatis",15,22660721,0.233559500000183,23842776,4,NA,NA,5008,0.5008
10000,32,"Tsiatis",16,22660722,0.218854400000055,23842776,4,NA,NA,5107,0.5107
10000,32,"Tsiatis",17,22660723,0.276016499999969,23842776,3,NA,NA,5038,0.5038
10000,32,"Tsiatis",18,22660724,0.311977100000149,23842776,3,NA,NA,5125,0.5125
10000,32,"Tsiatis",19,22660725,0.316569900000104,23842776,4,NA,NA,5082,0.5082
10000,32,"Tsiatis",20,22660726,0.360328300000219,23842776,4,NA,NA,5089,0.5089
10000,32,"Tsiatis",21,22660727,0.175827400000117,23842776,4,NA,NA,5122,0.5122
10000,32,"Tsiatis",22,22660728,0.293196600000329,23842776,3,NA,NA,5072,0.5072
10000,32,"Tsiatis",23,22660729,0.277365200000304,23842776,4,NA,NA,5071,0.5071
10000,32,"Tsiatis",24,22660730,0.291158600000017,23842776,4,NA,NA,5067,0.5067
10000,32,"Tsiatis",25,22660731,0.131978700000218,23842776,3,NA,NA,5107,0.5107
10000,32,"Tsiatis",26,22660732,0.180863200000204,23842776,3,NA,NA,5101,0.5101
10000,32,"Tsiatis",27,22660733,0.290216200000032,23842776,3,NA,NA,5099,0.5099
10000,32,"Tsiatis",28,22660734,0.303324400000292,23842776,3,NA,NA,5137,0.5137
10000,32,"Tsiatis",29,22660735,0.211387699999932,23842776,3,NA,NA,5123,0.5123
10000,32,"Tsiatis",30,22660736,0.21379069999989,23842776,4,NA,NA,5016,0.5016
10000,32,"Xie",1,22660707,7.63013870000009,99355120,4,NA,NA,5086,0.5086
10000,32,"Xie",2,22660708,5.56648240000004,99355136,4,NA,NA,5028,0.5028
10000,32,"Xie",3,22660709,7.65292400000021,99355136,3,NA,NA,5078,0.5078
10000,32,"Xie",4,22660710,7.88708500000007,99355120,3,NA,NA,5130,0.513
10000,32,"Xie",5,22660711,7.95158790000028,99355128,3,NA,NA,5092,0.5092
10000,32,"Xie",6,22660712,5.51172110000016,99355128,4,NA,NA,5062,0.5062
10000,32,"Xie",7,22660713,7.80556800000022,99355096,3,NA,NA,5118,0.5118
10000,32,"Xie",8,22660714,7.77489690000016,99355120,3,NA,NA,5109,0.5109
10000,32,"Xie",9,22660715,7.95843490000016,99355136,3,NA,NA,5086,0.5086
10000,32,"Xie",10,22660716,7.89087910000012,99355120,4,NA,NA,5151,0.5151
10000,32,"Xie",11,22660717,5.34908200000018,99355152,3,NA,NA,5077,0.5077
10000,32,"Xie",12,22660718,7.85752570000022,99355120,4,NA,NA,5140,0.514
10000,32,"Xie",13,22660719,7.84257530000014,99355120,3,NA,NA,5090,0.509
10000,32,"Xie",14,22660720,7.84454230000006,99355144,3,NA,NA,5010,0.501
10000,32,"Xie",15,22660721,7.94201580000026,99355128,4,NA,NA,5008,0.5008
10000,32,"Xie",16,22660722,5.59969940000019,99355128,4,NA,NA,5107,0.5107
10000,32,"Xie",17,22660723,7.94996690000016,99355136,3,NA,NA,5038,0.5038
10000,32,"Xie",18,22660724,7.79193370000007,99355104,3,NA,NA,5125,0.5125
10000,32,"Xie",19,22660725,7.75275080000029,99355128,4,NA,NA,5082,0.5082
10000,32,"Xie",20,22660726,7.73230880000006,99355128,4,NA,NA,5089,0.5089
10000,32,"Xie",21,22660727,5.63904679999973,99355144,4,NA,NA,5122,0.5122
10000,32,"Xie",22,22660728,7.85025380000025,99355128,3,NA,NA,5072,0.5072
10000,32,"Xie",23,22660729,7.8008691,99355120,4,NA,NA,5071,0.5071
10000,32,"Xie",24,22660730,7.9224042000003,99355120,4,NA,NA,5067,0.5067
10000,32,"Xie",25,22660731,7.86020540000004,99355128,3,NA,NA,5107,0.5107
10000,32,"Xie",26,22660732,5.61554440000009,99355136,3,NA,NA,5101,0.5101
10000,32,"Xie",27,22660733,8.06576810000024,99355120,3,NA,NA,5099,0.5099
10000,32,"Xie",28,22660734,7.96169860000032,99355128,3,NA,NA,5137,0.5137
10000,32,"Xie",29,22660735,8.08327680000002,99355128,3,NA,NA,5123,0.5123
10000,32,"Xie",30,22660736,5.53254330000004,99355104,4,NA,NA,5016,0.5016
10000,32,"Pulkstenis-Robinson",1,22660707,0.0291870000000927,13435464,4,NA,NA,5086,0.5086
10000,32,"Pulkstenis-Robinson",2,22660708,0.0153328000001238,13435464,4,NA,NA,5028,0.5028
10000,32,"Pulkstenis-Robinson",3,22660709,0.0152280000002065,13435464,3,NA,NA,5078,0.5078
10000,32,"Pulkstenis-Robinson",4,22660710,0.0222922000000381,13435400,3,NA,NA,5130,0.513
10000,32,"Pulkstenis-Robinson",5,22660711,0.0278571000001193,13435464,3,NA,NA,5092,0.5092
10000,32,"Pulkstenis-Robinson",6,22660712,0.0142858000001524,13435464,4,NA,NA,5062,0.5062
10000,32,"Pulkstenis-Robinson",7,22660713,0.0206738999997924,13435400,3,NA,NA,5118,0.5118
10000,32,"Pulkstenis-Robinson",8,22660714,0.0285185000000183,13435464,3,NA,NA,5109,0.5109
10000,32,"Pulkstenis-Robinson",9,22660715,0.0267088000000513,13435464,3,NA,NA,5086,0.5086
10000,32,"Pulkstenis-Robinson",10,22660716,0.0258389000000534,13435400,4,NA,NA,5151,0.5151
10000,32,"Pulkstenis-Robinson",11,22660717,0.0234142000001611,13435464,3,NA,NA,5077,0.5077
10000,32,"Pulkstenis-Robinson",12,22660718,0.0240178000001379,13435464,4,NA,NA,5140,0.514
10000,32,"Pulkstenis-Robinson",13,22660719,0.0246432000001278,13435464,3,NA,NA,5090,0.509
10000,32,"Pulkstenis-Robinson",14,22660720,0.0277264000001196,13435464,3,NA,NA,5010,0.501
10000,32,"Pulkstenis-Robinson",15,22660721,0.0209713000001557,13435464,4,NA,NA,5008,0.5008
10000,32,"Pulkstenis-Robinson",16,22660722,0.0142749999999978,13435464,4,NA,NA,5107,0.5107
10000,32,"Pulkstenis-Robinson",17,22660723,0.0220736000001125,13435400,3,NA,NA,5038,0.5038
10000,32,"Pulkstenis-Robinson",18,22660724,0.0198260000001937,13435464,3,NA,NA,5125,0.5125
10000,32,"Pulkstenis-Robinson",19,22660725,0.0244195000000218,13435464,4,NA,NA,5082,0.5082
10000,32,"Pulkstenis-Robinson",20,22660726,0.0199250000002849,13435464,4,NA,NA,5089,0.5089
10000,32,"Pulkstenis-Robinson",21,22660727,0.0154211000001396,13435400,4,NA,NA,5122,0.5122
10000,32,"Pulkstenis-Robinson",22,22660728,0.0227977000001829,13435464,3,NA,NA,5072,0.5072
10000,32,"Pulkstenis-Robinson",23,22660729,0.0280033000001367,13435464,4,NA,NA,5071,0.5071
10000,32,"Pulkstenis-Robinson",24,22660730,0.0244459000002735,13435464,4,NA,NA,5067,0.5067
10000,32,"Pulkstenis-Robinson",25,22660731,0.0277127000001656,13435400,3,NA,NA,5107,0.5107
10000,32,"Pulkstenis-Robinson",26,22660732,0.015295400000241,13435464,3,NA,NA,5101,0.5101
10000,32,"Pulkstenis-Robinson",27,22660733,0.0200013999999555,13435464,3,NA,NA,5099,0.5099
10000,32,"Pulkstenis-Robinson",28,22660734,0.0259910000002037,13435464,3,NA,NA,5137,0.5137
10000,32,"Pulkstenis-Robinson",29,22660735,0.0259503000002042,13435392,3,NA,NA,5123,0.5123
10000,32,"Pulkstenis-Robinson",30,22660736,0.0147027000002709,13435464,4,NA,NA,5016,0.5016
10000,32,"glm_fit",1,22660707,0.0919795000002068,49472024,4,NA,NA,5086,0.5086
10000,32,"glm_fit",2,22660708,0.05661820000023,49472024,4,NA,NA,5028,0.5028
10000,32,"glm_fit",3,22660709,0.0639843000001292,41267336,3,NA,NA,5078,0.5078
10000,32,"glm_fit",4,22660710,0.0613297000002149,41267336,3,NA,NA,5130,0.513
10000,32,"glm_fit",5,22660711,0.0655794000001606,41267336,3,NA,NA,5092,0.5092
10000,32,"glm_fit",6,22660712,0.0548631999999998,49472024,4,NA,NA,5062,0.5062
10000,32,"glm_fit",7,22660713,0.0846372000000883,41267336,3,NA,NA,5118,0.5118
10000,32,"glm_fit",8,22660714,0.0907306000001427,41267336,3,NA,NA,5109,0.5109
10000,32,"glm_fit",9,22660715,0.074833099999978,41267336,3,NA,NA,5086,0.5086
10000,32,"glm_fit",10,22660716,0.090728800000079,49472024,4,NA,NA,5151,0.5151
10000,32,"glm_fit",11,22660717,0.0495923999999377,41267336,3,NA,NA,5077,0.5077
10000,32,"glm_fit",12,22660718,0.0947042000002511,49472024,4,NA,NA,5140,0.514
10000,32,"glm_fit",13,22660719,0.088780700000143,41267336,3,NA,NA,5090,0.509
10000,32,"glm_fit",14,22660720,0.0742232000002332,41267336,3,NA,NA,5010,0.501
10000,32,"glm_fit",15,22660721,0.0967201000003115,49472024,4,NA,NA,5008,0.5008
10000,32,"glm_fit",16,22660722,0.0592344000001503,49472024,4,NA,NA,5107,0.5107
10000,32,"glm_fit",17,22660723,0.0921693000002506,41267336,3,NA,NA,5038,0.5038
10000,32,"glm_fit",18,22660724,0.061159900000348,41267336,3,NA,NA,5125,0.5125
10000,32,"glm_fit",19,22660725,0.105515600000217,49472024,4,NA,NA,5082,0.5082
10000,32,"glm_fit",20,22660726,0.0865406000000348,49472024,4,NA,NA,5089,0.5089
10000,32,"glm_fit",21,22660727,0.119238500000165,49472024,4,NA,NA,5122,0.5122
10000,32,"glm_fit",22,22660728,0.0740265000001727,41267336,3,NA,NA,5072,0.5072
10000,32,"glm_fit",23,22660729,0.183060700000169,49472024,4,NA,NA,5071,0.5071
10000,32,"glm_fit",24,22660730,0.0787370000000465,49472024,4,NA,NA,5067,0.5067
10000,32,"glm_fit",25,22660731,0.0781813000000966,41267336,3,NA,NA,5107,0.5107
10000,32,"glm_fit",26,22660732,0.0583641999999145,41267336,3,NA,NA,5101,0.5101
10000,32,"glm_fit",27,22660733,0.0648428000001786,41267336,3,NA,NA,5099,0.5099
10000,32,"glm_fit",28,22660734,0.0767668000000867,41267336,3,NA,NA,5137,0.5137
10000,32,"glm_fit",29,22660735,0.193328300000076,41267336,3,NA,NA,5123,0.5123
10000,32,"glm_fit",30,22660736,0.062892599999941,49472024,4,NA,NA,5016,0.5016
20000,4,"DEF.poly3",1,22760707,0.0461066000002575,9082528,3,NA,NA,10170,0.5085
20000,4,"DEF.poly3",2,22760708,0.0297241000000668,9082528,4,NA,NA,10145,0.50725
20000,4,"DEF.poly3",3,22760709,0.0437236000002486,9082528,3,NA,NA,10198,0.5099
20000,4,"DEF.poly3",4,22760710,0.0407081000000744,9082528,4,NA,NA,10276,0.5138
20000,4,"DEF.poly3",5,22760711,0.0407136000001174,9082528,3,NA,NA,10291,0.51455
20000,4,"DEF.poly3",6,22760712,0.0327446000001146,9082528,3,NA,NA,10156,0.5078
20000,4,"DEF.poly3",7,22760713,0.0557244999999966,9082528,4,NA,NA,10159,0.50795
20000,4,"DEF.poly3",8,22760714,0.0391489000001002,9082528,4,NA,NA,10073,0.50365
20000,4,"DEF.poly3",9,22760715,0.0511366000000635,9082528,3,NA,NA,10203,0.51015
20000,4,"DEF.poly3",10,22760716,0.0605798000001414,9082528,3,NA,NA,10168,0.5084
20000,4,"DEF.poly3",11,22760717,0.0285963999999694,9082528,3,NA,NA,10159,0.50795
20000,4,"DEF.poly3",12,22760718,0.0413915000001452,9082528,3,NA,NA,10184,0.5092
20000,4,"DEF.poly3",13,22760719,0.0428536000001714,9082552,4,NA,NA,10214,0.5107
20000,4,"DEF.poly3",14,22760720,0.177200000000312,9082528,3,NA,NA,10148,0.5074
20000,4,"DEF.poly3",15,22760721,0.0404370000001109,9082528,3,NA,NA,10185,0.50925
20000,4,"DEF.poly3",16,22760722,0.0274533000001611,9082528,3,NA,NA,10232,0.5116
20000,4,"DEF.poly3",17,22760723,0.0416577000003144,9082552,3,NA,NA,10174,0.5087
20000,4,"DEF.poly3",18,22760724,0.0407049000002644,9082528,3,NA,NA,10266,0.5133
20000,4,"DEF.poly3",19,22760725,0.0439843000001474,9082528,4,NA,NA,10183,0.50915
20000,4,"DEF.poly3",20,22760726,0.0375694000001658,9082552,3,NA,NA,10214,0.5107
20000,4,"DEF.poly3",21,22760727,0.0278893000001972,9082528,3,NA,NA,10260,0.513
20000,4,"DEF.poly3",22,22760728,0.0425577000000885,9082528,3,NA,NA,10226,0.5113
20000,4,"DEF.poly3",23,22760729,0.0452234000001681,9082528,3,NA,NA,10064,0.5032
20000,4,"DEF.poly3",24,22760730,0.215481200000113,9082528,3,NA,NA,10131,0.50655
20000,4,"DEF.poly3",25,22760731,0.0414516000003005,9082528,4,NA,NA,10124,0.5062
20000,4,"DEF.poly3",26,22760732,0.0292664000000968,9082552,3,NA,NA,10090,0.5045
20000,4,"DEF.poly3",27,22760733,0.0414005000000088,9082528,4,NA,NA,10142,0.5071
20000,4,"DEF.poly3",28,22760734,0.0544580000000678,9082528,4,NA,NA,10196,0.5098
20000,4,"DEF.poly3",29,22760735,0.0406831000000238,9082528,4,NA,NA,10095,0.50475
20000,4,"DEF.poly3",30,22760736,0.0292251000000761,9082552,3,NA,NA,10183,0.50915
20000,4,"DEF.stukel",1,22760707,0.044675700000198,9075624,3,NA,NA,10170,0.5085
20000,4,"DEF.stukel",2,22760708,0.0269358000000466,9075624,4,NA,NA,10145,0.50725
20000,4,"DEF.stukel",3,22760709,0.041961700000229,9075624,3,NA,NA,10198,0.5099
20000,4,"DEF.stukel",4,22760710,0.0423100000000431,9075624,4,NA,NA,10276,0.5138
20000,4,"DEF.stukel",5,22760711,0.056181800000104,9075624,3,NA,NA,10291,0.51455
20000,4,"DEF.stukel",6,22760712,0.0305700999999772,9075624,3,NA,NA,10156,0.5078
20000,4,"DEF.stukel",7,22760713,0.0389230000002954,9075624,4,NA,NA,10159,0.50795
20000,4,"DEF.stukel",8,22760714,0.0492169999999987,9075624,4,NA,NA,10073,0.50365
20000,4,"DEF.stukel",9,22760715,0.0378920000002836,9075624,3,NA,NA,10203,0.51015
20000,4,"DEF.stukel",10,22760716,0.205456300000151,9075624,3,NA,NA,10168,0.5084
20000,4,"DEF.stukel",11,22760717,0.0283068000001094,9075624,3,NA,NA,10159,0.50795
20000,4,"DEF.stukel",12,22760718,0.0404624000002514,9075624,3,NA,NA,10184,0.5092
20000,4,"DEF.stukel",13,22760719,0.045622000000094,9075624,4,NA,NA,10214,0.5107
20000,4,"DEF.stukel",14,22760720,0.0422112000001107,9075624,3,NA,NA,10148,0.5074
20000,4,"DEF.stukel",15,22760721,0.0556553999999778,9075624,3,NA,NA,10185,0.50925
20000,4,"DEF.stukel",16,22760722,0.0274088000001029,9075624,3,NA,NA,10232,0.5116
20000,4,"DEF.stukel",17,22760723,0.0432827000001907,9075624,3,NA,NA,10174,0.5087
20000,4,"DEF.stukel",18,22760724,0.0512937000000875,9075624,3,NA,NA,10266,0.5133
20000,4,"DEF.stukel",19,22760725,0.0564264000001913,9075624,4,NA,NA,10183,0.50915
20000,4,"DEF.stukel",20,22760726,0.0436749000000418,9075624,3,NA,NA,10214,0.5107
20000,4,"DEF.stukel",21,22760727,0.0388602000000446,9075624,3,NA,NA,10260,0.513
20000,4,"DEF.stukel",22,22760728,0.042164400000047,9075624,3,NA,NA,10226,0.5113
20000,4,"DEF.stukel",23,22760729,0.0505732000001444,9075624,3,NA,NA,10064,0.5032
20000,4,"DEF.stukel",24,22760730,0.0419129000001703,9075624,3,NA,NA,10131,0.50655
20000,4,"DEF.stukel",25,22760731,0.0423260000000028,9075624,4,NA,NA,10124,0.5062
20000,4,"DEF.stukel",26,22760732,0.0280156000003444,9075624,3,NA,NA,10090,0.5045
20000,4,"DEF.stukel",27,22760733,0.0426269000001867,9075624,4,NA,NA,10142,0.5071
20000,4,"DEF.stukel",28,22760734,0.049379799999997,9075624,4,NA,NA,10196,0.5098
20000,4,"DEF.stukel",29,22760735,0.0395630000000438,9075624,4,NA,NA,10095,0.50475
20000,4,"DEF.stukel",30,22760736,0.029003800000055,9075624,3,NA,NA,10183,0.50915
20000,4,"EF",1,22760707,0.00928210000029139,5350456,3,NA,NA,10170,0.5085
20000,4,"EF",2,22760708,0.00497400000017478,5350456,4,NA,NA,10145,0.50725
20000,4,"EF",3,22760709,0.0101478000001407,5350456,3,NA,NA,10198,0.5099
20000,4,"EF",4,22760710,0.0105588999999782,5350456,4,NA,NA,10276,0.5138
20000,4,"EF",5,22760711,0.00918500000011591,5350456,3,NA,NA,10291,0.51455
20000,4,"EF",6,22760712,0.00533040000004803,5350456,3,NA,NA,10156,0.5078
20000,4,"EF",7,22760713,0.0108718000001318,5350456,4,NA,NA,10159,0.50795
20000,4,"EF",8,22760714,0.00839700000005905,5350456,4,NA,NA,10073,0.50365
20000,4,"EF",9,22760715,0.0187183000000459,5350456,3,NA,NA,10203,0.51015
20000,4,"EF",10,22760716,0.00874830000020665,5350456,3,NA,NA,10168,0.5084
20000,4,"EF",11,22760717,0.00588310000034653,5350456,3,NA,NA,10159,0.50795
20000,4,"EF",12,22760718,0.0108694000002743,5350456,3,NA,NA,10184,0.5092
20000,4,"EF",13,22760719,0.00970050000000811,5350456,4,NA,NA,10214,0.5107
20000,4,"EF",14,22760720,0.00845520000007127,5350456,3,NA,NA,10148,0.5074
20000,4,"EF",15,22760721,0.00957080000011956,5350456,3,NA,NA,10185,0.50925
20000,4,"EF",16,22760722,0.00538820000019768,5350456,3,NA,NA,10232,0.5116
20000,4,"EF",17,22760723,0.0080710000002,5350456,3,NA,NA,10174,0.5087
20000,4,"EF",18,22760724,0.0101448000000346,5350456,3,NA,NA,10266,0.5133
20000,4,"EF",19,22760725,0.00951080000027105,5350456,4,NA,NA,10183,0.50915
20000,4,"EF",20,22760726,0.00890230000027259,5350456,3,NA,NA,10214,0.5107
20000,4,"EF",21,22760727,0.00536180000017339,5350456,3,NA,NA,10260,0.513
20000,4,"EF",22,22760728,0.0120264000001953,5350456,3,NA,NA,10226,0.5113
20000,4,"EF",23,22760729,0.019217300000264,5350456,3,NA,NA,10064,0.5032
20000,4,"EF",24,22760730,0.00888230000009571,5350456,3,NA,NA,10131,0.50655
20000,4,"EF",25,22760731,0.0238277000000835,5350456,4,NA,NA,10124,0.5062
20000,4,"EF",26,22760732,0.0128738000000794,5350456,3,NA,NA,10090,0.5045
20000,4,"EF",27,22760733,0.00918690000003153,5350456,4,NA,NA,10142,0.5071
20000,4,"EF",28,22760734,0.0382968000001256,5350456,4,NA,NA,10196,0.5098
20000,4,"EF",29,22760735,0.0116778000001432,5350456,4,NA,NA,10095,0.50475
20000,4,"EF",30,22760736,0.00949610000020584,5350456,3,NA,NA,10183,0.50915
20000,4,"HL",1,22760707,0.0419853000000785,4185648,3,NA,NA,10170,0.5085
20000,4,"HL",2,22760708,0.0248627000000852,4185648,4,NA,NA,10145,0.50725
20000,4,"HL",3,22760709,0.0323244000001068,4185648,3,NA,NA,10198,0.5099
20000,4,"HL",4,22760710,0.034131600000137,4185648,4,NA,NA,10276,0.5138
20000,4,"HL",5,22760711,0.0345626000000721,4185648,3,NA,NA,10291,0.51455
20000,4,"HL",6,22760712,0.0248071000000891,4185648,3,NA,NA,10156,0.5078
20000,4,"HL",7,22760713,0.0335850000001301,4185648,4,NA,NA,10159,0.50795
20000,4,"HL",8,22760714,0.0358532000002469,4185648,4,NA,NA,10073,0.50365
20000,4,"HL",9,22760715,0.0346164000002318,4185648,3,NA,NA,10203,0.51015
20000,4,"HL",10,22760716,0.0378726000001279,4185648,3,NA,NA,10168,0.5084
20000,4,"HL",11,22760717,0.023732599999903,4185648,3,NA,NA,10159,0.50795
20000,4,"HL",12,22760718,0.0329542000001766,4185648,3,NA,NA,10184,0.5092
20000,4,"HL",13,22760719,0.0398600000000897,4185648,4,NA,NA,10214,0.5107
20000,4,"HL",14,22760720,0.0310899000000973,4185648,3,NA,NA,10148,0.5074
20000,4,"HL",15,22760721,0.0396987000001445,4185648,3,NA,NA,10185,0.50925
20000,4,"HL",16,22760722,0.0236993999997139,4185648,3,NA,NA,10232,0.5116
20000,4,"HL",17,22760723,0.0393231000000469,4185648,3,NA,NA,10174,0.5087
20000,4,"HL",18,22760724,0.0364702000001671,4185648,3,NA,NA,10266,0.5133
20000,4,"HL",19,22760725,0.0405565000000934,4185648,4,NA,NA,10183,0.50915
20000,4,"HL",20,22760726,0.0294542000001456,4185648,3,NA,NA,10214,0.5107
20000,4,"HL",21,22760727,0.0247034000003623,4185648,3,NA,NA,10260,0.513
20000,4,"HL",22,22760728,0.0375212000001284,4185648,3,NA,NA,10226,0.5113
20000,4,"HL",23,22760729,0.0321011000000908,4185648,3,NA,NA,10064,0.5032
20000,4,"HL",24,22760730,0.0337380000000849,4185648,3,NA,NA,10131,0.50655
20000,4,"HL",25,22760731,0.0323108000002321,4185648,4,NA,NA,10124,0.5062
20000,4,"HL",26,22760732,0.0242554000001292,4185648,3,NA,NA,10090,0.5045
20000,4,"HL",27,22760733,0.036432200000263,4185648,4,NA,NA,10142,0.5071
20000,4,"HL",28,22760734,0.030434900000273,4185648,4,NA,NA,10196,0.5098
20000,4,"HL",29,22760735,0.0346894000001612,4185648,4,NA,NA,10095,0.50475
20000,4,"HL",30,22760736,0.0236035000000356,4185648,3,NA,NA,10183,0.50915
20000,4,"Pigeon-Heyse",1,22760707,0.0139463000000433,4289664,3,NA,NA,10170,0.5085
20000,4,"Pigeon-Heyse",2,22760708,0.00522260000002461,4289664,4,NA,NA,10145,0.50725
20000,4,"Pigeon-Heyse",3,22760709,0.0122037000001001,4289664,3,NA,NA,10198,0.5099
20000,4,"Pigeon-Heyse",4,22760710,0.00704400000017813,4289664,4,NA,NA,10276,0.5138
20000,4,"Pigeon-Heyse",5,22760711,0.00803030000020044,4289664,3,NA,NA,10291,0.51455
20000,4,"Pigeon-Heyse",6,22760712,0.00511320000032356,4289664,3,NA,NA,10156,0.5078
20000,4,"Pigeon-Heyse",7,22760713,0.00820800000019517,4289664,4,NA,NA,10159,0.50795
20000,4,"Pigeon-Heyse",8,22760714,0.00707540000007612,4289664,4,NA,NA,10073,0.50365
20000,4,"Pigeon-Heyse",9,22760715,0.0118437000003269,4289664,3,NA,NA,10203,0.51015
20000,4,"Pigeon-Heyse",10,22760716,0.00963560000013786,4289664,3,NA,NA,10168,0.5084
20000,4,"Pigeon-Heyse",11,22760717,0.00521480000020347,4289664,3,NA,NA,10159,0.50795
20000,4,"Pigeon-Heyse",12,22760718,0.0076686999998401,4289664,3,NA,NA,10184,0.5092
20000,4,"Pigeon-Heyse",13,22760719,0.00851580000016838,4289664,4,NA,NA,10214,0.5107
20000,4,"Pigeon-Heyse",14,22760720,0.00728879999996934,4289664,3,NA,NA,10148,0.5074
20000,4,"Pigeon-Heyse",15,22760721,0.0175220000003264,4289664,3,NA,NA,10185,0.50925
20000,4,"Pigeon-Heyse",16,22760722,0.00450670000009268,4289664,3,NA,NA,10232,0.5116
20000,4,"Pigeon-Heyse",17,22760723,0.00733240000022306,4289664,3,NA,NA,10174,0.5087
20000,4,"Pigeon-Heyse",18,22760724,0.00736620000020594,4289664,3,NA,NA,10266,0.5133
20000,4,"Pigeon-Heyse",19,22760725,0.00969780000013998,4289664,4,NA,NA,10183,0.50915
20000,4,"Pigeon-Heyse",20,22760726,0.00715040000022782,4289664,3,NA,NA,10214,0.5107
20000,4,"Pigeon-Heyse",21,22760727,0.00511600000004364,4289664,3,NA,NA,10260,0.513
20000,4,"Pigeon-Heyse",22,22760728,0.00820829999997841,4289664,3,NA,NA,10226,0.5113
20000,4,"Pigeon-Heyse",23,22760729,0.00621219999993627,4289664,3,NA,NA,10064,0.5032
20000,4,"Pigeon-Heyse",24,22760730,0.00635500000021239,4289664,3,NA,NA,10131,0.50655
20000,4,"Pigeon-Heyse",25,22760731,0.00913390000027903,4289664,4,NA,NA,10124,0.5062
20000,4,"Pigeon-Heyse",26,22760732,0.00474370000029012,4289664,3,NA,NA,10090,0.5045
20000,4,"Pigeon-Heyse",27,22760733,0.00768889999994826,4289664,4,NA,NA,10142,0.5071
20000,4,"Pigeon-Heyse",28,22760734,0.00725350000016078,4289664,4,NA,NA,10196,0.5098
20000,4,"Pigeon-Heyse",29,22760735,0.00678000000016254,4289664,4,NA,NA,10095,0.50475
20000,4,"Pigeon-Heyse",30,22760736,0.00584130000015648,4289664,3,NA,NA,10183,0.50915
20000,4,"Osius-Rojek",1,22760707,0.0109035000002677,5602168,3,NA,NA,10170,0.5085
20000,4,"Osius-Rojek",2,22760708,0.00307800000018688,5602168,4,NA,NA,10145,0.50725
20000,4,"Osius-Rojek",3,22760709,0.00723720000019057,5602168,3,NA,NA,10198,0.5099
20000,4,"Osius-Rojek",4,22760710,0.005557600000202,5602168,4,NA,NA,10276,0.5138
20000,4,"Osius-Rojek",5,22760711,0.00533470000004854,5602168,3,NA,NA,10291,0.51455
20000,4,"Osius-Rojek",6,22760712,0.0035245000001396,5602168,3,NA,NA,10156,0.5078
20000,4,"Osius-Rojek",7,22760713,0.00629120000007788,5602168,4,NA,NA,10159,0.50795
20000,4,"Osius-Rojek",8,22760714,0.00502390000019659,5602168,4,NA,NA,10073,0.50365
20000,4,"Osius-Rojek",9,22760715,0.00706370000011702,5602168,3,NA,NA,10203,0.51015
20000,4,"Osius-Rojek",10,22760716,0.0054947000003267,5602168,3,NA,NA,10168,0.5084
20000,4,"Osius-Rojek",11,22760717,0.0032994000000599,5602168,3,NA,NA,10159,0.50795
20000,4,"Osius-Rojek",12,22760718,0.00651580000021568,5602168,3,NA,NA,10184,0.5092
20000,4,"Osius-Rojek",13,22760719,0.00917180000010376,5602168,4,NA,NA,10214,0.5107
20000,4,"Osius-Rojek",14,22760720,0.00633160000006683,5602168,3,NA,NA,10148,0.5074
20000,4,"Osius-Rojek",15,22760721,0.00783890000025167,5602168,3,NA,NA,10185,0.50925
20000,4,"Osius-Rojek",16,22760722,0.00471720000018649,5602168,3,NA,NA,10232,0.5116
20000,4,"Osius-Rojek",17,22760723,0.00607560000025842,5602168,3,NA,NA,10174,0.5087
20000,4,"Osius-Rojek",18,22760724,0.00652080000031674,5602168,3,NA,NA,10266,0.5133
20000,4,"Osius-Rojek",19,22760725,0.00608860000011191,5602168,4,NA,NA,10183,0.50915
20000,4,"Osius-Rojek",20,22760726,0.0131112999999914,5602168,3,NA,NA,10214,0.5107
20000,4,"Osius-Rojek",21,22760727,0.00372360000028493,5602168,3,NA,NA,10260,0.513
20000,4,"Osius-Rojek",22,22760728,0.00679850000005899,5602168,3,NA,NA,10226,0.5113
20000,4,"Osius-Rojek",23,22760729,0.00629589999994096,5602168,3,NA,NA,10064,0.5032
20000,4,"Osius-Rojek",24,22760730,0.00736060000008365,5602168,3,NA,NA,10131,0.50655
20000,4,"Osius-Rojek",25,22760731,0.00556540000025052,5602168,4,NA,NA,10124,0.5062
20000,4,"Osius-Rojek",26,22760732,0.003178600000183,5602168,3,NA,NA,10090,0.5045
20000,4,"Osius-Rojek",27,22760733,0.0159135999999762,5602168,4,NA,NA,10142,0.5071
20000,4,"Osius-Rojek",28,22760734,0.00524970000014946,5602168,4,NA,NA,10196,0.5098
20000,4,"Osius-Rojek",29,22760735,0.00615960000027371,5602168,4,NA,NA,10095,0.50475
20000,4,"Osius-Rojek",30,22760736,0.00490459999991799,5602168,3,NA,NA,10183,0.50915
20000,4,"Stukel",1,22760707,0.00530520000006618,6962584,3,4,1,10170,0.5085
20000,4,"Stukel",2,22760708,0.00337650000028589,6962584,4,4,1,10145,0.50725
20000,4,"Stukel",3,22760709,0.00729940000019269,6962584,3,4,1,10198,0.5099
20000,4,"Stukel",4,22760710,0.00810239999987061,6962584,4,4,1,10276,0.5138
20000,4,"Stukel",5,22760711,0.00589530000024752,6962584,3,4,1,10291,0.51455
20000,4,"Stukel",6,22760712,0.00398740000014186,6962584,3,4,1,10156,0.5078
20000,4,"Stukel",7,22760713,0.0154456000002483,6962584,4,4,1,10159,0.50795
20000,4,"Stukel",8,22760714,0.0054179000003387,6962584,4,4,1,10073,0.50365
20000,4,"Stukel",9,22760715,0.0074528000002374,6962584,3,4,1,10203,0.51015
20000,4,"Stukel",10,22760716,0.00597140000013496,6962584,3,4,1,10168,0.5084
20000,4,"Stukel",11,22760717,0.00403899999992063,6962584,3,4,1,10159,0.50795
20000,4,"Stukel",12,22760718,0.0171067000001131,6962584,3,4,1,10184,0.5092
20000,4,"Stukel",13,22760719,0.0204333000001498,6962584,4,4,1,10214,0.5107
20000,4,"Stukel",14,22760720,0.00737220000019079,6962584,3,4,1,10148,0.5074
20000,4,"Stukel",15,22760721,0.00870260000010603,6962584,3,4,1,10185,0.50925
20000,4,"Stukel",16,22760722,0.00995800000009694,6962584,3,4,1,10232,0.5116
20000,4,"Stukel",17,22760723,0.00909800000022187,6962584,3,4,1,10174,0.5087
20000,4,"Stukel",18,22760724,0.00475390000019615,6962584,3,4,1,10266,0.5133
20000,4,"Stukel",19,22760725,0.0105042000002413,6962584,4,4,1,10183,0.50915
20000,4,"Stukel",20,22760726,0.00806620000003022,6962584,3,4,1,10214,0.5107
20000,4,"Stukel",21,22760727,0.00786260000018046,6962584,3,4,1,10260,0.513
20000,4,"Stukel",22,22760728,0.00665050000020528,6962584,3,4,1,10226,0.5113
20000,4,"Stukel",23,22760729,0.00474900000017442,6962584,3,4,1,10064,0.5032
20000,4,"Stukel",24,22760730,0.00661060000015823,6962584,3,4,1,10131,0.50655
20000,4,"Stukel",25,22760731,0.0101655000000846,6962584,4,4,1,10124,0.5062
20000,4,"Stukel",26,22760732,0.00737770000023374,6962584,3,4,1,10090,0.5045
20000,4,"Stukel",27,22760733,0.00479660000019067,6962584,4,4,1,10142,0.5071
20000,4,"Stukel",28,22760734,0.00862710000023981,6962584,4,4,1,10196,0.5098
20000,4,"Stukel",29,22760735,0.00593180000032589,6962584,4,4,1,10095,0.50475
20000,4,"Stukel",30,22760736,0.0254029999998693,6962584,3,4,1,10183,0.50915
20000,4,"Tsiatis",1,22760707,0.0762742000001708,15995008,3,NA,NA,10170,0.5085
20000,4,"Tsiatis",2,22760708,0.0424291000001631,15995008,4,NA,NA,10145,0.50725
20000,4,"Tsiatis",3,22760709,0.0629757000001518,15995008,3,NA,NA,10198,0.5099
20000,4,"Tsiatis",4,22760710,0.0893490000000838,15995008,4,NA,NA,10276,0.5138
20000,4,"Tsiatis",5,22760711,0.0531502000001183,15995008,3,NA,NA,10291,0.51455
20000,4,"Tsiatis",6,22760712,0.0534044000000904,15995008,3,NA,NA,10156,0.5078
20000,4,"Tsiatis",7,22760713,0.0628160999999636,15995008,4,NA,NA,10159,0.50795
20000,4,"Tsiatis",8,22760714,0.0686035999999604,15995008,4,NA,NA,10073,0.50365
20000,4,"Tsiatis",9,22760715,0.0733139000001302,15995008,3,NA,NA,10203,0.51015
20000,4,"Tsiatis",10,22760716,0.0789304000002176,15995008,3,NA,NA,10168,0.5084
20000,4,"Tsiatis",11,22760717,0.0413417000002028,15995008,3,NA,NA,10159,0.50795
20000,4,"Tsiatis",12,22760718,0.0772083000001658,15995008,3,NA,NA,10184,0.5092
20000,4,"Tsiatis",13,22760719,0.0854592000002867,15995008,4,NA,NA,10214,0.5107
20000,4,"Tsiatis",14,22760720,0.105579499999976,15995008,3,NA,NA,10148,0.5074
20000,4,"Tsiatis",15,22760721,0.064846000000216,15995008,3,NA,NA,10185,0.50925
20000,4,"Tsiatis",16,22760722,0.0566733000000568,15995008,3,NA,NA,10232,0.5116
20000,4,"Tsiatis",17,22760723,0.0689131000001453,15995008,3,NA,NA,10174,0.5087
20000,4,"Tsiatis",18,22760724,0.0784364000003279,15995008,3,NA,NA,10266,0.5133
20000,4,"Tsiatis",19,22760725,0.117358299999978,15995008,4,NA,NA,10183,0.50915
20000,4,"Tsiatis",20,22760726,0.0533466000001681,15995008,3,NA,NA,10214,0.5107
20000,4,"Tsiatis",21,22760727,0.0452757000002748,15995008,3,NA,NA,10260,0.513
20000,4,"Tsiatis",22,22760728,0.0754913000002944,15995008,3,NA,NA,10226,0.5113
20000,4,"Tsiatis",23,22760729,0.0784914000003027,15995008,3,NA,NA,10064,0.5032
20000,4,"Tsiatis",24,22760730,0.0953568000002178,15995008,3,NA,NA,10131,0.50655
20000,4,"Tsiatis",25,22760731,0.0894996000001811,15995008,4,NA,NA,10124,0.5062
20000,4,"Tsiatis",26,22760732,0.0835879000001114,15995008,3,NA,NA,10090,0.5045
20000,4,"Tsiatis",27,22760733,0.0500397000000703,15995008,4,NA,NA,10142,0.5071
20000,4,"Tsiatis",28,22760734,0.0567146999999295,15995008,4,NA,NA,10196,0.5098
20000,4,"Tsiatis",29,22760735,0.0685126999999284,15995008,4,NA,NA,10095,0.50475
20000,4,"Tsiatis",30,22760736,0.0671257000001333,15995008,3,NA,NA,10183,0.50915
20000,4,"Xie",1,22760707,1.42633270000033,37846736,3,NA,NA,10170,0.5085
20000,4,"Xie",2,22760708,1.1649252000002,37846728,4,NA,NA,10145,0.50725
20000,4,"Xie",3,22760709,1.53845730000012,37846728,3,NA,NA,10198,0.5099
20000,4,"Xie",4,22760710,1.46040379999977,37846736,4,NA,NA,10276,0.5138
20000,4,"Xie",5,22760711,1.41853850000007,37846744,3,NA,NA,10291,0.51455
20000,4,"Xie",6,22760712,1.02411490000009,37846744,3,NA,NA,10156,0.5078
20000,4,"Xie",7,22760713,1.50026810000031,37846720,4,NA,NA,10159,0.50795
20000,4,"Xie",8,22760714,1.40670550000004,37846736,4,NA,NA,10073,0.50365
20000,4,"Xie",9,22760715,1.54913350000015,37846728,3,NA,NA,10203,0.51015
20000,4,"Xie",10,22760716,1.49257700000021,37846736,3,NA,NA,10168,0.5084
20000,4,"Xie",11,22760717,1.16178669999999,37846720,3,NA,NA,10159,0.50795
20000,4,"Xie",12,22760718,1.4777418000001,37846728,3,NA,NA,10184,0.5092
20000,4,"Xie",13,22760719,1.5494076,37846736,4,NA,NA,10214,0.5107
20000,4,"Xie",14,22760720,1.47517530000027,37846720,3,NA,NA,10148,0.5074
20000,4,"Xie",15,22760721,1.48964050000018,37846744,3,NA,NA,10185,0.50925
20000,4,"Xie",16,22760722,1.15300020000018,37846744,3,NA,NA,10232,0.5116
20000,4,"Xie",17,22760723,1.4453403,37846728,3,NA,NA,10174,0.5087
20000,4,"Xie",18,22760724,1.61883640000019,37846736,3,NA,NA,10266,0.5133
20000,4,"Xie",19,22760725,1.49343109999995,37846744,4,NA,NA,10183,0.50915
20000,4,"Xie",20,22760726,1.2093854000002,37846736,3,NA,NA,10214,0.5107
20000,4,"Xie",21,22760727,1.18027430000006,37846736,3,NA,NA,10260,0.513
20000,4,"Xie",22,22760728,1.49624870000002,37846720,3,NA,NA,10226,0.5113
20000,4,"Xie",23,22760729,1.62024169999995,37846728,3,NA,NA,10064,0.5032
20000,4,"Xie",24,22760730,1.49745120000011,37846728,3,NA,NA,10131,0.50655
20000,4,"Xie",25,22760731,1.48867480000013,37846728,4,NA,NA,10124,0.5062
20000,4,"Xie",26,22760732,1.21374540000011,37846736,3,NA,NA,10090,0.5045
20000,4,"Xie",27,22760733,1.51028060000021,37846736,4,NA,NA,10142,0.5071
20000,4,"Xie",28,22760734,1.43741720000025,37846728,4,NA,NA,10196,0.5098
20000,4,"Xie",29,22760735,1.43371540000021,37846728,4,NA,NA,10095,0.50475
20000,4,"Xie",30,22760736,1.02844810000011,37846728,3,NA,NA,10183,0.50915
20000,4,"Pulkstenis-Robinson",1,22760707,0.022973200000024,8298536,3,NA,NA,10170,0.5085
20000,4,"Pulkstenis-Robinson",2,22760708,0.0146485000000212,8298536,4,NA,NA,10145,0.50725
20000,4,"Pulkstenis-Robinson",3,22760709,0.0234460000001491,8298472,3,NA,NA,10198,0.5099
20000,4,"Pulkstenis-Robinson",4,22760710,0.0254419000000325,8298536,4,NA,NA,10276,0.5138
20000,4,"Pulkstenis-Robinson",5,22760711,0.0241211000002295,8298536,3,NA,NA,10291,0.51455
20000,4,"Pulkstenis-Robinson",6,22760712,0.0150398000000678,8298536,3,NA,NA,10156,0.5078
20000,4,"Pulkstenis-Robinson",7,22760713,0.0325831000000107,8298472,4,NA,NA,10159,0.50795
20000,4,"Pulkstenis-Robinson",8,22760714,0.123838800000158,8298472,4,NA,NA,10073,0.50365
20000,4,"Pulkstenis-Robinson",9,22760715,0.0264034000001629,8298536,3,NA,NA,10203,0.51015
20000,4,"Pulkstenis-Robinson",10,22760716,0.0192878000002565,8298472,3,NA,NA,10168,0.5084
20000,4,"Pulkstenis-Robinson",11,22760717,0.0145840000000135,8298472,3,NA,NA,10159,0.50795
20000,4,"Pulkstenis-Robinson",12,22760718,0.0312595000002602,8298528,3,NA,NA,10184,0.5092
20000,4,"Pulkstenis-Robinson",13,22760719,0.020704600000272,8298536,4,NA,NA,10214,0.5107
20000,4,"Pulkstenis-Robinson",14,22760720,0.0228557000002638,8298536,3,NA,NA,10148,0.5074
20000,4,"Pulkstenis-Robinson",15,22760721,0.0268441000002895,8298472,3,NA,NA,10185,0.50925
20000,4,"Pulkstenis-Robinson",16,22760722,0.0151083000000654,8298536,3,NA,NA,10232,0.5116
20000,4,"Pulkstenis-Robinson",17,22760723,0.029875100000254,8298536,3,NA,NA,10174,0.5087
20000,4,"Pulkstenis-Robinson",18,22760724,0.0146080000001803,8298472,3,NA,NA,10266,0.5133
20000,4,"Pulkstenis-Robinson",19,22760725,0.0229737000001933,8298536,4,NA,NA,10183,0.50915
20000,4,"Pulkstenis-Robinson",20,22760726,0.0204980000000887,8298536,3,NA,NA,10214,0.5107
20000,4,"Pulkstenis-Robinson",21,22760727,0.0136171000001468,8298536,3,NA,NA,10260,0.513
20000,4,"Pulkstenis-Robinson",22,22760728,0.0210273000002417,8298536,3,NA,NA,10226,0.5113
20000,4,"Pulkstenis-Robinson",23,22760729,0.0189828000002308,8298536,3,NA,NA,10064,0.5032
20000,4,"Pulkstenis-Robinson",24,22760730,0.0147299000002477,8298472,3,NA,NA,10131,0.50655
20000,4,"Pulkstenis-Robinson",25,22760731,0.0248868000001039,8298536,4,NA,NA,10124,0.5062
20000,4,"Pulkstenis-Robinson",26,22760732,0.01452200000017,8298536,3,NA,NA,10090,0.5045
20000,4,"Pulkstenis-Robinson",27,22760733,0.0203050000002349,8298536,4,NA,NA,10142,0.5071
20000,4,"Pulkstenis-Robinson",28,22760734,0.0222614000001613,8298536,4,NA,NA,10196,0.5098
20000,4,"Pulkstenis-Robinson",29,22760735,0.0649232000002939,8298536,4,NA,NA,10095,0.50475
20000,4,"Pulkstenis-Robinson",30,22760736,0.0152715000001535,8298536,3,NA,NA,10183,0.50915
20000,4,"glm_fit",1,22760707,0.0613987000001543,33076832,3,NA,NA,10170,0.5085
20000,4,"glm_fit",2,22760708,0.0421792999998161,40519736,4,NA,NA,10145,0.50725
20000,4,"glm_fit",3,22760709,0.0581438000001526,33076832,3,NA,NA,10198,0.5099
20000,4,"glm_fit",4,22760710,0.0595948000002409,40519736,4,NA,NA,10276,0.5138
20000,4,"glm_fit",5,22760711,0.0502553999999691,33076832,3,NA,NA,10291,0.51455
20000,4,"glm_fit",6,22760712,0.0366325000002234,33076832,3,NA,NA,10156,0.5078
20000,4,"glm_fit",7,22760713,0.0649547000000439,40519736,4,NA,NA,10159,0.50795
20000,4,"glm_fit",8,22760714,0.0585130999998,40519736,4,NA,NA,10073,0.50365
20000,4,"glm_fit",9,22760715,0.0461764000001494,33076832,3,NA,NA,10203,0.51015
20000,4,"glm_fit",10,22760716,0.0523031000002447,33076832,3,NA,NA,10168,0.5084
20000,4,"glm_fit",11,22760717,0.0302563999998711,33076832,3,NA,NA,10159,0.50795
20000,4,"glm_fit",12,22760718,0.0615306000001965,33076832,3,NA,NA,10184,0.5092
20000,4,"glm_fit",13,22760719,0.0550504000000274,40519736,4,NA,NA,10214,0.5107
20000,4,"glm_fit",14,22760720,0.0583827000000383,33076832,3,NA,NA,10148,0.5074
20000,4,"glm_fit",15,22760721,0.0652536000000055,33076832,3,NA,NA,10185,0.50925
20000,4,"glm_fit",16,22760722,0.033897700000125,33076832,3,NA,NA,10232,0.5116
20000,4,"glm_fit",17,22760723,0.0565013000002637,33076832,3,NA,NA,10174,0.5087
20000,4,"glm_fit",18,22760724,0.138134799999989,33076832,3,NA,NA,10266,0.5133
20000,4,"glm_fit",19,22760725,0.0565266000000975,40519736,4,NA,NA,10183,0.50915
20000,4,"glm_fit",20,22760726,0.0492727000000741,33076832,3,NA,NA,10214,0.5107
20000,4,"glm_fit",21,22760727,0.0386338000000706,33076832,3,NA,NA,10260,0.513
20000,4,"glm_fit",22,22760728,0.0468092000000979,33076832,3,NA,NA,10226,0.5113
20000,4,"glm_fit",23,22760729,0.0462366000001566,33076832,3,NA,NA,10064,0.5032
20000,4,"glm_fit",24,22760730,0.0478605000002972,33076832,3,NA,NA,10131,0.50655
20000,4,"glm_fit",25,22760731,0.059101900000087,40519736,4,NA,NA,10124,0.5062
20000,4,"glm_fit",26,22760732,0.0316992000000482,33076832,3,NA,NA,10090,0.5045
20000,4,"glm_fit",27,22760733,0.0445001000002776,40519736,4,NA,NA,10142,0.5071
20000,4,"glm_fit",28,22760734,0.0526162000001023,40519736,4,NA,NA,10196,0.5098
20000,4,"glm_fit",29,22760735,0.0776317000002109,40519736,4,NA,NA,10095,0.50475
20000,4,"glm_fit",30,22760736,0.0303046999999879,33076832,3,NA,NA,10183,0.50915
20000,8,"DEF.poly3",1,22860707,0.0505609999997887,11646544,4,NA,NA,10252,0.5126
20000,8,"DEF.poly3",2,22860708,0.0312046000001374,11646544,4,NA,NA,10244,0.5122
20000,8,"DEF.poly3",3,22860709,0.0452349000001959,11646544,3,NA,NA,10228,0.5114
20000,8,"DEF.poly3",4,22860710,0.048833900000318,11646544,3,NA,NA,10131,0.50655
20000,8,"DEF.poly3",5,22860711,0.0521487000000889,11646568,3,NA,NA,10386,0.5193
20000,8,"DEF.poly3",6,22860712,0.0313324000001103,11646544,4,NA,NA,10054,0.5027
20000,8,"DEF.poly3",7,22860713,0.0622887000001811,11646544,4,NA,NA,10202,0.5101
20000,8,"DEF.poly3",8,22860714,0.0464064000002509,11646544,4,NA,NA,10236,0.5118
20000,8,"DEF.poly3",9,22860715,0.0422601000002487,11646544,3,NA,NA,10343,0.51715
20000,8,"DEF.poly3",10,22860716,0.0500980000001618,11646568,4,NA,NA,10184,0.5092
20000,8,"DEF.poly3",11,22860717,0.031074000000217,11646544,3,NA,NA,10148,0.5074
20000,8,"DEF.poly3",12,22860718,0.0555096000000503,11646544,4,NA,NA,10316,0.5158
20000,8,"DEF.poly3",13,22860719,0.0502341000001252,11646544,3,NA,NA,10222,0.5111
20000,8,"DEF.poly3",14,22860720,0.0859279999999671,11646544,4,NA,NA,10259,0.51295
20000,8,"DEF.poly3",15,22860721,0.0465622000001531,11646544,3,NA,NA,10228,0.5114
20000,8,"DEF.poly3",16,22860722,0.0302128000002995,11646544,4,NA,NA,10325,0.51625
20000,8,"DEF.poly3",17,22860723,0.0493138000001636,11646544,4,NA,NA,10177,0.50885
20000,8,"DEF.poly3",18,22860724,0.0618376000002172,11646544,3,NA,NA,10338,0.5169
20000,8,"DEF.poly3",19,22860725,0.0528443000002881,11646544,3,NA,NA,10322,0.5161
20000,8,"DEF.poly3",20,22860726,0.0400884000000588,11646544,3,NA,NA,10223,0.51115
20000,8,"DEF.poly3",21,22860727,0.0322960000000876,11646544,3,NA,NA,10196,0.5098
20000,8,"DEF.poly3",22,22860728,0.0457106000001204,11646544,3,NA,NA,10212,0.5106
20000,8,"DEF.poly3",23,22860729,0.0606058000003031,11646544,4,NA,NA,9980,0.499
20000,8,"DEF.poly3",24,22860730,0.0581861000000572,11646544,3,NA,NA,10378,0.5189
20000,8,"DEF.poly3",25,22860731,0.0534355000002051,11646568,3,NA,NA,10188,0.5094
20000,8,"DEF.poly3",26,22860732,0.0310980000001564,11646544,3,NA,NA,10216,0.5108
20000,8,"DEF.poly3",27,22860733,0.0455331000002843,11646544,3,NA,NA,10196,0.5098
20000,8,"DEF.poly3",28,22860734,0.0547091000003093,11646568,3,NA,NA,10206,0.5103
20000,8,"DEF.poly3",29,22860735,0.0427353000000039,11646544,3,NA,NA,10198,0.5099
20000,8,"DEF.poly3",30,22860736,0.0309271000003264,11646544,3,NA,NA,10153,0.50765
20000,8,"DEF.stukel",1,22860707,0.0593501000000742,11639640,4,NA,NA,10252,0.5126
20000,8,"DEF.stukel",2,22860708,0.0348705000001246,11639640,4,NA,NA,10244,0.5122
20000,8,"DEF.stukel",3,22860709,0.0470347000002675,11639640,3,NA,NA,10228,0.5114
20000,8,"DEF.stukel",4,22860710,0.0408646000003046,11639640,3,NA,NA,10131,0.50655
20000,8,"DEF.stukel",5,22860711,0.0541137000000163,11639640,3,NA,NA,10386,0.5193
20000,8,"DEF.stukel",6,22860712,0.0334505000002991,11639640,4,NA,NA,10054,0.5027
20000,8,"DEF.stukel",7,22860713,0.0512683000001743,11639640,4,NA,NA,10202,0.5101
20000,8,"DEF.stukel",8,22860714,0.0411845000000994,11639640,4,NA,NA,10236,0.5118
20000,8,"DEF.stukel",9,22860715,0.0447254000000612,11639640,3,NA,NA,10343,0.51715
20000,8,"DEF.stukel",10,22860716,0.0676915999999892,11639640,4,NA,NA,10184,0.5092
20000,8,"DEF.stukel",11,22860717,0.0320849000001999,11639640,3,NA,NA,10148,0.5074
20000,8,"DEF.stukel",12,22860718,0.0433817000002819,11639640,4,NA,NA,10316,0.5158
20000,8,"DEF.stukel",13,22860719,0.047058399999969,11639640,3,NA,NA,10222,0.5111
20000,8,"DEF.stukel",14,22860720,0.0442718000001605,11639640,4,NA,NA,10259,0.51295
20000,8,"DEF.stukel",15,22860721,0.0770442000000457,11639640,3,NA,NA,10228,0.5114
20000,8,"DEF.stukel",16,22860722,0.0338397000002715,11639640,4,NA,NA,10325,0.51625
20000,8,"DEF.stukel",17,22860723,0.0448302000002059,11639640,4,NA,NA,10177,0.50885
20000,8,"DEF.stukel",18,22860724,0.0488582000000406,11639640,3,NA,NA,10338,0.5169
20000,8,"DEF.stukel",19,22860725,0.0404514000001654,11639640,3,NA,NA,10322,0.5161
20000,8,"DEF.stukel",20,22860726,0.0470071000002008,11639640,3,NA,NA,10223,0.51115
20000,8,"DEF.stukel",21,22860727,0.0294201000001522,11639640,3,NA,NA,10196,0.5098
20000,8,"DEF.stukel",22,22860728,0.0439742999999453,11639640,3,NA,NA,10212,0.5106
20000,8,"DEF.stukel",23,22860729,0.0495410000000902,11639640,4,NA,NA,9980,0.499
20000,8,"DEF.stukel",24,22860730,0.0505398000002515,11639640,3,NA,NA,10378,0.5189
20000,8,"DEF.stukel",25,22860731,0.0625972000002548,11639640,3,NA,NA,10188,0.5094
20000,8,"DEF.stukel",26,22860732,0.0341184000001249,11639640,3,NA,NA,10216,0.5108
20000,8,"DEF.stukel",27,22860733,0.0435612000001129,11639640,3,NA,NA,10196,0.5098
20000,8,"DEF.stukel",28,22860734,0.0438415999999506,11639640,3,NA,NA,10206,0.5103
20000,8,"DEF.stukel",29,22860735,0.0828301000001375,11639640,3,NA,NA,10198,0.5099
20000,8,"DEF.stukel",30,22860736,0.0443985000001703,11639640,3,NA,NA,10153,0.50765
20000,8,"EF",1,22860707,0.0106104000001324,5990728,4,NA,NA,10252,0.5126
20000,8,"EF",2,22860708,0.00581760000000031,5990728,4,NA,NA,10244,0.5122
20000,8,"EF",3,22860709,0.0107818000001316,5990728,3,NA,NA,10228,0.5114
20000,8,"EF",4,22860710,0.00872520000007171,5990728,3,NA,NA,10131,0.50655
20000,8,"EF",5,22860711,0.0138209000001552,5990728,3,NA,NA,10386,0.5193
20000,8,"EF",6,22860712,0.00551870000026611,5990728,4,NA,NA,10054,0.5027
20000,8,"EF",7,22860713,0.0125844000001507,5990728,4,NA,NA,10202,0.5101
20000,8,"EF",8,22860714,0.0113014000000931,5990728,4,NA,NA,10236,0.5118
20000,8,"EF",9,22860715,0.0173722000001817,5990728,3,NA,NA,10343,0.51715
20000,8,"EF",10,22860716,0.0107203000002301,5990728,4,NA,NA,10184,0.5092
20000,8,"EF",11,22860717,0.00579900000002453,5990728,3,NA,NA,10148,0.5074
20000,8,"EF",12,22860718,0.00908079999999245,5990728,4,NA,NA,10316,0.5158
20000,8,"EF",13,22860719,0.012783600000148,5990728,3,NA,NA,10222,0.5111
20000,8,"EF",14,22860720,0.0103908000000956,5990728,4,NA,NA,10259,0.51295
20000,8,"EF",15,22860721,0.0108299000000898,5990728,3,NA,NA,10228,0.5114
20000,8,"EF",16,22860722,0.00698320000014974,5990728,4,NA,NA,10325,0.51625
20000,8,"EF",17,22860723,0.0142006000000947,5990728,4,NA,NA,10177,0.50885
20000,8,"EF",18,22860724,0.0139503000000332,5990728,3,NA,NA,10338,0.5169
20000,8,"EF",19,22860725,0.00959180000018023,5990728,3,NA,NA,10322,0.5161
20000,8,"EF",20,22860726,0.0098032000000785,5990728,3,NA,NA,10223,0.51115
20000,8,"EF",21,22860727,0.00714380000022174,5990728,3,NA,NA,10196,0.5098
20000,8,"EF",22,22860728,0.0107634000000871,5990728,3,NA,NA,10212,0.5106
20000,8,"EF",23,22860729,0.0171088000001873,5990728,4,NA,NA,9980,0.499
20000,8,"EF",24,22860730,0.0120825999999852,5990728,3,NA,NA,10378,0.5189
20000,8,"EF",25,22860731,0.0109566000000996,5990728,3,NA,NA,10188,0.5094
20000,8,"EF",26,22860732,0.00650589999986551,5990728,3,NA,NA,10216,0.5108
20000,8,"EF",27,22860733,0.00943480000000818,5990728,3,NA,NA,10196,0.5098
20000,8,"EF",28,22860734,0.0102939000000788,5990728,3,NA,NA,10206,0.5103
20000,8,"EF",29,22860735,0.0106379000003471,5990728,3,NA,NA,10198,0.5099
20000,8,"EF",30,22860736,0.00685090000024502,5990728,3,NA,NA,10153,0.50765
20000,8,"HL",1,22860707,0.0366561000003003,4825920,4,NA,NA,10252,0.5126
20000,8,"HL",2,22860708,0.025385400000232,4825920,4,NA,NA,10244,0.5122
20000,8,"HL",3,22860709,0.0463814000002003,4825920,3,NA,NA,10228,0.5114
20000,8,"HL",4,22860710,0.0334815000003346,4825920,3,NA,NA,10131,0.50655
20000,8,"HL",5,22860711,0.037479200000007,4825920,3,NA,NA,10386,0.5193
20000,8,"HL",6,22860712,0.02565780000009,4825920,4,NA,NA,10054,0.5027
20000,8,"HL",7,22860713,0.0458136000002014,4825920,4,NA,NA,10202,0.5101
20000,8,"HL",8,22860714,0.0467035000001488,4825920,4,NA,NA,10236,0.5118
20000,8,"HL",9,22860715,0.0369315999998889,4825920,3,NA,NA,10343,0.51715
20000,8,"HL",10,22860716,0.0372790999999779,4825920,4,NA,NA,10184,0.5092
20000,8,"HL",11,22860717,0.0244273000000703,4825920,3,NA,NA,10148,0.5074
20000,8,"HL",12,22860718,0.0363598999999795,4825920,4,NA,NA,10316,0.5158
20000,8,"HL",13,22860719,0.0351048999998511,4825920,3,NA,NA,10222,0.5111
20000,8,"HL",14,22860720,0.033399000000145,4825920,4,NA,NA,10259,0.51295
20000,8,"HL",15,22860721,0.038895100000218,4825920,3,NA,NA,10228,0.5114
20000,8,"HL",16,22860722,0.0253003000000263,4825920,4,NA,NA,10325,0.51625
20000,8,"HL",17,22860723,0.0343753000001925,4825920,4,NA,NA,10177,0.50885
20000,8,"HL",18,22860724,0.0417391000003136,4825920,3,NA,NA,10338,0.5169
20000,8,"HL",19,22860725,0.0334004999999706,4825920,3,NA,NA,10322,0.5161
20000,8,"HL",20,22860726,0.0418872000000192,4825920,3,NA,NA,10223,0.51115
20000,8,"HL",21,22860727,0.0233643000003667,4825920,3,NA,NA,10196,0.5098
20000,8,"HL",22,22860728,0.0336135999998532,4825920,3,NA,NA,10212,0.5106
20000,8,"HL",23,22860729,0.045412400000032,4825920,4,NA,NA,9980,0.499
20000,8,"HL",24,22860730,0.03363440000021,4825920,3,NA,NA,10378,0.5189
20000,8,"HL",25,22860731,0.0439734000001408,4825920,3,NA,NA,10188,0.5094
20000,8,"HL",26,22860732,0.0244132000000263,4825920,3,NA,NA,10216,0.5108
20000,8,"HL",27,22860733,0.0337184000002253,4825920,3,NA,NA,10196,0.5098
20000,8,"HL",28,22860734,0.0401506000002883,4825920,3,NA,NA,10206,0.5103
20000,8,"HL",29,22860735,0.035417999999936,4825920,3,NA,NA,10198,0.5099
20000,8,"HL",30,22860736,0.0238051999999698,4825920,3,NA,NA,10153,0.50765
20000,8,"Pigeon-Heyse",1,22860707,0.0105908000002728,4929936,4,NA,NA,10252,0.5126
20000,8,"Pigeon-Heyse",2,22860708,0.00750730000004296,4929936,4,NA,NA,10244,0.5122
20000,8,"Pigeon-Heyse",3,22860709,0.00981369999999515,4929936,3,NA,NA,10228,0.5114
20000,8,"Pigeon-Heyse",4,22860710,0.00899770000000899,4929936,3,NA,NA,10131,0.50655
20000,8,"Pigeon-Heyse",5,22860711,0.00781210000013743,4929936,3,NA,NA,10386,0.5193
20000,8,"Pigeon-Heyse",6,22860712,0.00582510000026559,4929936,4,NA,NA,10054,0.5027
20000,8,"Pigeon-Heyse",7,22860713,0.00756160000014461,4929936,4,NA,NA,10202,0.5101
20000,8,"Pigeon-Heyse",8,22860714,0.0066793000000871,4929936,4,NA,NA,10236,0.5118
20000,8,"Pigeon-Heyse",9,22860715,0.00768610000022818,4929936,3,NA,NA,10343,0.51715
20000,8,"Pigeon-Heyse",10,22860716,0.0101708000001963,4929936,4,NA,NA,10184,0.5092
20000,8,"Pigeon-Heyse",11,22860717,0.00463110000009692,4929936,3,NA,NA,10148,0.5074
20000,8,"Pigeon-Heyse",12,22860718,0.0101908999999978,4929936,4,NA,NA,10316,0.5158
20000,8,"Pigeon-Heyse",13,22860719,0.00935220000019399,4929936,3,NA,NA,10222,0.5111
20000,8,"Pigeon-Heyse",14,22860720,0.00877980000018397,4929936,4,NA,NA,10259,0.51295
20000,8,"Pigeon-Heyse",15,22860721,0.0105059000002257,4929936,3,NA,NA,10228,0.5114
20000,8,"Pigeon-Heyse",16,22860722,0.00640600000019731,4929936,4,NA,NA,10325,0.51625
20000,8,"Pigeon-Heyse",17,22860723,0.00922850000006292,4929936,4,NA,NA,10177,0.50885
20000,8,"Pigeon-Heyse",18,22860724,0.0155946000002132,4929936,3,NA,NA,10338,0.5169
20000,8,"Pigeon-Heyse",19,22860725,0.00829160000012052,4929936,3,NA,NA,10322,0.5161
20000,8,"Pigeon-Heyse",20,22860726,0.00768990000005942,4929936,3,NA,NA,10223,0.51115
20000,8,"Pigeon-Heyse",21,22860727,0.0053634000000784,4929936,3,NA,NA,10196,0.5098
20000,8,"Pigeon-Heyse",22,22860728,0.0102246000001287,4929936,3,NA,NA,10212,0.5106
20000,8,"Pigeon-Heyse",23,22860729,0.00845960000015111,4929936,4,NA,NA,9980,0.499
20000,8,"Pigeon-Heyse",24,22860730,0.0188727000002018,4929936,3,NA,NA,10378,0.5189
20000,8,"Pigeon-Heyse",25,22860731,0.00951430000009168,4929936,3,NA,NA,10188,0.5094
20000,8,"Pigeon-Heyse",26,22860732,0.00484940000001188,4929936,3,NA,NA,10216,0.5108
20000,8,"Pigeon-Heyse",27,22860733,0.0195663000001787,4929936,3,NA,NA,10196,0.5098
20000,8,"Pigeon-Heyse",28,22860734,0.0108047000001079,4929936,3,NA,NA,10206,0.5103
20000,8,"Pigeon-Heyse",29,22860735,0.0105235000000903,4929936,3,NA,NA,10198,0.5099
20000,8,"Pigeon-Heyse",30,22860736,0.00516050000010182,4929936,3,NA,NA,10153,0.50765
20000,8,"Osius-Rojek",1,22860707,0.00954840000008517,7522592,4,NA,NA,10252,0.5126
20000,8,"Osius-Rojek",2,22860708,0.00648880000017016,7522592,4,NA,NA,10244,0.5122
20000,8,"Osius-Rojek",3,22860709,0.00840900000002875,7522592,3,NA,NA,10228,0.5114
20000,8,"Osius-Rojek",4,22860710,0.00815340000008291,7522592,3,NA,NA,10131,0.50655
20000,8,"Osius-Rojek",5,22860711,0.00792000000024018,7522592,3,NA,NA,10386,0.5193
20000,8,"Osius-Rojek",6,22860712,0.00563970000030167,7522592,4,NA,NA,10054,0.5027
20000,8,"Osius-Rojek",7,22860713,0.00630500000011125,7522592,4,NA,NA,10202,0.5101
20000,8,"Osius-Rojek",8,22860714,0.00736950000009529,7522592,4,NA,NA,10236,0.5118
20000,8,"Osius-Rojek",9,22860715,0.00695740000014666,7522592,3,NA,NA,10343,0.51715
20000,8,"Osius-Rojek",10,22860716,0.0159312000002956,7522592,4,NA,NA,10184,0.5092
20000,8,"Osius-Rojek",11,22860717,0.00503460000004452,7522592,3,NA,NA,10148,0.5074
20000,8,"Osius-Rojek",12,22860718,0.0157583000000159,7522592,4,NA,NA,10316,0.5158
20000,8,"Osius-Rojek",13,22860719,0.0111375999999836,7522592,3,NA,NA,10222,0.5111
20000,8,"Osius-Rojek",14,22860720,0.0193608999998105,7522592,4,NA,NA,10259,0.51295
20000,8,"Osius-Rojek",15,22860721,0.0110171000001174,7522592,3,NA,NA,10228,0.5114
20000,8,"Osius-Rojek",16,22860722,0.00747390000015002,7522592,4,NA,NA,10325,0.51625
20000,8,"Osius-Rojek",17,22860723,0.0148218000001634,7522592,4,NA,NA,10177,0.50885
20000,8,"Osius-Rojek",18,22860724,0.027851800000235,7522592,3,NA,NA,10338,0.5169
20000,8,"Osius-Rojek",19,22860725,0.00797830000010435,7522592,3,NA,NA,10322,0.5161
20000,8,"Osius-Rojek",20,22860726,0.01836870000011,7522592,3,NA,NA,10223,0.51115
20000,8,"Osius-Rojek",21,22860727,0.00465470000017376,7522592,3,NA,NA,10196,0.5098
20000,8,"Osius-Rojek",22,22860728,0.00929410000003372,7522592,3,NA,NA,10212,0.5106
20000,8,"Osius-Rojek",23,22860729,0.00940780000019004,7522592,4,NA,NA,9980,0.499
20000,8,"Osius-Rojek",24,22860730,0.00948289999996632,7522592,3,NA,NA,10378,0.5189
20000,8,"Osius-Rojek",25,22860731,0.00735900000017864,7522592,3,NA,NA,10188,0.5094
20000,8,"Osius-Rojek",26,22860732,0.0115620000003673,7522592,3,NA,NA,10216,0.5108
20000,8,"Osius-Rojek",27,22860733,0.00885740000012447,7522592,3,NA,NA,10196,0.5098
20000,8,"Osius-Rojek",28,22860734,0.00941060000013749,7522592,3,NA,NA,10206,0.5103
20000,8,"Osius-Rojek",29,22860735,0.00863540000023022,7522592,3,NA,NA,10198,0.5099
20000,8,"Osius-Rojek",30,22860736,0.00652420000005804,7522592,3,NA,NA,10153,0.50765
20000,8,"Stukel",1,22860707,0.012404800000013,8882856,4,4,1,10252,0.5126
20000,8,"Stukel",2,22860708,0.00420180000014625,8882856,4,4,1,10244,0.5122
20000,8,"Stukel",3,22860709,0.00645790000021407,8882856,3,4,1,10228,0.5114
20000,8,"Stukel",4,22860710,0.00986310000007506,8882856,3,4,1,10131,0.50655
20000,8,"Stukel",5,22860711,0.0101576000001842,8882856,3,4,1,10386,0.5193
20000,8,"Stukel",6,22860712,0.00437140000030922,8882856,4,4,1,10054,0.5027
20000,8,"Stukel",7,22860713,0.00673630000005687,8882856,4,4,1,10202,0.5101
20000,8,"Stukel",8,22860714,0.00627190000000155,8882856,4,4,1,10236,0.5118
20000,8,"Stukel",9,22860715,0.00684150000006412,8882856,3,4,1,10343,0.51715
20000,8,"Stukel",10,22860716,0.00711580000029244,8882856,4,4,1,10184,0.5092
20000,8,"Stukel",11,22860717,0.0044542000000547,8882856,3,4,1,10148,0.5074
20000,8,"Stukel",12,22860718,0.00693890000025021,8882856,4,4,1,10316,0.5158
20000,8,"Stukel",13,22860719,0.0154862000001685,8882856,3,4,1,10222,0.5111
20000,8,"Stukel",14,22860720,0.008343300000206,8882856,4,4,1,10259,0.51295
20000,8,"Stukel",15,22860721,0.00668410000025688,8882856,3,4,1,10228,0.5114
20000,8,"Stukel",16,22860722,0.00992390000010346,8882856,4,4,1,10325,0.51625
20000,8,"Stukel",17,22860723,0.0157556000001478,8882856,4,4,1,10177,0.50885
20000,8,"Stukel",18,22860724,0.00659780000000865,8882856,3,4,1,10338,0.5169
20000,8,"Stukel",19,22860725,0.00884500000006483,8882856,3,4,1,10322,0.5161
20000,8,"Stukel",20,22860726,0.00748400000020411,8882856,3,4,1,10223,0.51115
20000,8,"Stukel",21,22860727,0.00392880000026707,8882856,3,4,1,10196,0.5098
20000,8,"Stukel",22,22860728,0.00969920000011371,8882856,3,4,1,10212,0.5106
20000,8,"Stukel",23,22860729,0.00712310000017169,8882856,4,4,1,9980,0.499
20000,8,"Stukel",24,22860730,0.0063017000002219,8882856,3,4,1,10378,0.5189
20000,8,"Stukel",25,22860731,0.00685170000019752,8882856,3,4,1,10188,0.5094
20000,8,"Stukel",26,22860732,0.0051991000000271,8882856,3,4,1,10216,0.5108
20000,8,"Stukel",27,22860733,0.0081126000002314,8882856,3,4,1,10196,0.5098
20000,8,"Stukel",28,22860734,0.00671310000029735,8882856,3,4,1,10206,0.5103
20000,8,"Stukel",29,22860735,0.00705740000012156,8882856,3,4,1,10198,0.5099
20000,8,"Stukel",30,22860736,0.0126287000000502,8882856,3,4,1,10153,0.50765
20000,8,"Tsiatis",1,22860707,0.174596000000065,20486096,4,NA,NA,10252,0.5126
20000,8,"Tsiatis",2,22860708,0.141026400000101,20486096,4,NA,NA,10244,0.5122
20000,8,"Tsiatis",3,22860709,0.18200939999997,20486096,3,NA,NA,10228,0.5114
20000,8,"Tsiatis",4,22860710,0.0824854000002233,20486096,3,NA,NA,10131,0.50655
20000,8,"Tsiatis",5,22860711,0.195871300000135,20486096,3,NA,NA,10386,0.5193
20000,8,"Tsiatis",6,22860712,0.126103900000317,20486096,4,NA,NA,10054,0.5027
20000,8,"Tsiatis",7,22860713,0.169856800000161,20486096,4,NA,NA,10202,0.5101
20000,8,"Tsiatis",8,22860714,0.191746700000067,20486096,4,NA,NA,10236,0.5118
20000,8,"Tsiatis",9,22860715,0.17028130000017,20486096,3,NA,NA,10343,0.51715
20000,8,"Tsiatis",10,22860716,0.155516100000114,20486096,4,NA,NA,10184,0.5092
20000,8,"Tsiatis",11,22860717,0.143905000000132,20486096,3,NA,NA,10148,0.5074
20000,8,"Tsiatis",12,22860718,0.161065500000177,20486096,4,NA,NA,10316,0.5158
20000,8,"Tsiatis",13,22860719,0.171794600000112,20486096,3,NA,NA,10222,0.5111
20000,8,"Tsiatis",14,22860720,0.141557200000079,20486096,4,NA,NA,10259,0.51295
20000,8,"Tsiatis",15,22860721,0.183960200000229,20486096,3,NA,NA,10228,0.5114
20000,8,"Tsiatis",16,22860722,0.136057300000175,20486096,4,NA,NA,10325,0.51625
20000,8,"Tsiatis",17,22860723,0.165371500000219,20486096,4,NA,NA,10177,0.50885
20000,8,"Tsiatis",18,22860724,0.18662519999998,20486096,3,NA,NA,10338,0.5169
20000,8,"Tsiatis",19,22860725,0.145834600000171,20486096,3,NA,NA,10322,0.5161
20000,8,"Tsiatis",20,22860726,0.194374300000163,20486096,3,NA,NA,10223,0.51115
20000,8,"Tsiatis",21,22860727,0.150490300000229,20486096,3,NA,NA,10196,0.5098
20000,8,"Tsiatis",22,22860728,0.197647400000278,20486096,3,NA,NA,10212,0.5106
20000,8,"Tsiatis",23,22860729,0.255784100000255,20486096,4,NA,NA,9980,0.499
20000,8,"Tsiatis",24,22860730,0.197849300000144,20486096,3,NA,NA,10378,0.5189
20000,8,"Tsiatis",25,22860731,0.269824899999776,20486096,3,NA,NA,10188,0.5094
20000,8,"Tsiatis",26,22860732,0.129579200000308,20486096,3,NA,NA,10216,0.5108
20000,8,"Tsiatis",27,22860733,0.19967180000026,20486096,3,NA,NA,10196,0.5098
20000,8,"Tsiatis",28,22860734,0.274870100000271,20486096,3,NA,NA,10206,0.5103
20000,8,"Tsiatis",29,22860735,0.167997500000183,20486096,3,NA,NA,10198,0.5099
20000,8,"Tsiatis",30,22860736,0.144910999999865,20486096,3,NA,NA,10153,0.50765
20000,8,"Xie",1,22860707,4.16901690000009,58989328,4,NA,NA,10252,0.5126
20000,8,"Xie",2,22860708,3.33163700000023,58989320,4,NA,NA,10244,0.5122
20000,8,"Xie",3,22860709,4.07380239999998,58989328,3,NA,NA,10228,0.5114
20000,8,"Xie",4,22860710,3.78962990000014,58989328,3,NA,NA,10131,0.50655
20000,8,"Xie",5,22860711,4.05647850000014,58989328,3,NA,NA,10386,0.5193
20000,8,"Xie",6,22860712,3.03713860000016,58989336,4,NA,NA,10054,0.5027
20000,8,"Xie",7,22860713,3.80148920000011,58989328,4,NA,NA,10202,0.5101
20000,8,"Xie",8,22860714,3.95081200000004,58989328,4,NA,NA,10236,0.5118
20000,8,"Xie",9,22860715,4.0532389,58989320,3,NA,NA,10343,0.51715
20000,8,"Xie",10,22860716,4.11817980000023,58989328,4,NA,NA,10184,0.5092
20000,8,"Xie",11,22860717,3.05335140000011,58989320,3,NA,NA,10148,0.5074
20000,8,"Xie",12,22860718,3.83606250000025,58989328,4,NA,NA,10316,0.5158
20000,8,"Xie",13,22860719,4.08961940000017,58989320,3,NA,NA,10222,0.5111
20000,8,"Xie",14,22860720,4.06462600000009,58989328,4,NA,NA,10259,0.51295
20000,8,"Xie",15,22860721,4.1219923000001,58989328,3,NA,NA,10228,0.5114
20000,8,"Xie",16,22860722,3.20692889999987,58989328,4,NA,NA,10325,0.51625
20000,8,"Xie",17,22860723,3.89025880000008,58989320,4,NA,NA,10177,0.50885
20000,8,"Xie",18,22860724,3.89728519999971,58989320,3,NA,NA,10338,0.5169
20000,8,"Xie",19,22860725,3.83260710000013,58989328,3,NA,NA,10322,0.5161
20000,8,"Xie",20,22860726,3.72849250000013,58989336,3,NA,NA,10223,0.51115
20000,8,"Xie",21,22860727,3.17738550000036,58989320,3,NA,NA,10196,0.5098
20000,8,"Xie",22,22860728,3.94847060000006,58989328,3,NA,NA,10212,0.5106
20000,8,"Xie",23,22860729,3.86320580000006,58989328,4,NA,NA,9980,0.499
20000,8,"Xie",24,22860730,4.12875610000015,58989336,3,NA,NA,10378,0.5189
20000,8,"Xie",25,22860731,4.04091050000011,58989336,3,NA,NA,10188,0.5094
20000,8,"Xie",26,22860732,3.26366450000023,58989328,3,NA,NA,10216,0.5108
20000,8,"Xie",27,22860733,3.9940153,58989320,3,NA,NA,10196,0.5098
20000,8,"Xie",28,22860734,3.86064600000009,58989320,3,NA,NA,10206,0.5103
20000,8,"Xie",29,22860735,3.86772680000013,58989312,3,NA,NA,10198,0.5099
20000,8,"Xie",30,22860736,3.11932880000018,58989328,3,NA,NA,10153,0.50765
20000,8,"Pulkstenis-Robinson",1,22860707,0.0213949000001321,10947960,4,NA,NA,10252,0.5126
20000,8,"Pulkstenis-Robinson",2,22860708,0.016878300000144,10947960,4,NA,NA,10244,0.5122
20000,8,"Pulkstenis-Robinson",3,22860709,0.0206399000001056,10947960,3,NA,NA,10228,0.5114
20000,8,"Pulkstenis-Robinson",4,22860710,0.0265902000001006,10947952,3,NA,NA,10131,0.50655
20000,8,"Pulkstenis-Robinson",5,22860711,0.0250794999999471,10947896,3,NA,NA,10386,0.5193
20000,8,"Pulkstenis-Robinson",6,22860712,0.0153542000002744,10947960,4,NA,NA,10054,0.5027
20000,8,"Pulkstenis-Robinson",7,22860713,0.0219953000002988,10947960,4,NA,NA,10202,0.5101
20000,8,"Pulkstenis-Robinson",8,22860714,0.0445411000002878,10947960,4,NA,NA,10236,0.5118
20000,8,"Pulkstenis-Robinson",9,22860715,0.021355400000175,10947960,3,NA,NA,10343,0.51715
20000,8,"Pulkstenis-Robinson",10,22860716,0.0329948999999488,10947896,4,NA,NA,10184,0.5092
20000,8,"Pulkstenis-Robinson",11,22860717,0.0159298000000945,10947952,3,NA,NA,10148,0.5074
20000,8,"Pulkstenis-Robinson",12,22860718,0.0273953000000802,10947960,4,NA,NA,10316,0.5158
20000,8,"Pulkstenis-Robinson",13,22860719,0.0257067000000006,10947960,3,NA,NA,10222,0.5111
20000,8,"Pulkstenis-Robinson",14,22860720,0.0246584000001349,10947960,4,NA,NA,10259,0.51295
20000,8,"Pulkstenis-Robinson",15,22860721,0.0219683000002533,10947896,3,NA,NA,10228,0.5114
20000,8,"Pulkstenis-Robinson",16,22860722,0.0157081000002108,10947960,4,NA,NA,10325,0.51625
20000,8,"Pulkstenis-Robinson",17,22860723,0.0295874000000822,10947960,4,NA,NA,10177,0.50885
20000,8,"Pulkstenis-Robinson",18,22860724,0.0253321000000142,10947960,3,NA,NA,10338,0.5169
20000,8,"Pulkstenis-Robinson",19,22860725,0.0332135000003291,10947896,3,NA,NA,10322,0.5161
20000,8,"Pulkstenis-Robinson",20,22860726,0.0259965999998713,10947960,3,NA,NA,10223,0.51115
20000,8,"Pulkstenis-Robinson",21,22860727,0.0176715000002332,10947960,3,NA,NA,10196,0.5098
20000,8,"Pulkstenis-Robinson",22,22860728,0.0232067000001734,10947896,3,NA,NA,10212,0.5106
20000,8,"Pulkstenis-Robinson",23,22860729,0.0256626000000324,10947960,4,NA,NA,9980,0.499
20000,8,"Pulkstenis-Robinson",24,22860730,0.0206609000001663,10947960,3,NA,NA,10378,0.5189
20000,8,"Pulkstenis-Robinson",25,22860731,0.0172917000002144,10947960,3,NA,NA,10188,0.5094
20000,8,"Pulkstenis-Robinson",26,22860732,0.0160197000000153,10947896,3,NA,NA,10216,0.5108
20000,8,"Pulkstenis-Robinson",27,22860733,0.019651900000099,10947960,3,NA,NA,10196,0.5098
20000,8,"Pulkstenis-Robinson",28,22860734,0.0270008000002235,10947960,3,NA,NA,10206,0.5103
20000,8,"Pulkstenis-Robinson",29,22860735,0.0325578000001769,10947896,3,NA,NA,10198,0.5099
20000,8,"Pulkstenis-Robinson",30,22860736,0.0170398000002479,10947960,3,NA,NA,10153,0.50765
20000,8,"glm_fit",1,22860707,0.0478199000001496,48843952,4,NA,NA,10252,0.5126
20000,8,"glm_fit",2,22860708,0.0492017000001397,48843952,4,NA,NA,10244,0.5122
20000,8,"glm_fit",3,22860709,0.0564918000002308,40120864,3,NA,NA,10228,0.5114
20000,8,"glm_fit",4,22860710,0.0641133000001446,40120864,3,NA,NA,10131,0.50655
20000,8,"glm_fit",5,22860711,0.0475720000001729,40120864,3,NA,NA,10386,0.5193
20000,8,"glm_fit",6,22860712,0.0531158000001142,48843952,4,NA,NA,10054,0.5027
20000,8,"glm_fit",7,22860713,0.0704449000002114,48843952,4,NA,NA,10202,0.5101
20000,8,"glm_fit",8,22860714,0.0720537000001968,48843952,4,NA,NA,10236,0.5118
20000,8,"glm_fit",9,22860715,0.0510127000000011,40120864,3,NA,NA,10343,0.51715
20000,8,"glm_fit",10,22860716,0.0702069000003576,48843952,4,NA,NA,10184,0.5092
20000,8,"glm_fit",11,22860717,0.0352829999999358,40120864,3,NA,NA,10148,0.5074
20000,8,"glm_fit",12,22860718,0.0857421000000613,48843952,4,NA,NA,10316,0.5158
20000,8,"glm_fit",13,22860719,0.0541367000002992,40120864,3,NA,NA,10222,0.5111
20000,8,"glm_fit",14,22860720,0.0601235999999972,48843952,4,NA,NA,10259,0.51295
20000,8,"glm_fit",15,22860721,0.0463405000000421,40120864,3,NA,NA,10228,0.5114
20000,8,"glm_fit",16,22860722,0.0461328999999751,48843952,4,NA,NA,10325,0.51625
20000,8,"glm_fit",17,22860723,0.0686396000000968,48843952,4,NA,NA,10177,0.50885
20000,8,"glm_fit",18,22860724,0.0799255000001722,40120864,3,NA,NA,10338,0.5169
20000,8,"glm_fit",19,22860725,0.0672553000001699,40120864,3,NA,NA,10322,0.5161
20000,8,"glm_fit",20,22860726,0.0614539000000605,40120864,3,NA,NA,10223,0.51115
20000,8,"glm_fit",21,22860727,0.0418941000000359,40120864,3,NA,NA,10196,0.5098
20000,8,"glm_fit",22,22860728,0.0563454999999067,40120864,3,NA,NA,10212,0.5106
20000,8,"glm_fit",23,22860729,0.0657558000000336,48843952,4,NA,NA,9980,0.499
20000,8,"glm_fit",24,22860730,0.0646535000000767,40120864,3,NA,NA,10378,0.5189
20000,8,"glm_fit",25,22860731,0.054141300000083,40120864,3,NA,NA,10188,0.5094
20000,8,"glm_fit",26,22860732,0.0473380000000816,40120864,3,NA,NA,10216,0.5108
20000,8,"glm_fit",27,22860733,0.0597852000000785,40120864,3,NA,NA,10196,0.5098
20000,8,"glm_fit",28,22860734,0.0624625000002652,40120864,3,NA,NA,10206,0.5103
20000,8,"glm_fit",29,22860735,0.0666601000002629,40120864,3,NA,NA,10198,0.5099
20000,8,"glm_fit",30,22860736,0.0598091000001659,40120864,3,NA,NA,10153,0.50765
20000,16,"DEF.poly3",1,22960707,0.0560980000002473,16777712,3,NA,NA,10216,0.5108
20000,16,"DEF.poly3",2,22960708,0.0384106000001339,16777712,3,NA,NA,10194,0.5097
20000,16,"DEF.poly3",3,22960709,0.055813500000113,16777712,3,NA,NA,10143,0.50715
20000,16,"DEF.poly3",4,22960710,0.0534425000000738,16777712,4,NA,NA,10320,0.516
20000,16,"DEF.poly3",5,22960711,0.0677995000003193,16777712,4,NA,NA,10207,0.51035
20000,16,"DEF.poly3",6,22960712,0.0386557000001631,16777712,3,NA,NA,10272,0.5136
20000,16,"DEF.poly3",7,22960713,0.0575018000001819,16777712,3,NA,NA,10215,0.51075
20000,16,"DEF.poly3",8,22960714,0.0583391000002393,16777712,3,NA,NA,10258,0.5129
20000,16,"DEF.poly3",9,22960715,0.0765012000001661,16777712,3,NA,NA,10303,0.51515
20000,16,"DEF.poly3",10,22960716,0.0778127000003224,16777712,3,NA,NA,10257,0.51285
20000,16,"DEF.poly3",11,22960717,0.0358204000001479,16777712,3,NA,NA,10188,0.5094
20000,16,"DEF.poly3",12,22960718,0.0621098000001439,16777712,3,NA,NA,10253,0.51265
20000,16,"DEF.poly3",13,22960719,0.0766403000000082,16777712,3,NA,NA,10323,0.51615
20000,16,"DEF.poly3",14,22960720,0.0601966000001539,16777712,4,NA,NA,10230,0.5115
20000,16,"DEF.poly3",15,22960721,0.0665340000002743,16777712,3,NA,NA,10188,0.5094
20000,16,"DEF.poly3",16,22960722,0.0375955000001795,16777736,3,NA,NA,10248,0.5124
20000,16,"DEF.poly3",17,22960723,0.0610606000000189,16777712,3,NA,NA,10238,0.5119
20000,16,"DEF.poly3",18,22960724,0.0733498000001873,16777712,3,NA,NA,10241,0.51205
20000,16,"DEF.poly3",19,22960725,0.0579465000002983,16777736,4,NA,NA,10204,0.5102
20000,16,"DEF.poly3",20,22960726,0.0673362000002271,16777712,3,NA,NA,10299,0.51495
20000,16,"DEF.poly3",21,22960727,0.0340984000001754,16777712,3,NA,NA,10138,0.5069
20000,16,"DEF.poly3",22,22960728,0.0571775000000798,16777712,3,NA,NA,10222,0.5111
20000,16,"DEF.poly3",23,22960729,0.0676845000000412,16777736,3,NA,NA,10101,0.50505
20000,16,"DEF.poly3",24,22960730,0.0577812000001359,16777712,3,NA,NA,10134,0.5067
20000,16,"DEF.poly3",25,22960731,0.0566099000000122,16777736,3,NA,NA,10025,0.50125
20000,16,"DEF.poly3",26,22960732,0.0388259000001199,16777712,3,NA,NA,10228,0.5114
20000,16,"DEF.poly3",27,22960733,0.0599038000002565,16777736,3,NA,NA,10223,0.51115
20000,16,"DEF.poly3",28,22960734,0.0717950000002929,16777712,3,NA,NA,10211,0.51055
20000,16,"DEF.poly3",29,22960735,0.0678419000000758,16777712,3,NA,NA,10207,0.51035
20000,16,"DEF.poly3",30,22960736,0.036680300000171,16777736,4,NA,NA,10218,0.5109
20000,16,"DEF.stukel",1,22960707,0.0687498000002051,16770808,3,NA,NA,10216,0.5108
20000,16,"DEF.stukel",2,22960708,0.0384966000001441,16770808,3,NA,NA,10194,0.5097
20000,16,"DEF.stukel",3,22960709,0.0547656000003371,16770808,3,NA,NA,10143,0.50715
20000,16,"DEF.stukel",4,22960710,0.0504935000001296,16770808,4,NA,NA,10320,0.516
20000,16,"DEF.stukel",5,22960711,0.0653290000002471,16770808,4,NA,NA,10207,0.51035
20000,16,"DEF.stukel",6,22960712,0.0376705000001039,16770808,3,NA,NA,10272,0.5136
20000,16,"DEF.stukel",7,22960713,0.0535522000000128,16770808,3,NA,NA,10215,0.51075
20000,16,"DEF.stukel",8,22960714,0.0655154000000948,16770808,3,NA,NA,10258,0.5129
20000,16,"DEF.stukel",9,22960715,0.0631961000001411,16770808,3,NA,NA,10303,0.51515
20000,16,"DEF.stukel",10,22960716,0.0627165999999306,16770808,3,NA,NA,10257,0.51285
20000,16,"DEF.stukel",11,22960717,0.0412267000001521,16770808,3,NA,NA,10188,0.5094
20000,16,"DEF.stukel",12,22960718,0.0651821000001291,16770808,3,NA,NA,10253,0.51265
20000,16,"DEF.stukel",13,22960719,0.0560471999999663,16770808,3,NA,NA,10323,0.51615
20000,16,"DEF.stukel",14,22960720,0.0584225000002334,16770808,4,NA,NA,10230,0.5115
20000,16,"DEF.stukel",15,22960721,0.0581981000000269,16770808,3,NA,NA,10188,0.5094
20000,16,"DEF.stukel",16,22960722,0.0385046000001239,16770808,3,NA,NA,10248,0.5124
20000,16,"DEF.stukel",17,22960723,0.0748943000000963,16770808,3,NA,NA,10238,0.5119
20000,16,"DEF.stukel",18,22960724,0.0698369000001549,16770808,3,NA,NA,10241,0.51205
20000,16,"DEF.stukel",19,22960725,0.0521621000000323,16770808,4,NA,NA,10204,0.5102
20000,16,"DEF.stukel",20,22960726,0.0501828000001296,16770808,3,NA,NA,10299,0.51495
20000,16,"DEF.stukel",21,22960727,0.0388993000001392,16770808,3,NA,NA,10138,0.5069
20000,16,"DEF.stukel",22,22960728,0.0559239999997772,16770808,3,NA,NA,10222,0.5111
20000,16,"DEF.stukel",23,22960729,0.0594114000000445,16770808,3,NA,NA,10101,0.50505
20000,16,"DEF.stukel",24,22960730,0.0562606000000869,16770808,3,NA,NA,10134,0.5067
20000,16,"DEF.stukel",25,22960731,0.0661004000003231,16770808,3,NA,NA,10025,0.50125
20000,16,"DEF.stukel",26,22960732,0.0379411000001255,16770808,3,NA,NA,10228,0.5114
20000,16,"DEF.stukel",27,22960733,0.0654961000002459,16770808,3,NA,NA,10223,0.51115
20000,16,"DEF.stukel",28,22960734,0.0572466999999506,16770808,3,NA,NA,10211,0.51055
20000,16,"DEF.stukel",29,22960735,0.0611820000001444,16770808,3,NA,NA,10207,0.51035
20000,16,"DEF.stukel",30,22960736,0.0373461000001498,16770808,4,NA,NA,10218,0.5109
20000,16,"EF",1,22960707,0.014213300000165,7271832,3,NA,NA,10216,0.5108
20000,16,"EF",2,22960708,0.00853890000030333,7271832,3,NA,NA,10194,0.5097
20000,16,"EF",3,22960709,0.0162619000000177,7271832,3,NA,NA,10143,0.50715
20000,16,"EF",4,22960710,0.0118479999998726,7271832,4,NA,NA,10320,0.516
20000,16,"EF",5,22960711,0.0162506000001486,7271832,4,NA,NA,10207,0.51035
20000,16,"EF",6,22960712,0.00791739999999663,7271832,3,NA,NA,10272,0.5136
20000,16,"EF",7,22960713,0.0184414000002562,7271832,3,NA,NA,10215,0.51075
20000,16,"EF",8,22960714,0.0217261000002509,7271832,3,NA,NA,10258,0.5129
20000,16,"EF",9,22960715,0.0106519000000844,7271832,3,NA,NA,10303,0.51515
20000,16,"EF",10,22960716,0.0119928000001437,7271832,3,NA,NA,10257,0.51285
20000,16,"EF",11,22960717,0.00601410000012947,7271832,3,NA,NA,10188,0.5094
20000,16,"EF",12,22960718,0.0104151000000456,7271832,3,NA,NA,10253,0.51265
20000,16,"EF",13,22960719,0.0116546000001563,7271832,3,NA,NA,10323,0.51615
20000,16,"EF",14,22960720,0.0203979000000345,7271832,4,NA,NA,10230,0.5115
20000,16,"EF",15,22960721,0.0154405999999199,7271832,3,NA,NA,10188,0.5094
20000,16,"EF",16,22960722,0.00524920000020757,7271832,3,NA,NA,10248,0.5124
20000,16,"EF",17,22960723,0.0222085000000334,7271832,3,NA,NA,10238,0.5119
20000,16,"EF",18,22960724,0.0138443999999254,7271832,3,NA,NA,10241,0.51205
20000,16,"EF",19,22960725,0.0113868000003094,7271832,4,NA,NA,10204,0.5102
20000,16,"EF",20,22960726,0.0109022999999979,7271832,3,NA,NA,10299,0.51495
20000,16,"EF",21,22960727,0.00525330000027679,7271832,3,NA,NA,10138,0.5069
20000,16,"EF",22,22960728,0.0120264000001953,7271832,3,NA,NA,10222,0.5111
20000,16,"EF",23,22960729,0.0103215999999975,7271832,3,NA,NA,10101,0.50505
20000,16,"EF",24,22960730,0.0127167000000554,7271832,3,NA,NA,10134,0.5067
20000,16,"EF",25,22960731,0.0114445000001524,7271832,3,NA,NA,10025,0.50125
20000,16,"EF",26,22960732,0.00557969999977104,7271832,3,NA,NA,10228,0.5114
20000,16,"EF",27,22960733,0.0133958000001257,7271832,3,NA,NA,10223,0.51115
20000,16,"EF",28,22960734,0.0201912000002267,7271832,3,NA,NA,10211,0.51055
20000,16,"EF",29,22960735,0.0111103000001549,7271832,3,NA,NA,10207,0.51035
20000,16,"EF",30,22960736,0.00614700000005541,7271832,4,NA,NA,10218,0.5109
20000,16,"HL",1,22960707,0.0360749999999825,6107024,3,NA,NA,10216,0.5108
20000,16,"HL",2,22960708,0.0294789000001856,6107024,3,NA,NA,10194,0.5097
20000,16,"HL",3,22960709,0.0367896000002474,6107024,3,NA,NA,10143,0.50715
20000,16,"HL",4,22960710,0.0399022000001423,6107024,4,NA,NA,10320,0.516
20000,16,"HL",5,22960711,0.0402737000001707,6107024,4,NA,NA,10207,0.51035
20000,16,"HL",6,22960712,0.0249276000001828,6107024,3,NA,NA,10272,0.5136
20000,16,"HL",7,22960713,0.0337150000002566,6107024,3,NA,NA,10215,0.51075
20000,16,"HL",8,22960714,0.0382204000000002,6107024,3,NA,NA,10258,0.5129
20000,16,"HL",9,22960715,0.0355848000001515,6107024,3,NA,NA,10303,0.51515
20000,16,"HL",10,22960716,0.0384702000001198,6107024,3,NA,NA,10257,0.51285
20000,16,"HL",11,22960717,0.0259346000000278,6107024,3,NA,NA,10188,0.5094
20000,16,"HL",12,22960718,0.0328247000002193,6107024,3,NA,NA,10253,0.51265
20000,16,"HL",13,22960719,0.0336251000001084,6107024,3,NA,NA,10323,0.51615
20000,16,"HL",14,22960720,0.0364592999999331,6107024,4,NA,NA,10230,0.5115
20000,16,"HL",15,22960721,0.0330173000002105,6107024,3,NA,NA,10188,0.5094
20000,16,"HL",16,22960722,0.0243013000001611,6107024,3,NA,NA,10248,0.5124
20000,16,"HL",17,22960723,0.0329141000001982,6107024,3,NA,NA,10238,0.5119
20000,16,"HL",18,22960724,0.0333542000003035,6107024,3,NA,NA,10241,0.51205
20000,16,"HL",19,22960725,0.0349429000000328,6107024,4,NA,NA,10204,0.5102
20000,16,"HL",20,22960726,0.0350973000001886,6107024,3,NA,NA,10299,0.51495
20000,16,"HL",21,22960727,0.0256277000000864,6107024,3,NA,NA,10138,0.5069
20000,16,"HL",22,22960728,0.0325716000002103,6107024,3,NA,NA,10222,0.5111
20000,16,"HL",23,22960729,0.0350705000000744,6107024,3,NA,NA,10101,0.50505
20000,16,"HL",24,22960730,0.0360821000001579,6107024,3,NA,NA,10134,0.5067
20000,16,"HL",25,22960731,0.0455183000001398,6107024,3,NA,NA,10025,0.50125
20000,16,"HL",26,22960732,0.0278087000001506,6107024,3,NA,NA,10228,0.5114
20000,16,"HL",27,22960733,0.03499910000005,6107024,3,NA,NA,10223,0.51115
20000,16,"HL",28,22960734,0.0323534000001473,6107024,3,NA,NA,10211,0.51055
20000,16,"HL",29,22960735,0.0456241000001683,6107024,3,NA,NA,10207,0.51035
20000,16,"HL",30,22960736,0.0233141000001069,6107024,4,NA,NA,10218,0.5109
20000,16,"Pigeon-Heyse",1,22960707,0.0122839000002841,6211040,3,NA,NA,10216,0.5108
20000,16,"Pigeon-Heyse",2,22960708,0.0072109000002456,6211040,3,NA,NA,10194,0.5097
20000,16,"Pigeon-Heyse",3,22960709,0.0119570000001659,6211040,3,NA,NA,10143,0.50715
20000,16,"Pigeon-Heyse",4,22960710,0.0102840000001834,6211040,4,NA,NA,10320,0.516
20000,16,"Pigeon-Heyse",5,22960711,0.0156200000001263,6211040,4,NA,NA,10207,0.51035
20000,16,"Pigeon-Heyse",6,22960712,0.00689320000014959,6211040,3,NA,NA,10272,0.5136
20000,16,"Pigeon-Heyse",7,22960713,0.00871039999992718,6211040,3,NA,NA,10215,0.51075
20000,16,"Pigeon-Heyse",8,22960714,0.0176112000001467,6211040,3,NA,NA,10258,0.5129
20000,16,"Pigeon-Heyse",9,22960715,0.00934159999997064,6211040,3,NA,NA,10303,0.51515
20000,16,"Pigeon-Heyse",10,22960716,0.01012720000017,6211040,3,NA,NA,10257,0.51285
20000,16,"Pigeon-Heyse",11,22960717,0.00885100000004968,6211040,3,NA,NA,10188,0.5094
20000,16,"Pigeon-Heyse",12,22960718,0.0256727000003139,6211040,3,NA,NA,10253,0.51265
20000,16,"Pigeon-Heyse",13,22960719,0.0117618000001585,6211040,3,NA,NA,10323,0.51615
20000,16,"Pigeon-Heyse",14,22960720,0.00894280000011349,6211040,4,NA,NA,10230,0.5115
20000,16,"Pigeon-Heyse",15,22960721,0.00887020000004668,6211040,3,NA,NA,10188,0.5094
20000,16,"Pigeon-Heyse",16,22960722,0.0103248000002623,6211040,3,NA,NA,10248,0.5124
20000,16,"Pigeon-Heyse",17,22960723,0.010943700000098,6211040,3,NA,NA,10238,0.5119
20000,16,"Pigeon-Heyse",18,22960724,0.00810720000004039,6211040,3,NA,NA,10241,0.51205
20000,16,"Pigeon-Heyse",19,22960725,0.0078516999999465,6211040,4,NA,NA,10204,0.5102
20000,16,"Pigeon-Heyse",20,22960726,0.0183462000002237,6211040,3,NA,NA,10299,0.51495
20000,16,"Pigeon-Heyse",21,22960727,0.0047716000001401,6211040,3,NA,NA,10138,0.5069
20000,16,"Pigeon-Heyse",22,22960728,0.0100719999998091,6211040,3,NA,NA,10222,0.5111
20000,16,"Pigeon-Heyse",23,22960729,0.00792739999997139,6211040,3,NA,NA,10101,0.50505
20000,16,"Pigeon-Heyse",24,22960730,0.00972990000013851,6211040,3,NA,NA,10134,0.5067
20000,16,"Pigeon-Heyse",25,22960731,0.0104910000002292,6211040,3,NA,NA,10025,0.50125
20000,16,"Pigeon-Heyse",26,22960732,0.00503299999991214,6211040,3,NA,NA,10228,0.5114
20000,16,"Pigeon-Heyse",27,22960733,0.009802400000126,6211040,3,NA,NA,10223,0.51115
20000,16,"Pigeon-Heyse",28,22960734,0.00978680000002896,6211040,3,NA,NA,10211,0.51055
20000,16,"Pigeon-Heyse",29,22960735,0.00720910000018193,6211040,3,NA,NA,10207,0.51035
20000,16,"Pigeon-Heyse",30,22960736,0.0050799000000552,6211040,4,NA,NA,10218,0.5109
20000,16,"Osius-Rojek",1,22960707,0.0182200000001558,11363760,3,NA,NA,10216,0.5108
20000,16,"Osius-Rojek",2,22960708,0.00978250000002845,11363760,3,NA,NA,10194,0.5097
20000,16,"Osius-Rojek",3,22960709,0.0207535000001826,11363760,3,NA,NA,10143,0.50715
20000,16,"Osius-Rojek",4,22960710,0.0143384000000424,11363760,4,NA,NA,10320,0.516
20000,16,"Osius-Rojek",5,22960711,0.0184401000001344,11363760,4,NA,NA,10207,0.51035
20000,16,"Osius-Rojek",6,22960712,0.00858130000028723,11363760,3,NA,NA,10272,0.5136
20000,16,"Osius-Rojek",7,22960713,0.0329841000002489,11363760,3,NA,NA,10215,0.51075
20000,16,"Osius-Rojek",8,22960714,0.0135259000001042,11363760,3,NA,NA,10258,0.5129
20000,16,"Osius-Rojek",9,22960715,0.0148951000001034,11363760,3,NA,NA,10303,0.51515
20000,16,"Osius-Rojek",10,22960716,0.0140224000001581,11363760,3,NA,NA,10257,0.51285
20000,16,"Osius-Rojek",11,22960717,0.00875489999998535,11363760,3,NA,NA,10188,0.5094
20000,16,"Osius-Rojek",12,22960718,0.0137674000000061,11363760,3,NA,NA,10253,0.51265
20000,16,"Osius-Rojek",13,22960719,0.0238187000002199,11363760,3,NA,NA,10323,0.51615
20000,16,"Osius-Rojek",14,22960720,0.0268893000002208,11363760,4,NA,NA,10230,0.5115
20000,16,"Osius-Rojek",15,22960721,0.0210237000001143,11363760,3,NA,NA,10188,0.5094
20000,16,"Osius-Rojek",16,22960722,0.0084188000002996,11363760,3,NA,NA,10248,0.5124
20000,16,"Osius-Rojek",17,22960723,0.0235645000002478,11363760,3,NA,NA,10238,0.5119
20000,16,"Osius-Rojek",18,22960724,0.012706700000308,11363760,3,NA,NA,10241,0.51205
20000,16,"Osius-Rojek",19,22960725,0.0144662000000153,11363760,4,NA,NA,10204,0.5102
20000,16,"Osius-Rojek",20,22960726,0.0153388000001087,11363760,3,NA,NA,10299,0.51495
20000,16,"Osius-Rojek",21,22960727,0.0083889000002273,11363760,3,NA,NA,10138,0.5069
20000,16,"Osius-Rojek",22,22960728,0.0336125000001175,11363760,3,NA,NA,10222,0.5111
20000,16,"Osius-Rojek",23,22960729,0.014393100000234,11363760,3,NA,NA,10101,0.50505
20000,16,"Osius-Rojek",24,22960730,0.0193562000001748,11363760,3,NA,NA,10134,0.5067
20000,16,"Osius-Rojek",25,22960731,0.0139783000001898,11363760,3,NA,NA,10025,0.50125
20000,16,"Osius-Rojek",26,22960732,0.00864520000027369,11363760,3,NA,NA,10228,0.5114
20000,16,"Osius-Rojek",27,22960733,0.0248161000001801,11363760,3,NA,NA,10223,0.51115
20000,16,"Osius-Rojek",28,22960734,0.0280460000001312,11363760,3,NA,NA,10211,0.51055
20000,16,"Osius-Rojek",29,22960735,0.0193784000002779,11363760,3,NA,NA,10207,0.51035
20000,16,"Osius-Rojek",30,22960736,0.00828060000003461,11363760,4,NA,NA,10218,0.5109
20000,16,"Stukel",1,22960707,0.0116947000001346,12723960,3,4,1,10216,0.5108
20000,16,"Stukel",2,22960708,0.00590540000007422,12723960,3,4,1,10194,0.5097
20000,16,"Stukel",3,22960709,0.0142329000002519,12723960,3,4,1,10143,0.50715
20000,16,"Stukel",4,22960710,0.00985600000035447,12723960,4,4,1,10320,0.516
20000,16,"Stukel",5,22960711,0.0206253000001198,12723960,4,4,1,10207,0.51035
20000,16,"Stukel",6,22960712,0.00589030000014645,12723960,3,4,1,10272,0.5136
20000,16,"Stukel",7,22960713,0.0118930000001001,12723960,3,4,1,10215,0.51075
20000,16,"Stukel",8,22960714,0.00788690000013048,12723960,3,4,1,10258,0.5129
20000,16,"Stukel",9,22960715,0.02264839999998,12723960,3,4,1,10303,0.51515
20000,16,"Stukel",10,22960716,0.0189477999999781,12723960,3,4,1,10257,0.51285
20000,16,"Stukel",11,22960717,0.00959740000007514,12723960,3,4,1,10188,0.5094
20000,16,"Stukel",12,22960718,0.018164299999853,12723960,3,4,1,10253,0.51265
20000,16,"Stukel",13,22960719,0.00998300000014751,12723960,3,4,1,10323,0.51615
20000,16,"Stukel",14,22960720,0.0175729000000047,12723960,4,4,1,10230,0.5115
20000,16,"Stukel",15,22960721,0.0182558999999856,12723960,3,4,1,10188,0.5094
20000,16,"Stukel",16,22960722,0.00555060000033336,12723960,3,4,1,10248,0.5124
20000,16,"Stukel",17,22960723,0.0215049000000818,12723960,3,4,1,10238,0.5119
20000,16,"Stukel",18,22960724,0.0155761000000894,12723960,3,4,1,10241,0.51205
20000,16,"Stukel",19,22960725,0.00872260000028291,12723960,4,4,1,10204,0.5102
20000,16,"Stukel",20,22960726,0.00851870000019517,12723960,3,4,1,10299,0.51495
20000,16,"Stukel",21,22960727,0.00529919999985395,12723960,3,4,1,10138,0.5069
20000,16,"Stukel",22,22960728,0.0142613000000438,12723960,3,4,1,10222,0.5111
20000,16,"Stukel",23,22960729,0.00819840000008298,12723960,3,4,1,10101,0.50505
20000,16,"Stukel",24,22960730,0.0126743000002989,12723960,3,4,1,10134,0.5067
20000,16,"Stukel",25,22960731,0.00939710000011473,12723960,3,4,1,10025,0.50125
20000,16,"Stukel",26,22960732,0.00532800000019051,12723960,3,4,1,10228,0.5114
20000,16,"Stukel",27,22960733,0.0171470000000227,12723960,3,4,1,10223,0.51115
20000,16,"Stukel",28,22960734,0.0104682000001048,12723960,3,4,1,10211,0.51055
20000,16,"Stukel",29,22960735,0.00980290000006789,12723960,3,4,1,10207,0.51035
20000,16,"Stukel",30,22960736,0.00584670000012011,12723960,4,4,1,10218,0.5109
20000,16,"Tsiatis",1,22960707,0.375956600000109,29473568,3,NA,NA,10216,0.5108
20000,16,"Tsiatis",2,22960708,0.226363800000172,29473568,3,NA,NA,10194,0.5097
20000,16,"Tsiatis",3,22960709,0.302814300000136,29473568,3,NA,NA,10143,0.50715
20000,16,"Tsiatis",4,22960710,0.215559100000064,29473568,4,NA,NA,10320,0.516
20000,16,"Tsiatis",5,22960711,0.311033900000211,29473568,4,NA,NA,10207,0.51035
20000,16,"Tsiatis",6,22960712,0.227675300000101,29473568,3,NA,NA,10272,0.5136
20000,16,"Tsiatis",7,22960713,0.344558600000255,29473568,3,NA,NA,10215,0.51075
20000,16,"Tsiatis",8,22960714,0.339172200000121,29473568,3,NA,NA,10258,0.5129
20000,16,"Tsiatis",9,22960715,0.337303400000337,29473568,3,NA,NA,10303,0.51515
20000,16,"Tsiatis",10,22960716,0.345307600000297,29473568,3,NA,NA,10257,0.51285
20000,16,"Tsiatis",11,22960717,0.166883599999892,29473568,3,NA,NA,10188,0.5094
20000,16,"Tsiatis",12,22960718,0.338475000000244,29473568,3,NA,NA,10253,0.51265
20000,16,"Tsiatis",13,22960719,0.309409000000187,29473568,3,NA,NA,10323,0.51615
20000,16,"Tsiatis",14,22960720,0.298503100000062,29473568,4,NA,NA,10230,0.5115
20000,16,"Tsiatis",15,22960721,0.295068400000218,29473568,3,NA,NA,10188,0.5094
20000,16,"Tsiatis",16,22960722,0.205000900000186,29473568,3,NA,NA,10248,0.5124
20000,16,"Tsiatis",17,22960723,0.376070600000048,29473568,3,NA,NA,10238,0.5119
20000,16,"Tsiatis",18,22960724,0.330838800000038,29473568,3,NA,NA,10241,0.51205
20000,16,"Tsiatis",19,22960725,0.278343300000188,29473568,4,NA,NA,10204,0.5102
20000,16,"Tsiatis",20,22960726,0.347748000000365,29473568,3,NA,NA,10299,0.51495
20000,16,"Tsiatis",21,22960727,0.179209300000366,29473568,3,NA,NA,10138,0.5069
20000,16,"Tsiatis",22,22960728,0.407196800000293,29473568,3,NA,NA,10222,0.5111
20000,16,"Tsiatis",23,22960729,0.417257800000243,29473568,3,NA,NA,10101,0.50505
20000,16,"Tsiatis",24,22960730,0.178286000000071,29473568,3,NA,NA,10134,0.5067
20000,16,"Tsiatis",25,22960731,0.162072900000112,29473568,3,NA,NA,10025,0.50125
20000,16,"Tsiatis",26,22960732,0.223634200000106,29473568,3,NA,NA,10228,0.5114
20000,16,"Tsiatis",27,22960733,0.349214000000075,29473568,3,NA,NA,10223,0.51115
20000,16,"Tsiatis",28,22960734,0.442829699999947,29473568,3,NA,NA,10211,0.51055
20000,16,"Tsiatis",29,22960735,0.377459300000282,29473568,3,NA,NA,10207,0.51035
20000,16,"Tsiatis",30,22960736,0.20461760000012,29473568,4,NA,NA,10218,0.5109
20000,16,"Xie",1,22960707,8.10015720000024,101351960,3,NA,NA,10216,0.5108
20000,16,"Xie",2,22960708,5.97006610000017,101351952,3,NA,NA,10194,0.5097
20000,16,"Xie",3,22960709,8.09365610000009,101351960,3,NA,NA,10143,0.50715
20000,16,"Xie",4,22960710,7.93333840000014,101351952,4,NA,NA,10320,0.516
20000,16,"Xie",5,22960711,8.13730170000008,101351952,4,NA,NA,10207,0.51035
20000,16,"Xie",6,22960712,5.73510659999988,101351944,3,NA,NA,10272,0.5136
20000,16,"Xie",7,22960713,7.96179200000006,101351952,3,NA,NA,10215,0.51075
20000,16,"Xie",8,22960714,7.83867929999997,101351952,3,NA,NA,10258,0.5129
20000,16,"Xie",9,22960715,7.91654080000012,101351952,3,NA,NA,10303,0.51515
20000,16,"Xie",10,22960716,7.92117829999984,101351968,3,NA,NA,10257,0.51285
20000,16,"Xie",11,22960717,5.98333160000016,101351952,3,NA,NA,10188,0.5094
20000,16,"Xie",12,22960718,7.63563120000003,101351928,3,NA,NA,10253,0.51265
20000,16,"Xie",13,22960719,7.66789490000019,101351952,3,NA,NA,10323,0.51615
20000,16,"Xie",14,22960720,7.64845390000005,101351960,4,NA,NA,10230,0.5115
20000,16,"Xie",15,22960721,8.16761400000019,101351944,3,NA,NA,10188,0.5094
20000,16,"Xie",16,22960722,5.9259849,101351952,3,NA,NA,10248,0.5124
20000,16,"Xie",17,22960723,7.72380210000028,101351960,3,NA,NA,10238,0.5119
20000,16,"Xie",18,22960724,7.93191830000001,101351952,3,NA,NA,10241,0.51205
20000,16,"Xie",19,22960725,8.20885990000011,101351960,4,NA,NA,10204,0.5102
20000,16,"Xie",20,22960726,8.10086850000016,101351952,3,NA,NA,10299,0.51495
20000,16,"Xie",21,22960727,5.97879210000019,101351952,3,NA,NA,10138,0.5069
20000,16,"Xie",22,22960728,7.67122260000019,101351952,3,NA,NA,10222,0.5111
20000,16,"Xie",23,22960729,8.00220650000028,101351952,3,NA,NA,10101,0.50505
20000,16,"Xie",24,22960730,8.13391520000005,101351952,3,NA,NA,10134,0.5067
20000,16,"Xie",25,22960731,8.11745520000022,101351960,3,NA,NA,10025,0.50125
20000,16,"Xie",26,22960732,5.94547440000019,101351944,3,NA,NA,10228,0.5114
20000,16,"Xie",27,22960733,8.18460480000022,101351960,3,NA,NA,10223,0.51115
20000,16,"Xie",28,22960734,7.84892890000015,101351952,3,NA,NA,10211,0.51055
20000,16,"Xie",29,22960735,8.01418890000014,101351952,3,NA,NA,10207,0.51035
20000,16,"Xie",30,22960736,5.96514590000015,101351960,4,NA,NA,10218,0.5109
20000,16,"Pulkstenis-Robinson",1,22960707,0.0332855000001473,16247304,3,NA,NA,10216,0.5108
20000,16,"Pulkstenis-Robinson",2,22960708,0.0208008999998128,16247368,3,NA,NA,10194,0.5097
20000,16,"Pulkstenis-Robinson",3,22960709,0.0312680000001819,16247368,3,NA,NA,10143,0.50715
20000,16,"Pulkstenis-Robinson",4,22960710,0.0411427000001368,16247368,4,NA,NA,10320,0.516
20000,16,"Pulkstenis-Robinson",5,22960711,0.0330149000001256,16247368,4,NA,NA,10207,0.51035
20000,16,"Pulkstenis-Robinson",6,22960712,0.0209555000001274,16247368,3,NA,NA,10272,0.5136
20000,16,"Pulkstenis-Robinson",7,22960713,0.0346036000000822,16247368,3,NA,NA,10215,0.51075
20000,16,"Pulkstenis-Robinson",8,22960714,0.0315836000002037,16247368,3,NA,NA,10258,0.5129
20000,16,"Pulkstenis-Robinson",9,22960715,0.025867000000062,16247304,3,NA,NA,10303,0.51515
20000,16,"Pulkstenis-Robinson",10,22960716,0.0341367000000901,16247304,3,NA,NA,10257,0.51285
20000,16,"Pulkstenis-Robinson",11,22960717,0.0201747000003252,16247368,3,NA,NA,10188,0.5094
20000,16,"Pulkstenis-Robinson",12,22960718,0.0490027000000737,16247368,3,NA,NA,10253,0.51265
20000,16,"Pulkstenis-Robinson",13,22960719,0.0297396000000845,16247368,3,NA,NA,10323,0.51615
20000,16,"Pulkstenis-Robinson",14,22960720,0.0340746000001673,16247360,4,NA,NA,10230,0.5115
20000,16,"Pulkstenis-Robinson",15,22960721,0.0273984000000382,16247368,3,NA,NA,10188,0.5094
20000,16,"Pulkstenis-Robinson",16,22960722,0.0199511000000712,16247368,3,NA,NA,10248,0.5124
20000,16,"Pulkstenis-Robinson",17,22960723,0.0421935000001668,16247368,3,NA,NA,10238,0.5119
20000,16,"Pulkstenis-Robinson",18,22960724,0.0261779000002207,16247368,3,NA,NA,10241,0.51205
20000,16,"Pulkstenis-Robinson",19,22960725,0.0313841000001958,16247368,4,NA,NA,10204,0.5102
20000,16,"Pulkstenis-Robinson",20,22960726,0.0287327000000914,16247368,3,NA,NA,10299,0.51495
20000,16,"Pulkstenis-Robinson",21,22960727,0.0207700000003115,16247368,3,NA,NA,10138,0.5069
20000,16,"Pulkstenis-Robinson",22,22960728,0.0265143999999964,16247304,3,NA,NA,10222,0.5111
20000,16,"Pulkstenis-Robinson",23,22960729,0.0264898000002631,16247368,3,NA,NA,10101,0.50505
20000,16,"Pulkstenis-Robinson",24,22960730,0.0299682000002122,16247296,3,NA,NA,10134,0.5067
20000,16,"Pulkstenis-Robinson",25,22960731,0.034032100000104,16247368,3,NA,NA,10025,0.50125
20000,16,"Pulkstenis-Robinson",26,22960732,0.0171009000000595,16247304,3,NA,NA,10228,0.5114
20000,16,"Pulkstenis-Robinson",27,22960733,0.026178100000152,16247360,3,NA,NA,10223,0.51115
20000,16,"Pulkstenis-Robinson",28,22960734,0.0376673000002938,16247304,3,NA,NA,10211,0.51055
20000,16,"Pulkstenis-Robinson",29,22960735,0.0376780999999937,16247368,3,NA,NA,10207,0.51035
20000,16,"Pulkstenis-Robinson",30,22960736,0.0200297999999748,16247368,4,NA,NA,10218,0.5109
20000,16,"glm_fit",1,22960707,0.0894607000002452,54214208,3,NA,NA,10216,0.5108
20000,16,"glm_fit",2,22960708,0.0612541999998939,54214208,3,NA,NA,10194,0.5097
20000,16,"glm_fit",3,22960709,0.094139400000131,54214208,3,NA,NA,10143,0.50715
20000,16,"glm_fit",4,22960710,0.107117900000048,65497424,4,NA,NA,10320,0.516
20000,16,"glm_fit",5,22960711,0.0899136000000453,65497424,4,NA,NA,10207,0.51035
20000,16,"glm_fit",6,22960712,0.0502984000002016,54214208,3,NA,NA,10272,0.5136
20000,16,"glm_fit",7,22960713,0.0744277000001148,54214208,3,NA,NA,10215,0.51075
20000,16,"glm_fit",8,22960714,0.0938238000001093,54214208,3,NA,NA,10258,0.5129
20000,16,"glm_fit",9,22960715,0.0737363000000641,54214208,3,NA,NA,10303,0.51515
20000,16,"glm_fit",10,22960716,0.0855319000002055,54214208,3,NA,NA,10257,0.51285
20000,16,"glm_fit",11,22960717,0.052427200000011,54214208,3,NA,NA,10188,0.5094
20000,16,"glm_fit",12,22960718,0.170769400000154,54214208,3,NA,NA,10253,0.51265
20000,16,"glm_fit",13,22960719,0.092432300000155,54214208,3,NA,NA,10323,0.51615
20000,16,"glm_fit",14,22960720,0.117292600000155,65497424,4,NA,NA,10230,0.5115
20000,16,"glm_fit",15,22960721,0.0749019000002136,54214208,3,NA,NA,10188,0.5094
20000,16,"glm_fit",16,22960722,0.062636300000122,54214208,3,NA,NA,10248,0.5124
20000,16,"glm_fit",17,22960723,0.0874398000000838,54214208,3,NA,NA,10238,0.5119
20000,16,"glm_fit",18,22960724,0.167533100000128,54214208,3,NA,NA,10241,0.51205
20000,16,"glm_fit",19,22960725,0.0851110000003246,65497424,4,NA,NA,10204,0.5102
20000,16,"glm_fit",20,22960726,0.147095700000136,54214208,3,NA,NA,10299,0.51495
20000,16,"glm_fit",21,22960727,0.0579596000002311,54214208,3,NA,NA,10138,0.5069
20000,16,"glm_fit",22,22960728,0.122038200000134,54214208,3,NA,NA,10222,0.5111
20000,16,"glm_fit",23,22960729,0.0774799000000712,54214208,3,NA,NA,10101,0.50505
20000,16,"glm_fit",24,22960730,0.082031500000312,54214208,3,NA,NA,10134,0.5067
20000,16,"glm_fit",25,22960731,0.0844897000001765,54214208,3,NA,NA,10025,0.50125
20000,16,"glm_fit",26,22960732,0.0557304000001295,54214208,3,NA,NA,10228,0.5114
20000,16,"glm_fit",27,22960733,0.0674480000002404,54214208,3,NA,NA,10223,0.51115
20000,16,"glm_fit",28,22960734,0.100099200000159,54214208,3,NA,NA,10211,0.51055
20000,16,"glm_fit",29,22960735,0.0786873000001833,54214208,3,NA,NA,10207,0.51035
20000,16,"glm_fit",30,22960736,0.0637240000000929,65497424,4,NA,NA,10218,0.5109
20000,32,"DEF.poly3",1,23060707,0.0759875000001102,27069424,3,NA,NA,10190,0.5095
20000,32,"DEF.poly3",2,23060708,0.0581217000001288,27069400,3,NA,NA,10202,0.5101
20000,32,"DEF.poly3",3,23060709,0.103439400000298,27069424,3,NA,NA,10335,0.51675
20000,32,"DEF.poly3",4,23060710,0.098414000000048,27069400,3,NA,NA,10180,0.509
20000,32,"DEF.poly3",5,23060711,0.0993428000001586,27069400,3,NA,NA,10203,0.51015
20000,32,"DEF.poly3",6,23060712,0.0625936000001275,27069424,4,NA,NA,10238,0.5119
20000,32,"DEF.poly3",7,23060713,0.0828605000001517,27069400,3,NA,NA,10158,0.5079
20000,32,"DEF.poly3",8,23060714,0.0766217000002598,27069424,4,NA,NA,10134,0.5067
20000,32,"DEF.poly3",9,23060715,0.0767696000000342,27069400,3,NA,NA,10211,0.51055
20000,32,"DEF.poly3",10,23060716,0.0905036000001473,27069400,4,NA,NA,10262,0.5131
20000,32,"DEF.poly3",11,23060717,0.0545928000001368,27069400,3,NA,NA,10327,0.51635
20000,32,"DEF.poly3",12,23060718,0.0966484000000492,27069424,3,NA,NA,10172,0.5086
20000,32,"DEF.poly3",13,23060719,0.0939376000001175,27069400,3,NA,NA,10255,0.51275
20000,32,"DEF.poly3",14,23060720,0.0840086000000611,27069400,4,NA,NA,10267,0.51335
20000,32,"DEF.poly3",15,23060721,0.0820432000000437,27069424,3,NA,NA,10203,0.51015
20000,32,"DEF.poly3",16,23060722,0.15066929999989,27069400,3,NA,NA,10228,0.5114
20000,32,"DEF.poly3",17,23060723,0.0793137000002844,27069400,3,NA,NA,10162,0.5081
20000,32,"DEF.poly3",18,23060724,0.0864288000002489,27069424,4,NA,NA,10164,0.5082
20000,32,"DEF.poly3",19,23060725,0.0883503000000019,27069424,3,NA,NA,10233,0.51165
20000,32,"DEF.poly3",20,23060726,0.0874606000002132,27069400,4,NA,NA,10180,0.509
20000,32,"DEF.poly3",21,23060727,0.0533333000000766,27069424,3,NA,NA,10225,0.51125
20000,32,"DEF.poly3",22,23060728,0.0978951000001871,27069400,4,NA,NA,10295,0.51475
20000,32,"DEF.poly3",23,23060729,0.0906737000002522,27069400,3,NA,NA,10291,0.51455
20000,32,"DEF.poly3",24,23060730,0.0851529000001392,27069400,4,NA,NA,10295,0.51475
20000,32,"DEF.poly3",25,23060731,0.0812912999999753,27069400,4,NA,NA,10115,0.50575
20000,32,"DEF.poly3",26,23060732,0.0515567000002193,27069400,3,NA,NA,10126,0.5063
20000,32,"DEF.poly3",27,23060733,0.112707499999942,27069400,3,NA,NA,10322,0.5161
20000,32,"DEF.poly3",28,23060734,0.101844600000049,27069424,4,NA,NA,10162,0.5081
20000,32,"DEF.poly3",29,23060735,0.0773341999999957,27069400,3,NA,NA,10310,0.5155
20000,32,"DEF.poly3",30,23060736,0.0586437000001752,27069424,4,NA,NA,10115,0.50575
20000,32,"DEF.stukel",1,23060707,0.089522700000316,27062496,3,NA,NA,10190,0.5095
20000,32,"DEF.stukel",2,23060708,0.04880570000023,27062496,3,NA,NA,10202,0.5101
20000,32,"DEF.stukel",3,23060709,0.0806715000001077,27062496,3,NA,NA,10335,0.51675
20000,32,"DEF.stukel",4,23060710,0.0935385000000224,27062496,3,NA,NA,10180,0.509
20000,32,"DEF.stukel",5,23060711,0.0861288000003242,27062496,3,NA,NA,10203,0.51015
20000,32,"DEF.stukel",6,23060712,0.0537872999998399,27062496,4,NA,NA,10238,0.5119
20000,32,"DEF.stukel",7,23060713,0.129555500000151,27062496,3,NA,NA,10158,0.5079
20000,32,"DEF.stukel",8,23060714,0.0754052000002048,27062496,4,NA,NA,10134,0.5067
20000,32,"DEF.stukel",9,23060715,0.0778080000000045,27062496,3,NA,NA,10211,0.51055
20000,32,"DEF.stukel",10,23060716,0.108240800000203,27062496,4,NA,NA,10262,0.5131
20000,32,"DEF.stukel",11,23060717,0.0648275000003196,27062496,3,NA,NA,10327,0.51635
20000,32,"DEF.stukel",12,23060718,0.25995110000008,27062496,3,NA,NA,10172,0.5086
20000,32,"DEF.stukel",13,23060719,0.0848683000001529,27062496,3,NA,NA,10255,0.51275
20000,32,"DEF.stukel",14,23060720,0.0948849999999766,27062496,4,NA,NA,10267,0.51335
20000,32,"DEF.stukel",15,23060721,0.101736000000074,27062496,3,NA,NA,10203,0.51015
20000,32,"DEF.stukel",16,23060722,0.0549791000003097,27062496,3,NA,NA,10228,0.5114
20000,32,"DEF.stukel",17,23060723,0.0699309000001449,27062496,3,NA,NA,10162,0.5081
20000,32,"DEF.stukel",18,23060724,0.0864854000003561,27062496,4,NA,NA,10164,0.5082
20000,32,"DEF.stukel",19,23060725,0.100288100000171,27062496,3,NA,NA,10233,0.51165
20000,32,"DEF.stukel",20,23060726,0.135280600000215,27062496,4,NA,NA,10180,0.509
20000,32,"DEF.stukel",21,23060727,0.0517298000002029,27062496,3,NA,NA,10225,0.51125
20000,32,"DEF.stukel",22,23060728,0.0838549000002331,27062496,4,NA,NA,10295,0.51475
20000,32,"DEF.stukel",23,23060729,0.0887329000001955,27062496,3,NA,NA,10291,0.51455
20000,32,"DEF.stukel",24,23060730,0.112591100000145,27062496,4,NA,NA,10295,0.51475
20000,32,"DEF.stukel",25,23060731,0.0714511000001039,27062496,4,NA,NA,10115,0.50575
20000,32,"DEF.stukel",26,23060732,0.0491982000000917,27062496,3,NA,NA,10126,0.5063
20000,32,"DEF.stukel",27,23060733,0.121866900000214,27062496,3,NA,NA,10322,0.5161
20000,32,"DEF.stukel",28,23060734,0.0895956000001661,27062496,4,NA,NA,10162,0.5081
20000,32,"DEF.stukel",29,23060735,0.0693724000002476,27062496,3,NA,NA,10310,0.5155
20000,32,"DEF.stukel",30,23060736,0.0500666000000365,27062496,4,NA,NA,10115,0.50575
20000,32,"EF",1,23060707,0.0107785000002423,9839288,3,NA,NA,10190,0.5095
20000,32,"EF",2,23060708,0.00585750000004737,9839288,3,NA,NA,10202,0.5101
20000,32,"EF",3,23060709,0.0170059000001856,9839288,3,NA,NA,10335,0.51675
20000,32,"EF",4,23060710,0.0176630000000841,9839288,3,NA,NA,10180,0.509
20000,32,"EF",5,23060711,0.010280400000056,9839288,3,NA,NA,10203,0.51015
20000,32,"EF",6,23060712,0.00607020000029479,9839288,4,NA,NA,10238,0.5119
20000,32,"EF",7,23060713,0.0117560000003323,9839288,3,NA,NA,10158,0.5079
20000,32,"EF",8,23060714,0.0194686000002093,9839288,4,NA,NA,10134,0.5067
20000,32,"EF",9,23060715,0.0101657000002433,9839288,3,NA,NA,10211,0.51055
20000,32,"EF",10,23060716,0.0139614000001984,9839288,4,NA,NA,10262,0.5131
20000,32,"EF",11,23060717,0.00785929999983637,9839288,3,NA,NA,10327,0.51635
20000,32,"EF",12,23060718,0.0161866999999347,9839288,3,NA,NA,10172,0.5086
20000,32,"EF",13,23060719,0.0155485000000226,9839288,3,NA,NA,10255,0.51275
20000,32,"EF",14,23060720,0.0126110000001063,9839288,4,NA,NA,10267,0.51335
20000,32,"EF",15,23060721,0.0173670000001493,9839288,3,NA,NA,10203,0.51015
20000,32,"EF",16,23060722,0.00802659999999378,9839288,3,NA,NA,10228,0.5114
20000,32,"EF",17,23060723,0.0106899000002159,9839288,3,NA,NA,10162,0.5081
20000,32,"EF",18,23060724,0.0136998000000403,9839288,4,NA,NA,10164,0.5082
20000,32,"EF",19,23060725,0.0104797000001327,9839288,3,NA,NA,10233,0.51165
20000,32,"EF",20,23060726,0.0127179000003252,9839288,4,NA,NA,10180,0.509
20000,32,"EF",21,23060727,0.00819980000005671,9839288,3,NA,NA,10225,0.51125
20000,32,"EF",22,23060728,0.0136255000002166,9839288,4,NA,NA,10295,0.51475
20000,32,"EF",23,23060729,0.0183913000000757,9839288,3,NA,NA,10291,0.51455
20000,32,"EF",24,23060730,0.0147060000001602,9839288,4,NA,NA,10295,0.51475
20000,32,"EF",25,23060731,0.0119993000000704,9839288,4,NA,NA,10115,0.50575
20000,32,"EF",26,23060732,0.00944219999996676,9839288,3,NA,NA,10126,0.5063
20000,32,"EF",27,23060733,0.012398100000155,9839288,3,NA,NA,10322,0.5161
20000,32,"EF",28,23060734,0.0151476000000912,9839288,4,NA,NA,10162,0.5081
20000,32,"EF",29,23060735,0.0105645000001005,9839288,3,NA,NA,10310,0.5155
20000,32,"EF",30,23060736,0.00933370000029754,9839288,4,NA,NA,10115,0.50575
20000,32,"HL",1,23060707,0.0366689000002225,8674480,3,NA,NA,10190,0.5095
20000,32,"HL",2,23060708,0.0277485000001434,8674480,3,NA,NA,10202,0.5101
20000,32,"HL",3,23060709,0.0365897000001496,8674480,3,NA,NA,10335,0.51675
20000,32,"HL",4,23060710,0.0346733000001223,8674480,3,NA,NA,10180,0.509
20000,32,"HL",5,23060711,0.0345831000001908,8674480,3,NA,NA,10203,0.51015
20000,32,"HL",6,23060712,0.0261535000001913,8674480,4,NA,NA,10238,0.5119
20000,32,"HL",7,23060713,0.0458335000000716,8674480,3,NA,NA,10158,0.5079
20000,32,"HL",8,23060714,0.0338540000000194,8674480,4,NA,NA,10134,0.5067
20000,32,"HL",9,23060715,0.0398573000002216,8674480,3,NA,NA,10211,0.51055
20000,32,"HL",10,23060716,0.0427208000003247,8674480,4,NA,NA,10262,0.5131
20000,32,"HL",11,23060717,0.0254182000001038,8674480,3,NA,NA,10327,0.51635
20000,32,"HL",12,23060718,0.0383224000001974,8674480,3,NA,NA,10172,0.5086
20000,32,"HL",13,23060719,0.0465678000002754,8674480,3,NA,NA,10255,0.51275
20000,32,"HL",14,23060720,0.0384241000001566,8674480,4,NA,NA,10267,0.51335
20000,32,"HL",15,23060721,0.0418781000000763,8674480,3,NA,NA,10203,0.51015
20000,32,"HL",16,23060722,0.0254250000000411,8674480,3,NA,NA,10228,0.5114
20000,32,"HL",17,23060723,0.0354251000001113,8674480,3,NA,NA,10162,0.5081
20000,32,"HL",18,23060724,0.0371995000002698,8674480,4,NA,NA,10164,0.5082
20000,32,"HL",19,23060725,0.0394604999999046,8674480,3,NA,NA,10233,0.51165
20000,32,"HL",20,23060726,0.0385683000001791,8674480,4,NA,NA,10180,0.509
20000,32,"HL",21,23060727,0.0242814000002909,8674480,3,NA,NA,10225,0.51125
20000,32,"HL",22,23060728,0.0430415000000721,8674480,4,NA,NA,10295,0.51475
20000,32,"HL",23,23060729,0.0496271000001798,8674480,3,NA,NA,10291,0.51455
20000,32,"HL",24,23060730,0.0398726000000806,8674480,4,NA,NA,10295,0.51475
20000,32,"HL",25,23060731,0.0480777000000217,8674480,4,NA,NA,10115,0.50575
20000,32,"HL",26,23060732,0.0238586000000396,8674480,3,NA,NA,10126,0.5063
20000,32,"HL",27,23060733,0.0385863999997582,8674480,3,NA,NA,10322,0.5161
20000,32,"HL",28,23060734,0.034599400000161,8674480,4,NA,NA,10162,0.5081
20000,32,"HL",29,23060735,0.038252600000078,8674480,3,NA,NA,10310,0.5155
20000,32,"HL",30,23060736,0.0309995000002345,8674480,4,NA,NA,10115,0.50575
20000,32,"Pigeon-Heyse",1,23060707,0.0117369000001872,8778496,3,NA,NA,10190,0.5095
20000,32,"Pigeon-Heyse",2,23060708,0.00564340000028096,8778496,3,NA,NA,10202,0.5101
20000,32,"Pigeon-Heyse",3,23060709,0.0246071000001393,8778496,3,NA,NA,10335,0.51675
20000,32,"Pigeon-Heyse",4,23060710,0.013935500000116,8778496,3,NA,NA,10180,0.509
20000,32,"Pigeon-Heyse",5,23060711,0.0100755000000845,8778496,3,NA,NA,10203,0.51015
20000,32,"Pigeon-Heyse",6,23060712,0.0140014999999494,8778496,4,NA,NA,10238,0.5119
20000,32,"Pigeon-Heyse",7,23060713,0.0244904000001043,8778496,3,NA,NA,10158,0.5079
20000,32,"Pigeon-Heyse",8,23060714,0.00844389999997475,8778496,4,NA,NA,10134,0.5067
20000,32,"Pigeon-Heyse",9,23060715,0.00893190000010691,8778496,3,NA,NA,10211,0.51055
20000,32,"Pigeon-Heyse",10,23060716,0.022846200000231,8778496,4,NA,NA,10262,0.5131
20000,32,"Pigeon-Heyse",11,23060717,0.00699060000010832,8778496,3,NA,NA,10327,0.51635
20000,32,"Pigeon-Heyse",12,23060718,0.0136296000000584,8778496,3,NA,NA,10172,0.5086
20000,32,"Pigeon-Heyse",13,23060719,0.0197698000001765,8778496,3,NA,NA,10255,0.51275
20000,32,"Pigeon-Heyse",14,23060720,0.0213095000001431,8778496,4,NA,NA,10267,0.51335
20000,32,"Pigeon-Heyse",15,23060721,0.0194242000000031,8778496,3,NA,NA,10203,0.51015
20000,32,"Pigeon-Heyse",16,23060722,0.0145861999999397,8778496,3,NA,NA,10228,0.5114
20000,32,"Pigeon-Heyse",17,23060723,0.0101720000002388,8778496,3,NA,NA,10162,0.5081
20000,32,"Pigeon-Heyse",18,23060724,0.0283103000001574,8778496,4,NA,NA,10164,0.5082
20000,32,"Pigeon-Heyse",19,23060725,0.0101680000002489,8778496,3,NA,NA,10233,0.51165
20000,32,"Pigeon-Heyse",20,23060726,0.0133826000001136,8778496,4,NA,NA,10180,0.509
20000,32,"Pigeon-Heyse",21,23060727,0.0074189000001752,8778496,3,NA,NA,10225,0.51125
20000,32,"Pigeon-Heyse",22,23060728,0.0131827000000158,8778496,4,NA,NA,10295,0.51475
20000,32,"Pigeon-Heyse",23,23060729,0.0166000000001532,8778496,3,NA,NA,10291,0.51455
20000,32,"Pigeon-Heyse",24,23060730,0.0137056999999459,8778496,4,NA,NA,10295,0.51475
20000,32,"Pigeon-Heyse",25,23060731,0.0110184000002391,8778496,4,NA,NA,10115,0.50575
20000,32,"Pigeon-Heyse",26,23060732,0.00577260000022761,8778496,3,NA,NA,10126,0.5063
20000,32,"Pigeon-Heyse",27,23060733,0.0165641000003234,8778496,3,NA,NA,10322,0.5161
20000,32,"Pigeon-Heyse",28,23060734,0.0293888999999581,8778496,4,NA,NA,10162,0.5081
20000,32,"Pigeon-Heyse",29,23060735,0.0096395000002758,8778496,3,NA,NA,10310,0.5155
20000,32,"Pigeon-Heyse",30,23060736,0.00670160000026954,8778496,4,NA,NA,10115,0.50575
20000,32,"Osius-Rojek",1,23060707,0.0449325000001863,19052560,3,NA,NA,10190,0.5095
20000,32,"Osius-Rojek",2,23060708,0.0198953000001438,19052560,3,NA,NA,10202,0.5101
20000,32,"Osius-Rojek",3,23060709,0.0343510000002425,19052560,3,NA,NA,10335,0.51675
20000,32,"Osius-Rojek",4,23060710,0.0461238000000321,19052560,3,NA,NA,10180,0.509
20000,32,"Osius-Rojek",5,23060711,0.0384315000001152,19052560,3,NA,NA,10203,0.51015
20000,32,"Osius-Rojek",6,23060712,0.020260700000108,19052560,4,NA,NA,10238,0.5119
20000,32,"Osius-Rojek",7,23060713,0.062484300000051,19052560,3,NA,NA,10158,0.5079
20000,32,"Osius-Rojek",8,23060714,0.0298804000001383,19052560,4,NA,NA,10134,0.5067
20000,32,"Osius-Rojek",9,23060715,0.0651744000001599,19052560,3,NA,NA,10211,0.51055
20000,32,"Osius-Rojek",10,23060716,0.0293435000000954,19052560,4,NA,NA,10262,0.5131
20000,32,"Osius-Rojek",11,23060717,0.0243192000000363,19052560,3,NA,NA,10327,0.51635
20000,32,"Osius-Rojek",12,23060718,0.0342921000001297,19052560,3,NA,NA,10172,0.5086
20000,32,"Osius-Rojek",13,23060719,0.0410099000002901,19052560,3,NA,NA,10255,0.51275
20000,32,"Osius-Rojek",14,23060720,0.0339206000003287,19052560,4,NA,NA,10267,0.51335
20000,32,"Osius-Rojek",15,23060721,0.0404845000002751,19052560,3,NA,NA,10203,0.51015
20000,32,"Osius-Rojek",16,23060722,0.0225182000001496,19052560,3,NA,NA,10228,0.5114
20000,32,"Osius-Rojek",17,23060723,0.0406701000001704,19052560,3,NA,NA,10162,0.5081
20000,32,"Osius-Rojek",18,23060724,0.0392208000000664,19052560,4,NA,NA,10164,0.5082
20000,32,"Osius-Rojek",19,23060725,0.0288516000000527,19052560,3,NA,NA,10233,0.51165
20000,32,"Osius-Rojek",20,23060726,0.026865600000292,19052560,4,NA,NA,10180,0.509
20000,32,"Osius-Rojek",21,23060727,0.0229722000001402,19052560,3,NA,NA,10225,0.51125
20000,32,"Osius-Rojek",22,23060728,0.03879720000009,19052560,4,NA,NA,10295,0.51475
20000,32,"Osius-Rojek",23,23060729,0.0387843000000885,19052560,3,NA,NA,10291,0.51455
20000,32,"Osius-Rojek",24,23060730,0.0311278000001494,19052560,4,NA,NA,10295,0.51475
20000,32,"Osius-Rojek",25,23060731,0.0412872000001698,19052560,4,NA,NA,10115,0.50575
20000,32,"Osius-Rojek",26,23060732,0.0205305000001772,19052560,3,NA,NA,10126,0.5063
20000,32,"Osius-Rojek",27,23060733,0.0395224999999755,19052560,3,NA,NA,10322,0.5161
20000,32,"Osius-Rojek",28,23060734,0.030738299999939,19052560,4,NA,NA,10162,0.5081
20000,32,"Osius-Rojek",29,23060735,0.0310505000002195,19052560,3,NA,NA,10310,0.5155
20000,32,"Osius-Rojek",30,23060736,0.019545200000266,19052560,4,NA,NA,10115,0.50575
20000,32,"Stukel",1,23060707,0.016915200000085,20412328,3,4,1,10190,0.5095
20000,32,"Stukel",2,23060708,0.00823180000020329,20412328,3,4,1,10202,0.5101
20000,32,"Stukel",3,23060709,0.0213617000001705,20412328,3,4,1,10335,0.51675
20000,32,"Stukel",4,23060710,0.0221823000001677,20412328,3,4,1,10180,0.509
20000,32,"Stukel",5,23060711,0.0218413000000055,20412328,3,4,1,10203,0.51015
20000,32,"Stukel",6,23060712,0.01082150000002,20412328,4,4,1,10238,0.5119
20000,32,"Stukel",7,23060713,0.0240339000001768,20412328,3,4,1,10158,0.5079
20000,32,"Stukel",8,23060714,0.0300735000000714,20412328,4,4,1,10134,0.5067
20000,32,"Stukel",9,23060715,0.0340720000001511,20412328,3,4,1,10211,0.51055
20000,32,"Stukel",10,23060716,0.0361761000001479,20412328,4,4,1,10262,0.5131
20000,32,"Stukel",11,23060717,0.00886810000019977,20412328,3,4,1,10327,0.51635
20000,32,"Stukel",12,23060718,0.0306676000002426,20412328,3,4,1,10172,0.5086
20000,32,"Stukel",13,23060719,0.0191091000001506,20412328,3,4,1,10255,0.51275
20000,32,"Stukel",14,23060720,0.0204264000001331,20412328,4,4,1,10267,0.51335
20000,32,"Stukel",15,23060721,0.0272685000002184,20412328,3,4,1,10203,0.51015
20000,32,"Stukel",16,23060722,0.00958680000007917,20412328,3,4,1,10228,0.5114
20000,32,"Stukel",17,23060723,0.017157600000246,20412328,3,4,1,10162,0.5081
20000,32,"Stukel",18,23060724,0.0214410000000953,20412328,4,4,1,10164,0.5082
20000,32,"Stukel",19,23060725,0.0213880000001154,20412328,3,4,1,10233,0.51165
20000,32,"Stukel",20,23060726,0.0224703000001227,20412328,4,4,1,10180,0.509
20000,32,"Stukel",21,23060727,0.0127125000001342,20412328,3,4,1,10225,0.51125
20000,32,"Stukel",22,23060728,0.0292614000002231,20412328,4,4,1,10295,0.51475
20000,32,"Stukel",23,23060729,0.0201849000002312,20412328,3,4,1,10291,0.51455
20000,32,"Stukel",24,23060730,0.0338573000001361,20412328,4,4,1,10295,0.51475
20000,32,"Stukel",25,23060731,0.0180394000001343,20412328,4,4,1,10115,0.50575
20000,32,"Stukel",26,23060732,0.0174883000001955,20412328,3,4,1,10126,0.5063
20000,32,"Stukel",27,23060733,0.0163795000000846,20412328,3,4,1,10322,0.5161
20000,32,"Stukel",28,23060734,0.0161763000000974,20412328,4,4,1,10162,0.5081
20000,32,"Stukel",29,23060735,0.0130007000000205,20412328,3,4,1,10310,0.5155
20000,32,"Stukel",30,23060736,0.0147450000001754,20412328,4,4,1,10115,0.50575
20000,32,"Tsiatis",1,23060707,0.296379699999989,47504920,3,NA,NA,10190,0.5095
20000,32,"Tsiatis",2,23060708,0.317213500000207,47504920,3,NA,NA,10202,0.5101
20000,32,"Tsiatis",3,23060709,1.08027100000004,47504920,3,NA,NA,10335,0.51675
20000,32,"Tsiatis",4,23060710,1.41814330000011,47504920,3,NA,NA,10180,0.509
20000,32,"Tsiatis",5,23060711,1.14055540000004,47504920,3,NA,NA,10203,0.51015
20000,32,"Tsiatis",6,23060712,0.389562500000238,47504920,4,NA,NA,10238,0.5119
20000,32,"Tsiatis",7,23060713,1.20243560000017,47504920,3,NA,NA,10158,0.5079
20000,32,"Tsiatis",8,23060714,1.29815720000011,47504920,4,NA,NA,10134,0.5067
20000,32,"Tsiatis",9,23060715,0.896162200000163,47504920,3,NA,NA,10211,0.51055
20000,32,"Tsiatis",10,23060716,1.15948500000013,47504920,4,NA,NA,10262,0.5131
20000,32,"Tsiatis",11,23060717,0.245641700000078,47504920,3,NA,NA,10327,0.51635
20000,32,"Tsiatis",12,23060718,0.427714800000103,47504920,3,NA,NA,10172,0.5086
20000,32,"Tsiatis",13,23060719,1.0428296,47504920,3,NA,NA,10255,0.51275
20000,32,"Tsiatis",14,23060720,1.07047540000008,47504920,4,NA,NA,10267,0.51335
20000,32,"Tsiatis",15,23060721,1.00242290000028,47504920,3,NA,NA,10203,0.51015
20000,32,"Tsiatis",16,23060722,0.450932500000135,47504920,3,NA,NA,10228,0.5114
20000,32,"Tsiatis",17,23060723,0.759202900000219,47504920,3,NA,NA,10162,0.5081
20000,32,"Tsiatis",18,23060724,0.50530370000024,47504920,4,NA,NA,10164,0.5082
20000,32,"Tsiatis",19,23060725,0.364435500000354,47504920,3,NA,NA,10233,0.51165
20000,32,"Tsiatis",20,23060726,1.17110350000007,47504920,4,NA,NA,10180,0.509
20000,32,"Tsiatis",21,23060727,0.553329000000076,47504920,3,NA,NA,10225,0.51125
20000,32,"Tsiatis",22,23060728,1.10932040000012,47504920,4,NA,NA,10295,0.51475
20000,32,"Tsiatis",23,23060729,1.06554080000001,47504920,3,NA,NA,10291,0.51455
20000,32,"Tsiatis",24,23060730,0.675211600000239,47504920,4,NA,NA,10295,0.51475
20000,32,"Tsiatis",25,23060731,0.32096730000012,47504920,4,NA,NA,10115,0.50575
20000,32,"Tsiatis",26,23060732,0.313719100000071,47504920,3,NA,NA,10126,0.5063
20000,32,"Tsiatis",27,23060733,1.28851930000019,47504920,3,NA,NA,10322,0.5161
20000,32,"Tsiatis",28,23060734,0.961046300000135,47504920,4,NA,NA,10162,0.5081
20000,32,"Tsiatis",29,23060735,0.711737500000027,47504920,3,NA,NA,10310,0.5155
20000,32,"Tsiatis",30,23060736,0.142532900000106,47504920,4,NA,NA,10115,0.50575
20000,32,"Xie",1,23060707,20.7664036000001,198097280,3,NA,NA,10190,0.5095
20000,32,"Xie",2,23060708,12.2273075000001,198097264,3,NA,NA,10202,0.5101
20000,32,"Xie",3,23060709,18.8485379000001,198097264,3,NA,NA,10335,0.51675
20000,32,"Xie",4,23060710,24.6371951000001,198097256,3,NA,NA,10180,0.509
20000,32,"Xie",5,23060711,25.3190211000001,198097296,3,NA,NA,10203,0.51015
20000,32,"Xie",6,23060712,13.1719737000001,198097264,4,NA,NA,10238,0.5119
20000,32,"Xie",7,23060713,24.9838014000002,198097272,3,NA,NA,10158,0.5079
20000,32,"Xie",8,23060714,23.6091138000002,198097304,4,NA,NA,10134,0.5067
20000,32,"Xie",9,23060715,24.6603275000002,198097272,3,NA,NA,10211,0.51055
20000,32,"Xie",10,23060716,25.1120557000002,198097248,4,NA,NA,10262,0.5131
20000,32,"Xie",11,23060717,12.9812810000001,198097264,3,NA,NA,10327,0.51635
20000,32,"Xie",12,23060718,25.5724992,198097272,3,NA,NA,10172,0.5086
20000,32,"Xie",13,23060719,24.5484853000003,198097272,3,NA,NA,10255,0.51275
20000,32,"Xie",14,23060720,24.8825640000002,198097288,4,NA,NA,10267,0.51335
20000,32,"Xie",15,23060721,24.8719742000001,198097288,3,NA,NA,10203,0.51015
20000,32,"Xie",16,23060722,12.0606062000002,198097280,3,NA,NA,10228,0.5114
20000,32,"Xie",17,23060723,22.4334049000001,198097280,3,NA,NA,10162,0.5081
20000,32,"Xie",18,23060724,25.348876,198097264,4,NA,NA,10164,0.5082
20000,32,"Xie",19,23060725,23.9430300000001,198097256,3,NA,NA,10233,0.51165
20000,32,"Xie",20,23060726,25.0968331000001,198097272,4,NA,NA,10180,0.509
20000,32,"Xie",21,23060727,12.8574131,198097272,3,NA,NA,10225,0.51125
20000,32,"Xie",22,23060728,24.8853900000001,198097264,4,NA,NA,10295,0.51475
20000,32,"Xie",23,23060729,24.2763062000001,198097264,3,NA,NA,10291,0.51455
20000,32,"Xie",24,23060730,24.9770695000002,198097256,4,NA,NA,10295,0.51475
20000,32,"Xie",25,23060731,23.8002731000001,198097272,4,NA,NA,10115,0.50575
20000,32,"Xie",26,23060732,12.6965041999999,198097264,3,NA,NA,10126,0.5063
20000,32,"Xie",27,23060733,24.8557735000002,198097256,3,NA,NA,10322,0.5161
20000,32,"Xie",28,23060734,25.2945900000002,198097280,4,NA,NA,10162,0.5081
20000,32,"Xie",29,23060735,24.3976810000001,198097280,3,NA,NA,10310,0.5155
20000,32,"Xie",30,23060736,12.4292065,198097272,4,NA,NA,10115,0.50575
20000,32,"Pulkstenis-Robinson",1,23060707,0.0506150000001071,26851912,3,NA,NA,10190,0.5095
20000,32,"Pulkstenis-Robinson",2,23060708,0.027649300000121,26851912,3,NA,NA,10202,0.5101
20000,32,"Pulkstenis-Robinson",3,23060709,0.0491806000002271,26851848,3,NA,NA,10335,0.51675
20000,32,"Pulkstenis-Robinson",4,23060710,0.035180900000114,26851912,3,NA,NA,10180,0.509
20000,32,"Pulkstenis-Robinson",5,23060711,0.0350422000001345,26851848,3,NA,NA,10203,0.51015
20000,32,"Pulkstenis-Robinson",6,23060712,0.027605800000174,26851848,4,NA,NA,10238,0.5119
20000,32,"Pulkstenis-Robinson",7,23060713,0.0343818000001193,26851848,3,NA,NA,10158,0.5079
20000,32,"Pulkstenis-Robinson",8,23060714,0.0503311999998459,26851912,4,NA,NA,10134,0.5067
20000,32,"Pulkstenis-Robinson",9,23060715,0.0311171000000741,26851912,3,NA,NA,10211,0.51055
20000,32,"Pulkstenis-Robinson",10,23060716,0.0369944999999916,26851912,4,NA,NA,10262,0.5131
20000,32,"Pulkstenis-Robinson",11,23060717,0.0285510000001068,26851912,3,NA,NA,10327,0.51635
20000,32,"Pulkstenis-Robinson",12,23060718,0.0406066000002738,26851848,3,NA,NA,10172,0.5086
20000,32,"Pulkstenis-Robinson",13,23060719,0.0375506000000314,26851912,3,NA,NA,10255,0.51275
20000,32,"Pulkstenis-Robinson",14,23060720,0.0327819000001455,26851848,4,NA,NA,10267,0.51335
20000,32,"Pulkstenis-Robinson",15,23060721,0.0360670000002301,26851904,3,NA,NA,10203,0.51015
20000,32,"Pulkstenis-Robinson",16,23060722,0.106243000000177,26851904,3,NA,NA,10228,0.5114
20000,32,"Pulkstenis-Robinson",17,23060723,0.236143400000174,26851912,3,NA,NA,10162,0.5081
20000,32,"Pulkstenis-Robinson",18,23060724,0.0390949000002365,26851848,4,NA,NA,10164,0.5082
20000,32,"Pulkstenis-Robinson",19,23060725,0.044300800000201,26851904,3,NA,NA,10233,0.51165
20000,32,"Pulkstenis-Robinson",20,23060726,0.0314235000003009,26851912,4,NA,NA,10180,0.509
20000,32,"Pulkstenis-Robinson",21,23060727,0.0228652999999213,26851912,3,NA,NA,10225,0.51125
20000,32,"Pulkstenis-Robinson",22,23060728,0.0407715000003464,26851912,4,NA,NA,10295,0.51475
20000,32,"Pulkstenis-Robinson",23,23060729,0.0304573000000801,26851848,3,NA,NA,10291,0.51455
20000,32,"Pulkstenis-Robinson",24,23060730,0.0477312000000438,26851848,4,NA,NA,10295,0.51475
20000,32,"Pulkstenis-Robinson",25,23060731,0.051816400000007,26851912,4,NA,NA,10115,0.50575
20000,32,"Pulkstenis-Robinson",26,23060732,0.0292157000001225,26851848,3,NA,NA,10126,0.5063
20000,32,"Pulkstenis-Robinson",27,23060733,0.0338850000000548,26851912,3,NA,NA,10322,0.5161
20000,32,"Pulkstenis-Robinson",28,23060734,0.039069500000096,26851848,4,NA,NA,10162,0.5081
20000,32,"Pulkstenis-Robinson",29,23060735,0.0612896000000092,26851848,3,NA,NA,10310,0.5155
20000,32,"Pulkstenis-Robinson",30,23060736,0.0553458000001683,26851912,4,NA,NA,10115,0.50575
20000,32,"glm_fit",1,23060707,0.140045099999952,82438408,3,NA,NA,10190,0.5095
20000,32,"glm_fit",2,23060708,0.0942737999998826,82438408,3,NA,NA,10202,0.5101
20000,32,"glm_fit",3,23060709,0.160894100000178,82438408,3,NA,NA,10335,0.51675
20000,32,"glm_fit",4,23060710,0.142023500000278,82438408,3,NA,NA,10180,0.509
20000,32,"glm_fit",5,23060711,0.109558000000106,82438408,3,NA,NA,10203,0.51015
20000,32,"glm_fit",6,23060712,0.11530700000003,98843096,4,NA,NA,10238,0.5119
20000,32,"glm_fit",7,23060713,0.111428100000012,82438408,3,NA,NA,10158,0.5079
20000,32,"glm_fit",8,23060714,0.182168700000148,98843096,4,NA,NA,10134,0.5067
20000,32,"glm_fit",9,23060715,0.109902600000169,82438408,3,NA,NA,10211,0.51055
20000,32,"glm_fit",10,23060716,0.168190300000106,98843096,4,NA,NA,10262,0.5131
20000,32,"glm_fit",11,23060717,0.0939669000001686,82438408,3,NA,NA,10327,0.51635
20000,32,"glm_fit",12,23060718,0.142310900000211,82438408,3,NA,NA,10172,0.5086
20000,32,"glm_fit",13,23060719,0.118388600000117,82438408,3,NA,NA,10255,0.51275
20000,32,"glm_fit",14,23060720,0.123862800000097,98843096,4,NA,NA,10267,0.51335
20000,32,"glm_fit",15,23060721,0.105302700000038,82438408,3,NA,NA,10203,0.51015
20000,32,"glm_fit",16,23060722,0.102995000000192,82438408,3,NA,NA,10228,0.5114
20000,32,"glm_fit",17,23060723,0.148359700000128,82438408,3,NA,NA,10162,0.5081
20000,32,"glm_fit",18,23060724,0.151073100000076,98843096,4,NA,NA,10164,0.5082
20000,32,"glm_fit",19,23060725,0.18089000000009,82438408,3,NA,NA,10233,0.51165
20000,32,"glm_fit",20,23060726,0.150398000000223,98843096,4,NA,NA,10180,0.509
20000,32,"glm_fit",21,23060727,0.0942426999999952,82438408,3,NA,NA,10225,0.51125
20000,32,"glm_fit",22,23060728,0.128393299999971,98843096,4,NA,NA,10295,0.51475
20000,32,"glm_fit",23,23060729,0.136988900000006,82438408,3,NA,NA,10291,0.51455
20000,32,"glm_fit",24,23060730,0.173452200000156,98843096,4,NA,NA,10295,0.51475
20000,32,"glm_fit",25,23060731,0.187406600000031,98843096,4,NA,NA,10115,0.50575
20000,32,"glm_fit",26,23060732,0.0912944000001517,82438408,3,NA,NA,10126,0.5063
20000,32,"glm_fit",27,23060733,0.10969410000007,82438408,3,NA,NA,10322,0.5161
20000,32,"glm_fit",28,23060734,0.157952600000272,98843096,4,NA,NA,10162,0.5081
20000,32,"glm_fit",29,23060735,0.101135900000145,82438408,3,NA,NA,10310,0.5155
20000,32,"glm_fit",30,23060736,0.11542610000015,98843096,4,NA,NA,10115,0.50575
50000,4,"DEF.poly3",1,23160707,0.0678039000001718,22544672,3,NA,NA,25505,0.5101
50000,4,"DEF.poly3",2,23160708,0.103622300000097,22544696,3,NA,NA,25416,0.50832
50000,4,"DEF.poly3",3,23160709,0.0682968000000983,22544672,3,NA,NA,25473,0.50946
50000,4,"DEF.poly3",4,23160710,0.0723493000002691,22544672,3,NA,NA,25409,0.50818
50000,4,"DEF.poly3",5,23160711,0.0720911000000797,22544696,3,NA,NA,25624,0.51248
50000,4,"DEF.poly3",6,23160712,0.0657002000000375,22544672,3,NA,NA,25518,0.51036
50000,4,"DEF.poly3",7,23160713,0.076302799999894,22544696,3,NA,NA,25432,0.50864
50000,4,"DEF.poly3",8,23160714,0.0742151000001741,22544672,3,NA,NA,25474,0.50948
50000,4,"DEF.poly3",9,23160715,0.0700255000001562,22544696,3,NA,NA,25630,0.5126
50000,4,"DEF.poly3",10,23160716,0.0737025000000813,22544696,3,NA,NA,25569,0.51138
50000,4,"DEF.stukel",1,23160707,0.0736164000002191,22537768,3,NA,NA,25505,0.5101
50000,4,"DEF.stukel",2,23160708,0.0697859000001699,22537768,3,NA,NA,25416,0.50832
50000,4,"DEF.stukel",3,23160709,0.065353800000139,22537768,3,NA,NA,25473,0.50946
50000,4,"DEF.stukel",4,23160710,0.0762447000001885,22537768,3,NA,NA,25409,0.50818
50000,4,"DEF.stukel",5,23160711,0.0738679000000957,22537768,3,NA,NA,25624,0.51248
50000,4,"DEF.stukel",6,23160712,0.0708000000001903,22537768,3,NA,NA,25518,0.51036
50000,4,"DEF.stukel",7,23160713,0.0772758000000522,22537768,3,NA,NA,25432,0.50864
50000,4,"DEF.stukel",8,23160714,0.0677223000002414,22537768,3,NA,NA,25474,0.50948
50000,4,"DEF.stukel",9,23160715,0.0708256000002621,22537768,3,NA,NA,25630,0.5126
50000,4,"DEF.stukel",10,23160716,0.0768304000000626,22537768,3,NA,NA,25569,0.51138
50000,4,"EF",1,23160707,0.01385520000008,12976888,3,NA,NA,25505,0.5101
50000,4,"EF",2,23160708,0.0114835000001676,12976888,3,NA,NA,25416,0.50832
50000,4,"EF",3,23160709,0.0137741000000915,12976888,3,NA,NA,25473,0.50946
50000,4,"EF",4,23160710,0.0109238000002279,12976888,3,NA,NA,25409,0.50818
50000,4,"EF",5,23160711,0.0907792000000427,12976888,3,NA,NA,25624,0.51248
50000,4,"EF",6,23160712,0.0108114000001933,12976888,3,NA,NA,25518,0.51036
50000,4,"EF",7,23160713,0.0123953000002075,12976888,3,NA,NA,25432,0.50864
50000,4,"EF",8,23160714,0.0134133000001384,12976888,3,NA,NA,25474,0.50948
50000,4,"EF",9,23160715,0.0143465000003289,12976888,3,NA,NA,25630,0.5126
50000,4,"EF",10,23160716,0.0104610999999295,12976888,3,NA,NA,25569,0.51138
50000,4,"HL",1,23160707,0.0633567000002131,10327792,3,NA,NA,25505,0.5101
50000,4,"HL",2,23160708,0.0621153000001868,10327792,3,NA,NA,25416,0.50832
50000,4,"HL",3,23160709,0.0592864000000191,10327792,3,NA,NA,25473,0.50946
50000,4,"HL",4,23160710,0.0625150000003032,10327792,3,NA,NA,25409,0.50818
50000,4,"HL",5,23160711,0.0577040000002853,10327792,3,NA,NA,25624,0.51248
50000,4,"HL",6,23160712,0.0617367000002105,10327792,3,NA,NA,25518,0.51036
50000,4,"HL",7,23160713,0.0621545999999853,10327792,3,NA,NA,25432,0.50864
50000,4,"HL",8,23160714,0.0602947000002132,10327792,3,NA,NA,25474,0.50948
50000,4,"HL",9,23160715,0.0590853000003335,10327792,3,NA,NA,25630,0.5126
50000,4,"HL",10,23160716,0.067322600000125,10327792,3,NA,NA,25569,0.51138
50000,4,"Pigeon-Heyse",1,23160707,0.0113835000001927,10453952,3,NA,NA,25505,0.5101
50000,4,"Pigeon-Heyse",2,23160708,0.0111925000003339,10453952,3,NA,NA,25416,0.50832
50000,4,"Pigeon-Heyse",3,23160709,0.0121401000001242,10453952,3,NA,NA,25473,0.50946
50000,4,"Pigeon-Heyse",4,23160710,0.0147816000001058,10453952,3,NA,NA,25409,0.50818
50000,4,"Pigeon-Heyse",5,23160711,0.0101130000000467,10453952,3,NA,NA,25624,0.51248
50000,4,"Pigeon-Heyse",6,23160712,0.0133588999999574,10453952,3,NA,NA,25518,0.51036
50000,4,"Pigeon-Heyse",7,23160713,0.0148856000000706,10453952,3,NA,NA,25432,0.50864
50000,4,"Pigeon-Heyse",8,23160714,0.0113867000002301,10453952,3,NA,NA,25474,0.50948
50000,4,"Pigeon-Heyse",9,23160715,0.0142429000002267,10453952,3,NA,NA,25630,0.5126
50000,4,"Pigeon-Heyse",10,23160716,0.0116013000001658,10453952,3,NA,NA,25569,0.51138
50000,4,"Osius-Rojek",1,23160707,0.00799060000008467,14002168,3,NA,NA,25505,0.5101
50000,4,"Osius-Rojek",2,23160708,0.00869440000019495,14002168,3,NA,NA,25416,0.50832
50000,4,"Osius-Rojek",3,23160709,0.0114731000001029,14002168,3,NA,NA,25473,0.50946
50000,4,"Osius-Rojek",4,23160710,0.00738970000020345,14002168,3,NA,NA,25409,0.50818
50000,4,"Osius-Rojek",5,23160711,0.0102691000001869,14002168,3,NA,NA,25624,0.51248
50000,4,"Osius-Rojek",6,23160712,0.0148261999997885,14002168,3,NA,NA,25518,0.51036
50000,4,"Osius-Rojek",7,23160713,0.0120059000000765,14002168,3,NA,NA,25432,0.50864
50000,4,"Osius-Rojek",8,23160714,0.0149728999999752,14002168,3,NA,NA,25474,0.50948
50000,4,"Osius-Rojek",9,23160715,0.0142750000002252,14002168,3,NA,NA,25630,0.5126
50000,4,"Osius-Rojek",10,23160716,0.00846060000026227,14002168,3,NA,NA,25569,0.51138
50000,4,"Stukel",1,23160707,0.0400012000000061,17402584,3,4,1,25505,0.5101
50000,4,"Stukel",2,23160708,0.00743380000017169,17402584,3,4,1,25416,0.50832
50000,4,"Stukel",3,23160709,0.0121550000001207,17402584,3,4,1,25473,0.50946
50000,4,"Stukel",4,23160710,0.00949740000010024,17402584,3,4,1,25409,0.50818
50000,4,"Stukel",5,23160711,0.00698740000007092,17402584,3,4,1,25624,0.51248
50000,4,"Stukel",6,23160712,0.00880340000026081,17402584,3,4,1,25518,0.51036
50000,4,"Stukel",7,23160713,0.0168996000002153,17402584,3,4,1,25432,0.50864
50000,4,"Stukel",8,23160714,0.00798590000022159,17402584,3,4,1,25474,0.50948
50000,4,"Stukel",9,23160715,0.00709490000008373,17402584,3,4,1,25630,0.5126
50000,4,"Stukel",10,23160716,0.00712940000016715,17402584,3,4,1,25569,0.51138
50000,4,"Tsiatis",1,23160707,0.216075300000057,39679296,3,NA,NA,25505,0.5101
50000,4,"Tsiatis",2,23160708,0.147864400000117,39679296,3,NA,NA,25416,0.50832
50000,4,"Tsiatis",3,23160709,0.161455899999737,39679296,3,NA,NA,25473,0.50946
50000,4,"Tsiatis",4,23160710,0.175814799999898,39679296,3,NA,NA,25409,0.50818
50000,4,"Tsiatis",5,23160711,0.201089200000069,39679296,3,NA,NA,25624,0.51248
50000,4,"Tsiatis",6,23160712,0.181268900000305,39679296,3,NA,NA,25518,0.51036
50000,4,"Tsiatis",7,23160713,0.146067500000072,39679296,3,NA,NA,25432,0.50864
50000,4,"Tsiatis",8,23160714,0.241988700000093,39679296,3,NA,NA,25474,0.50948
50000,4,"Tsiatis",9,23160715,0.18463550000024,39679296,3,NA,NA,25630,0.5126
50000,4,"Tsiatis",10,23160716,0.163278000000219,39679296,3,NA,NA,25569,0.51138
50000,4,"Xie",1,23160707,3.5443607000002,94291024,3,NA,NA,25505,0.5101
50000,4,"Xie",2,23160708,2.82881700000007,94291016,3,NA,NA,25416,0.50832
50000,4,"Xie",3,23160709,3.49401890000013,94291024,3,NA,NA,25473,0.50946
50000,4,"Xie",4,23160710,3.50217320000024,94291016,3,NA,NA,25409,0.50818
50000,4,"Xie",5,23160711,3.56566490000023,94291016,3,NA,NA,25624,0.51248
50000,4,"Xie",6,23160712,3.19120550000025,94291016,3,NA,NA,25518,0.51036
50000,4,"Xie",7,23160713,3.2859139000002,94291016,3,NA,NA,25432,0.50864
50000,4,"Xie",8,23160714,3.2927274000001,94291032,3,NA,NA,25474,0.50948
50000,4,"Xie",9,23160715,3.04141410000011,94291008,3,NA,NA,25630,0.5126
50000,4,"Xie",10,23160716,3.15790110000012,94291024,3,NA,NA,25569,0.51138
50000,4,"Pulkstenis-Robinson",1,23160707,0.0308786000000509,19951328,3,NA,NA,25505,0.5101
50000,4,"Pulkstenis-Robinson",2,23160708,0.0351160000002437,19951400,3,NA,NA,25416,0.50832
50000,4,"Pulkstenis-Robinson",3,23160709,0.0656827000000249,19951400,3,NA,NA,25473,0.50946
50000,4,"Pulkstenis-Robinson",4,23160710,0.0319385000002512,19951400,3,NA,NA,25409,0.50818
50000,4,"Pulkstenis-Robinson",5,23160711,0.0352264000002833,19951392,3,NA,NA,25624,0.51248
50000,4,"Pulkstenis-Robinson",6,23160712,0.0312379000001783,19951392,3,NA,NA,25518,0.51036
50000,4,"Pulkstenis-Robinson",7,23160713,0.0374503000002733,19951400,3,NA,NA,25432,0.50864
50000,4,"Pulkstenis-Robinson",8,23160714,0.0303607000003012,19951384,3,NA,NA,25474,0.50948
50000,4,"Pulkstenis-Robinson",9,23160715,0.030545100000154,19951336,3,NA,NA,25630,0.5126
50000,4,"Pulkstenis-Robinson",10,23160716,0.0338727000003018,19951336,3,NA,NA,25569,0.51138
50000,4,"glm_fit",1,23160707,0.0981363000000783,82538976,3,NA,NA,25505,0.5101
50000,4,"glm_fit",2,23160708,0.0911862000000383,82538976,3,NA,NA,25416,0.50832
50000,4,"glm_fit",3,23160709,0.082216400000334,82538976,3,NA,NA,25473,0.50946
50000,4,"glm_fit",4,23160710,0.0822849999999562,82538976,3,NA,NA,25409,0.50818
50000,4,"glm_fit",5,23160711,0.0833089000002474,82538976,3,NA,NA,25624,0.51248
50000,4,"glm_fit",6,23160712,0.0909904000002371,82538976,3,NA,NA,25518,0.51036
50000,4,"glm_fit",7,23160713,0.0838633000000755,82538976,3,NA,NA,25432,0.50864
50000,4,"glm_fit",8,23160714,0.0774876000000404,82538976,3,NA,NA,25474,0.50948
50000,4,"glm_fit",9,23160715,0.0893227999999908,82538976,3,NA,NA,25630,0.5126
50000,4,"glm_fit",10,23160716,0.0929771000000983,82538976,3,NA,NA,25569,0.51138
50000,8,"DEF.poly3",1,23260707,0.0770310000000336,28948688,3,NA,NA,25431,0.50862
50000,8,"DEF.poly3",2,23260708,0.081073300000071,28948688,3,NA,NA,25499,0.50998
50000,8,"DEF.poly3",3,23260709,0.0827095000001918,28948712,4,NA,NA,25469,0.50938
50000,8,"DEF.poly3",4,23260710,0.0919808000001012,28948688,3,NA,NA,25522,0.51044
50000,8,"DEF.poly3",5,23260711,0.0814968000001954,28948712,3,NA,NA,25414,0.50828
50000,8,"DEF.poly3",6,23260712,0.0874131000002762,28948688,3,NA,NA,25516,0.51032
50000,8,"DEF.poly3",7,23260713,0.0915071000001717,28948688,3,NA,NA,25365,0.5073
50000,8,"DEF.poly3",8,23260714,0.076913900000136,28948688,3,NA,NA,25366,0.50732
50000,8,"DEF.poly3",9,23260715,0.0722062000002097,28948688,3,NA,NA,25627,0.51254
50000,8,"DEF.poly3",10,23260716,0.0880885000001399,28948688,3,NA,NA,25612,0.51224
50000,8,"DEF.stukel",1,23260707,0.0786293000001024,28941784,3,NA,NA,25431,0.50862
50000,8,"DEF.stukel",2,23260708,0.0733520000001135,28941784,3,NA,NA,25499,0.50998
50000,8,"DEF.stukel",3,23260709,0.076482900000201,28941784,4,NA,NA,25469,0.50938
50000,8,"DEF.stukel",4,23260710,0.0784026999999696,28941784,3,NA,NA,25522,0.51044
50000,8,"DEF.stukel",5,23260711,0.0887168000001566,28941784,3,NA,NA,25414,0.50828
50000,8,"DEF.stukel",6,23260712,0.07484750000026,28941784,3,NA,NA,25516,0.51032
50000,8,"DEF.stukel",7,23260713,0.081923000000188,28941784,3,NA,NA,25365,0.5073
50000,8,"DEF.stukel",8,23260714,0.0843160000001717,28941784,3,NA,NA,25366,0.50732
50000,8,"DEF.stukel",9,23260715,0.0792403000000377,28941784,3,NA,NA,25627,0.51254
50000,8,"DEF.stukel",10,23260716,0.0751426999997875,28941784,3,NA,NA,25612,0.51224
50000,8,"EF",1,23260707,0.0173462000002473,14577160,3,NA,NA,25431,0.50862
50000,8,"EF",2,23260708,0.0116649999999936,14577160,3,NA,NA,25499,0.50998
50000,8,"EF",3,23260709,0.0133494000001519,14577160,4,NA,NA,25469,0.50938
50000,8,"EF",4,23260710,0.0121212000001378,14577160,3,NA,NA,25522,0.51044
50000,8,"EF",5,23260711,0.0113003000001299,14577160,3,NA,NA,25414,0.50828
50000,8,"EF",6,23260712,0.0295234000000164,14577160,3,NA,NA,25516,0.51032
50000,8,"EF",7,23260713,0.0205438000000413,14577160,3,NA,NA,25365,0.5073
50000,8,"EF",8,23260714,0.0113527000000886,14577160,3,NA,NA,25366,0.50732
50000,8,"EF",9,23260715,0.0120186999999987,14577160,3,NA,NA,25627,0.51254
50000,8,"EF",10,23260716,0.0159025999998903,14577160,3,NA,NA,25612,0.51224
50000,8,"HL",1,23260707,0.0641464000000269,11928064,3,NA,NA,25431,0.50862
50000,8,"HL",2,23260708,0.0614763000003222,11928064,3,NA,NA,25499,0.50998
50000,8,"HL",3,23260709,0.0722924000001512,11928064,4,NA,NA,25469,0.50938
50000,8,"HL",4,23260710,0.0652810000001409,11928064,3,NA,NA,25522,0.51044
50000,8,"HL",5,23260711,0.0630871000000752,11928064,3,NA,NA,25414,0.50828
50000,8,"HL",6,23260712,0.0678106000000298,11928064,3,NA,NA,25516,0.51032
50000,8,"HL",7,23260713,0.0627903000001879,11928064,3,NA,NA,25365,0.5073
50000,8,"HL",8,23260714,0.0587077999998655,11928064,3,NA,NA,25366,0.50732
50000,8,"HL",9,23260715,0.0587541000002147,11928064,3,NA,NA,25627,0.51254
50000,8,"HL",10,23260716,0.0596891000002415,11928064,3,NA,NA,25612,0.51224
50000,8,"Pigeon-Heyse",1,23260707,0.0129412000003413,12054224,3,NA,NA,25431,0.50862
50000,8,"Pigeon-Heyse",2,23260708,0.0101246000001538,12054224,3,NA,NA,25499,0.50998
50000,8,"Pigeon-Heyse",3,23260709,0.0127723000000515,12054224,4,NA,NA,25469,0.50938
50000,8,"Pigeon-Heyse",4,23260710,0.013771700000234,12054224,3,NA,NA,25522,0.51044
50000,8,"Pigeon-Heyse",5,23260711,0.0118485000000419,12054224,3,NA,NA,25414,0.50828
50000,8,"Pigeon-Heyse",6,23260712,0.0114722000000711,12054224,3,NA,NA,25516,0.51032
50000,8,"Pigeon-Heyse",7,23260713,0.0146095000002333,12054224,3,NA,NA,25365,0.5073
50000,8,"Pigeon-Heyse",8,23260714,0.00996649999979127,12054224,3,NA,NA,25366,0.50732
50000,8,"Pigeon-Heyse",9,23260715,0.0109985000001416,12054224,3,NA,NA,25627,0.51254
50000,8,"Pigeon-Heyse",10,23260716,0.0999906000001829,12054224,3,NA,NA,25612,0.51224
50000,8,"Osius-Rojek",1,23260707,0.0302996000002622,18802592,3,NA,NA,25431,0.50862
50000,8,"Osius-Rojek",2,23260708,0.0145578999999998,18802592,3,NA,NA,25499,0.50998
50000,8,"Osius-Rojek",3,23260709,0.0625939000001381,18802592,4,NA,NA,25469,0.50938
50000,8,"Osius-Rojek",4,23260710,0.0155426000001171,18802592,3,NA,NA,25522,0.51044
50000,8,"Osius-Rojek",5,23260711,0.0160966000000826,18802592,3,NA,NA,25414,0.50828
50000,8,"Osius-Rojek",6,23260712,0.0215819000002284,18802592,3,NA,NA,25516,0.51032
50000,8,"Osius-Rojek",7,23260713,0.0109005999997862,18802592,3,NA,NA,25365,0.5073
50000,8,"Osius-Rojek",8,23260714,0.0128484000001663,18802592,3,NA,NA,25366,0.50732
50000,8,"Osius-Rojek",9,23260715,0.0102173000002495,18802592,3,NA,NA,25627,0.51254
50000,8,"Osius-Rojek",10,23260716,0.0105412000002616,18802592,3,NA,NA,25612,0.51224
50000,8,"Stukel",1,23260707,0.0120823000002019,22202856,3,4,1,25431,0.50862
50000,8,"Stukel",2,23260708,0.0094752000002245,22202856,3,4,1,25499,0.50998
50000,8,"Stukel",3,23260709,0.00834480000003168,22202856,4,4,1,25469,0.50938
50000,8,"Stukel",4,23260710,0.0124919000002137,22202856,3,4,1,25522,0.51044
50000,8,"Stukel",5,23260711,0.0108353000000534,22202856,3,4,1,25414,0.50828
50000,8,"Stukel",6,23260712,0.00988520000009885,22202856,3,4,1,25516,0.51032
50000,8,"Stukel",7,23260713,0.00971449999997276,22202856,3,4,1,25365,0.5073
50000,8,"Stukel",8,23260714,0.0113389999999072,22202856,3,4,1,25366,0.50732
50000,8,"Stukel",9,23260715,0.0772557000000234,22202856,3,4,1,25627,0.51254
50000,8,"Stukel",10,23260716,0.0143407000000479,22202856,3,4,1,25612,0.51224
50000,8,"Tsiatis",1,23260707,0.277979400000049,50890384,3,NA,NA,25431,0.50862
50000,8,"Tsiatis",2,23260708,0.483135200000106,50890384,3,NA,NA,25499,0.50998
50000,8,"Tsiatis",3,23260709,0.457970899999964,50890384,4,NA,NA,25469,0.50938
50000,8,"Tsiatis",4,23260710,0.377265399999942,50890384,3,NA,NA,25522,0.51044
50000,8,"Tsiatis",5,23260711,0.306480899999997,50890384,3,NA,NA,25414,0.50828
50000,8,"Tsiatis",6,23260712,0.281939300000204,50890384,3,NA,NA,25516,0.51032
50000,8,"Tsiatis",7,23260713,0.478748900000255,50890384,3,NA,NA,25365,0.5073
50000,8,"Tsiatis",8,23260714,0.445188300000154,50890384,3,NA,NA,25366,0.50732
50000,8,"Tsiatis",9,23260715,0.44964350000032,50890384,3,NA,NA,25627,0.51254
50000,8,"Tsiatis",10,23260716,0.426527000000306,50890384,3,NA,NA,25612,0.51224
50000,8,"Xie",1,23260707,8.97134239999991,147113632,3,NA,NA,25431,0.50862
50000,8,"Xie",2,23260708,9.33649720000017,147113616,3,NA,NA,25499,0.50998
50000,8,"Xie",3,23260709,9.32408280000004,147113608,4,NA,NA,25469,0.50938
50000,8,"Xie",4,23260710,8.63563660000023,147113616,3,NA,NA,25522,0.51044
50000,8,"Xie",5,23260711,8.88560180000013,147113608,3,NA,NA,25414,0.50828
50000,8,"Xie",6,23260712,9.16363230000002,147113608,3,NA,NA,25516,0.51032
50000,8,"Xie",7,23260713,9.05637910000019,147113616,3,NA,NA,25365,0.5073
50000,8,"Xie",8,23260714,9.52813030000016,147113616,3,NA,NA,25366,0.50732
50000,8,"Xie",9,23260715,8.0961705000002,147113616,3,NA,NA,25627,0.51254
50000,8,"Xie",10,23260716,8.83105380000006,147113616,3,NA,NA,25612,0.51224
50000,8,"Pulkstenis-Robinson",1,23260707,0.0369544000000133,26049400,3,NA,NA,25431,0.50862
50000,8,"Pulkstenis-Robinson",2,23260708,0.0382535000001099,26049400,3,NA,NA,25499,0.50998
50000,8,"Pulkstenis-Robinson",3,23260709,0.0462853999999879,26049392,4,NA,NA,25469,0.50938
50000,8,"Pulkstenis-Robinson",4,23260710,0.0349132000001191,26049400,3,NA,NA,25522,0.51044
50000,8,"Pulkstenis-Robinson",5,23260711,0.0408103000002029,26049400,3,NA,NA,25414,0.50828
50000,8,"Pulkstenis-Robinson",6,23260712,0.0359677000001284,26049400,3,NA,NA,25516,0.51032
50000,8,"Pulkstenis-Robinson",7,23260713,0.0356328000000303,26049392,3,NA,NA,25365,0.5073
50000,8,"Pulkstenis-Robinson",8,23260714,0.0419632999999067,26049400,3,NA,NA,25366,0.50732
50000,8,"Pulkstenis-Robinson",9,23260715,0.0525959000001421,26049400,3,NA,NA,25627,0.51254
50000,8,"Pulkstenis-Robinson",10,23260716,0.034751500000084,26049392,3,NA,NA,25612,0.51224
50000,8,"glm_fit",1,23260707,0.110689099999945,100143008,3,NA,NA,25431,0.50862
50000,8,"glm_fit",2,23260708,0.199706000000106,100143008,3,NA,NA,25499,0.50998
50000,8,"glm_fit",3,23260709,0.169307500000059,121946096,4,NA,NA,25469,0.50938
50000,8,"glm_fit",4,23260710,0.173528400000123,100143008,3,NA,NA,25522,0.51044
50000,8,"glm_fit",5,23260711,0.146682900000314,100143008,3,NA,NA,25414,0.50828
50000,8,"glm_fit",6,23260712,0.105107500000031,100143008,3,NA,NA,25516,0.51032
50000,8,"glm_fit",7,23260713,0.0984313999999813,100143008,3,NA,NA,25365,0.5073
50000,8,"glm_fit",8,23260714,0.102504000000181,100143008,3,NA,NA,25366,0.50732
50000,8,"glm_fit",9,23260715,0.102324200000112,100143008,3,NA,NA,25627,0.51254
50000,8,"glm_fit",10,23260716,0.131365599999754,100143008,3,NA,NA,25612,0.51224
50000,16,"DEF.poly3",1,23360707,0.202424200000223,41759880,3,NA,NA,25398,0.50796
50000,16,"DEF.poly3",2,23360708,0.0990152000001672,41759856,3,NA,NA,25584,0.51168
50000,16,"DEF.poly3",3,23360709,0.116971800000101,41759856,3,NA,NA,25383,0.50766
50000,16,"DEF.poly3",4,23360710,0.112020200000188,41759880,3,NA,NA,25324,0.50648
50000,16,"DEF.poly3",5,23360711,0.108876000000237,41759856,3,NA,NA,25384,0.50768
50000,16,"DEF.poly3",6,23360712,0.106893300000138,41759880,3,NA,NA,25389,0.50778
50000,16,"DEF.poly3",7,23360713,0.0992539000001216,41759856,3,NA,NA,25453,0.50906
50000,16,"DEF.poly3",8,23360714,0.104014200000165,41759856,3,NA,NA,25414,0.50828
50000,16,"DEF.poly3",9,23360715,0.123059000000012,41759856,3,NA,NA,25429,0.50858
50000,16,"DEF.poly3",10,23360716,0.113323700000137,41759856,4,NA,NA,25636,0.51272
50000,16,"DEF.stukel",1,23360707,0.106677000000218,41752952,3,NA,NA,25398,0.50796
50000,16,"DEF.stukel",2,23360708,0.183126100000209,41752952,3,NA,NA,25584,0.51168
50000,16,"DEF.stukel",3,23360709,0.120925899999975,41752952,3,NA,NA,25383,0.50766
50000,16,"DEF.stukel",4,23360710,0.125177400000211,41752952,3,NA,NA,25324,0.50648
50000,16,"DEF.stukel",5,23360711,0.109860400000116,41752952,3,NA,NA,25384,0.50768
50000,16,"DEF.stukel",6,23360712,0.0971426000000974,41752952,3,NA,NA,25389,0.50778
50000,16,"DEF.stukel",7,23360713,0.116642700000057,41752952,3,NA,NA,25453,0.50906
50000,16,"DEF.stukel",8,23360714,0.10876200000007,41752952,3,NA,NA,25414,0.50828
50000,16,"DEF.stukel",9,23360715,0.112408400000049,41752952,3,NA,NA,25429,0.50858
50000,16,"DEF.stukel",10,23360716,0.108366800000113,41752952,4,NA,NA,25636,0.51272
50000,16,"EF",1,23360707,0.0140226999999413,17778264,3,NA,NA,25398,0.50796
50000,16,"EF",2,23360708,0.016002300000082,17778264,3,NA,NA,25584,0.51168
50000,16,"EF",3,23360709,0.0144358000002285,17778264,3,NA,NA,25383,0.50766
50000,16,"EF",4,23360710,0.0192926000001989,17778264,3,NA,NA,25324,0.50648
50000,16,"EF",5,23360711,0.0130459000001792,17778264,3,NA,NA,25384,0.50768
50000,16,"EF",6,23360712,0.0136795000000802,17778264,3,NA,NA,25389,0.50778
50000,16,"EF",7,23360713,0.0178164000001289,17778264,3,NA,NA,25453,0.50906
50000,16,"EF",8,23360714,0.0171924000001127,17778264,3,NA,NA,25414,0.50828
50000,16,"EF",9,23360715,0.0153791000000183,17778264,3,NA,NA,25429,0.50858
50000,16,"EF",10,23360716,0.0135492000001705,17778264,4,NA,NA,25636,0.51272
50000,16,"HL",1,23360707,0.0776087000001553,15129168,3,NA,NA,25398,0.50796
50000,16,"HL",2,23360708,0.0636984000000211,15129168,3,NA,NA,25584,0.51168
50000,16,"HL",3,23360709,0.068801300000132,15129168,3,NA,NA,25383,0.50766
50000,16,"HL",4,23360710,0.0647719000003235,15129168,3,NA,NA,25324,0.50648
50000,16,"HL",5,23360711,0.0642338000002383,15129168,3,NA,NA,25384,0.50768
50000,16,"HL",6,23360712,0.0659951000000092,15129168,3,NA,NA,25389,0.50778
50000,16,"HL",7,23360713,0.0632805000002463,15129168,3,NA,NA,25453,0.50906
50000,16,"HL",8,23360714,0.0688308000001143,15129168,3,NA,NA,25414,0.50828
50000,16,"HL",9,23360715,0.0633672000001297,15129168,3,NA,NA,25429,0.50858
50000,16,"HL",10,23360716,0.059857600000214,15129168,4,NA,NA,25636,0.51272
50000,16,"Pigeon-Heyse",1,23360707,0.014174500000081,15255328,3,NA,NA,25398,0.50796
50000,16,"Pigeon-Heyse",2,23360708,0.0167516000001342,15255328,3,NA,NA,25584,0.51168
50000,16,"Pigeon-Heyse",3,23360709,0.0130143999999746,15255328,3,NA,NA,25383,0.50766
50000,16,"Pigeon-Heyse",4,23360710,0.0222251000002416,15255328,3,NA,NA,25324,0.50648
50000,16,"Pigeon-Heyse",5,23360711,0.0126654999999118,15255328,3,NA,NA,25384,0.50768
50000,16,"Pigeon-Heyse",6,23360712,0.011840900000152,15255328,3,NA,NA,25389,0.50778
50000,16,"Pigeon-Heyse",7,23360713,0.0112737000001744,15255328,3,NA,NA,25453,0.50906
50000,16,"Pigeon-Heyse",8,23360714,0.0182720000000245,15255328,3,NA,NA,25414,0.50828
50000,16,"Pigeon-Heyse",9,23360715,0.0170451999999841,15255328,3,NA,NA,25429,0.50858
50000,16,"Pigeon-Heyse",10,23360716,0.015668800000185,15255328,4,NA,NA,25636,0.51272
50000,16,"Osius-Rojek",1,23360707,0.033225800000082,28403760,3,NA,NA,25398,0.50796
50000,16,"Osius-Rojek",2,23360708,0.038050099999964,28403760,3,NA,NA,25584,0.51168
50000,16,"Osius-Rojek",3,23360709,0.0298236000003271,28403760,3,NA,NA,25383,0.50766
50000,16,"Osius-Rojek",4,23360710,0.0351958000001105,28403760,3,NA,NA,25324,0.50648
50000,16,"Osius-Rojek",5,23360711,0.0388601000001927,28403760,3,NA,NA,25384,0.50768
50000,16,"Osius-Rojek",6,23360712,0.0272386000001461,28403760,3,NA,NA,25389,0.50778
50000,16,"Osius-Rojek",7,23360713,0.0348397000002478,28403760,3,NA,NA,25453,0.50906
50000,16,"Osius-Rojek",8,23360714,0.0307741999997688,28403760,3,NA,NA,25414,0.50828
50000,16,"Osius-Rojek",9,23360715,0.041013699999894,28403760,3,NA,NA,25429,0.50858
50000,16,"Osius-Rojek",10,23360716,0.0318611000000146,28403760,4,NA,NA,25636,0.51272
50000,16,"Stukel",1,23360707,0.0231717000001481,31803960,3,4,1,25398,0.50796
50000,16,"Stukel",2,23360708,0.0404262000001836,31803960,3,4,1,25584,0.51168
50000,16,"Stukel",3,23360709,0.031555500000195,31803960,3,4,1,25383,0.50766
50000,16,"Stukel",4,23360710,0.0149305000002187,31803960,3,4,1,25324,0.50648
50000,16,"Stukel",5,23360711,0.0142850000001999,31803960,3,4,1,25384,0.50768
50000,16,"Stukel",6,23360712,0.0208279000000857,31803960,3,4,1,25389,0.50778
50000,16,"Stukel",7,23360713,0.0139540000002398,31803960,3,4,1,25453,0.50906
50000,16,"Stukel",8,23360714,0.0176075000001674,31803960,3,4,1,25414,0.50828
50000,16,"Stukel",9,23360715,0.0232405000001563,31803960,3,4,1,25429,0.50858
50000,16,"Stukel",10,23360716,0.0300036000003274,31803960,4,4,1,25636,0.51272
50000,16,"Tsiatis",1,23360707,0.201520300000084,73317856,3,NA,NA,25398,0.50796
50000,16,"Tsiatis",2,23360708,0.769767100000081,73317856,3,NA,NA,25584,0.51168
50000,16,"Tsiatis",3,23360709,0.792706200000339,73317856,3,NA,NA,25383,0.50766
50000,16,"Tsiatis",4,23360710,0.786988200000224,73317856,3,NA,NA,25324,0.50648
50000,16,"Tsiatis",5,23360711,0.567400700000235,73317856,3,NA,NA,25384,0.50768
50000,16,"Tsiatis",6,23360712,0.540424499999972,73317856,3,NA,NA,25389,0.50778
50000,16,"Tsiatis",7,23360713,0.788359000000355,73317856,3,NA,NA,25453,0.50906
50000,16,"Tsiatis",8,23360714,0.748616200000242,73317856,3,NA,NA,25414,0.50828
50000,16,"Tsiatis",9,23360715,0.692394400000239,73317856,3,NA,NA,25429,0.50858
50000,16,"Tsiatis",10,23360716,0.866260499999953,73317856,4,NA,NA,25636,0.51272
50000,16,"Xie",1,23360707,14.6932162000003,252836224,3,NA,NA,25398,0.50796
50000,16,"Xie",2,23360708,13.5912125000002,252836224,3,NA,NA,25584,0.51168
50000,16,"Xie",3,23360709,14.4818913000001,252836256,3,NA,NA,25383,0.50766
50000,16,"Xie",4,23360710,14.7351180000003,252836240,3,NA,NA,25324,0.50648
50000,16,"Xie",5,23360711,13.5843229000002,252836224,3,NA,NA,25384,0.50768
50000,16,"Xie",6,23360712,15.3215883000003,252836240,3,NA,NA,25389,0.50778
50000,16,"Xie",7,23360713,13.5875867000002,252836240,3,NA,NA,25453,0.50906
50000,16,"Xie",8,23360714,14.4470826000002,252836232,3,NA,NA,25414,0.50828
50000,16,"Xie",9,23360715,14.4497550000001,252836240,3,NA,NA,25429,0.50858
50000,16,"Xie",10,23360716,13.8253477000001,252836240,4,NA,NA,25636,0.51272
50000,16,"Pulkstenis-Robinson",1,23360707,0.0514579000000595,38245960,3,NA,NA,25398,0.50796
50000,16,"Pulkstenis-Robinson",2,23360708,0.0544901000000664,38245952,3,NA,NA,25584,0.51168
50000,16,"Pulkstenis-Robinson",3,23360709,0.0478677000000971,38245952,3,NA,NA,25383,0.50766
50000,16,"Pulkstenis-Robinson",4,23360710,0.0497693000002073,38245952,3,NA,NA,25324,0.50648
50000,16,"Pulkstenis-Robinson",5,23360711,0.0562638999999763,38245960,3,NA,NA,25384,0.50768
50000,16,"Pulkstenis-Robinson",6,23360712,0.100217000000157,38245960,3,NA,NA,25389,0.50778
50000,16,"Pulkstenis-Robinson",7,23360713,0.0572019999999611,38245960,3,NA,NA,25453,0.50906
50000,16,"Pulkstenis-Robinson",8,23360714,0.0481434000000718,38245896,3,NA,NA,25414,0.50828
50000,16,"Pulkstenis-Robinson",9,23360715,0.0516147000003002,38245944,3,NA,NA,25429,0.50858
50000,16,"Pulkstenis-Robinson",10,23360716,0.0509291000000758,38245952,4,NA,NA,25636,0.51272
50000,16,"glm_fit",1,23360707,0.149831200000108,135356352,3,NA,NA,25398,0.50796
50000,16,"glm_fit",2,23360708,0.192984500000193,135356352,3,NA,NA,25584,0.51168
50000,16,"glm_fit",3,23360709,0.129435000000058,135356352,3,NA,NA,25383,0.50766
50000,16,"glm_fit",4,23360710,0.198160500000313,135356352,3,NA,NA,25324,0.50648
50000,16,"glm_fit",5,23360711,0.210036400000263,135356352,3,NA,NA,25384,0.50768
50000,16,"glm_fit",6,23360712,0.159652300000062,135356352,3,NA,NA,25389,0.50778
50000,16,"glm_fit",7,23360713,0.160839100000203,135356352,3,NA,NA,25453,0.50906
50000,16,"glm_fit",8,23360714,0.184753700000329,135356352,3,NA,NA,25414,0.50828
50000,16,"glm_fit",9,23360715,0.201614299999846,135356352,3,NA,NA,25429,0.50858
50000,16,"glm_fit",10,23360716,0.180931600000122,163559568,4,NA,NA,25636,0.51272
50000,32,"DEF.poly3",1,23460707,0.145281100000147,67411568,3,NA,NA,25509,0.51018
50000,32,"DEF.poly3",2,23460708,0.211279200000035,67411544,3,NA,NA,25372,0.50744
50000,32,"DEF.poly3",3,23460709,0.272289400000091,67411544,3,NA,NA,25393,0.50786
50000,32,"DEF.poly3",4,23460710,0.212311900000259,67411568,3,NA,NA,25363,0.50726
50000,32,"DEF.poly3",5,23460711,0.168241500000022,67411568,3,NA,NA,25314,0.50628
50000,32,"DEF.poly3",6,23460712,0.183430700000144,67411568,3,NA,NA,25467,0.50934
50000,32,"DEF.poly3",7,23460713,0.166087500000231,67411544,3,NA,NA,25501,0.51002
50000,32,"DEF.poly3",8,23460714,0.176782600000251,67411544,4,NA,NA,25717,0.51434
50000,32,"DEF.poly3",9,23460715,0.182554600000003,67411544,3,NA,NA,25382,0.50764
50000,32,"DEF.poly3",10,23460716,0.273739700000078,67411544,3,NA,NA,25458,0.50916
50000,32,"DEF.stukel",1,23460707,0.157586600000059,67404640,3,NA,NA,25509,0.51018
50000,32,"DEF.stukel",2,23460708,0.225534700000026,67404640,3,NA,NA,25372,0.50744
50000,32,"DEF.stukel",3,23460709,0.247369200000094,67404640,3,NA,NA,25393,0.50786
50000,32,"DEF.stukel",4,23460710,0.194586900000331,67404640,3,NA,NA,25363,0.50726
50000,32,"DEF.stukel",5,23460711,0.209865100000115,67404640,3,NA,NA,25314,0.50628
50000,32,"DEF.stukel",6,23460712,0.220621500000107,67404640,3,NA,NA,25467,0.50934
50000,32,"DEF.stukel",7,23460713,0.163766800000076,67404640,3,NA,NA,25501,0.51002
50000,32,"DEF.stukel",8,23460714,0.153856500000074,67404640,4,NA,NA,25717,0.51434
50000,32,"DEF.stukel",9,23460715,0.197147300000324,67404640,3,NA,NA,25382,0.50764
50000,32,"DEF.stukel",10,23460716,0.225029700000277,67404640,3,NA,NA,25458,0.50916
50000,32,"EF",1,23460707,0.0147994000003564,24185720,3,NA,NA,25509,0.51018
50000,32,"EF",2,23460708,0.0208597000000736,24185720,3,NA,NA,25372,0.50744
50000,32,"EF",3,23460709,0.0376495000002706,24185720,3,NA,NA,25393,0.50786
50000,32,"EF",4,23460710,0.0332437000001846,24185720,3,NA,NA,25363,0.50726
50000,32,"EF",5,23460711,0.0325716000002103,24185720,3,NA,NA,25314,0.50628
50000,32,"EF",6,23460712,0.0311318000001393,24185720,3,NA,NA,25467,0.50934
50000,32,"EF",7,23460713,0.0614265000001524,24185720,3,NA,NA,25501,0.51002
50000,32,"EF",8,23460714,0.0176168000000416,24185720,4,NA,NA,25717,0.51434
50000,32,"EF",9,23460715,0.0390058000002682,24185720,3,NA,NA,25382,0.50764
50000,32,"EF",10,23460716,0.0196923000000879,24185720,3,NA,NA,25458,0.50916
50000,32,"HL",1,23460707,0.0631706000001486,21536624,3,NA,NA,25509,0.51018
50000,32,"HL",2,23460708,0.0669694000000618,21536624,3,NA,NA,25372,0.50744
50000,32,"HL",3,23460709,0.0646965999999338,21536624,3,NA,NA,25393,0.50786
50000,32,"HL",4,23460710,0.0699964000000364,21536624,3,NA,NA,25363,0.50726
50000,32,"HL",5,23460711,0.072084100000211,21536624,3,NA,NA,25314,0.50628
50000,32,"HL",6,23460712,0.0728931999999531,21536624,3,NA,NA,25467,0.50934
50000,32,"HL",7,23460713,0.0718257999999423,21536624,3,NA,NA,25501,0.51002
50000,32,"HL",8,23460714,0.0709570999999869,21536624,4,NA,NA,25717,0.51434
50000,32,"HL",9,23460715,0.0677755000001525,21536624,3,NA,NA,25382,0.50764
50000,32,"HL",10,23460716,0.0638389000002917,21536624,3,NA,NA,25458,0.50916
50000,32,"Pigeon-Heyse",1,23460707,0.015323300000091,21662784,3,NA,NA,25509,0.51018
50000,32,"Pigeon-Heyse",2,23460708,0.0186433000001216,21662784,3,NA,NA,25372,0.50744
50000,32,"Pigeon-Heyse",3,23460709,0.0192639000001691,21662784,3,NA,NA,25393,0.50786
50000,32,"Pigeon-Heyse",4,23460710,0.0333927000001495,21662784,3,NA,NA,25363,0.50726
50000,32,"Pigeon-Heyse",5,23460711,0.0200994000001629,21662784,3,NA,NA,25314,0.50628
50000,32,"Pigeon-Heyse",6,23460712,0.0205425000001469,21662784,3,NA,NA,25467,0.50934
50000,32,"Pigeon-Heyse",7,23460713,0.0156602999998086,21662784,3,NA,NA,25501,0.51002
50000,32,"Pigeon-Heyse",8,23460714,0.0171665000000303,21662784,4,NA,NA,25717,0.51434
50000,32,"Pigeon-Heyse",9,23460715,0.0225306000002092,21662784,3,NA,NA,25382,0.50764
50000,32,"Pigeon-Heyse",10,23460716,0.036893100000043,21662784,3,NA,NA,25458,0.50916
50000,32,"Osius-Rojek",1,23460707,0.061982899999748,47612560,3,NA,NA,25509,0.51018
50000,32,"Osius-Rojek",2,23460708,0.229760500000339,47612560,3,NA,NA,25372,0.50744
50000,32,"Osius-Rojek",3,23460709,0.106920100000252,47612560,3,NA,NA,25393,0.50786
50000,32,"Osius-Rojek",4,23460710,0.117122800000288,47612560,3,NA,NA,25363,0.50726
50000,32,"Osius-Rojek",5,23460711,0.0925352000001567,47612560,3,NA,NA,25314,0.50628
50000,32,"Osius-Rojek",6,23460712,0.0816626000000724,47612560,3,NA,NA,25467,0.50934
50000,32,"Osius-Rojek",7,23460713,0.0560686000003443,47612560,3,NA,NA,25501,0.51002
50000,32,"Osius-Rojek",8,23460714,0.0771893000001,47612560,4,NA,NA,25717,0.51434
50000,32,"Osius-Rojek",9,23460715,0.0718357000000651,47612560,3,NA,NA,25382,0.50764
50000,32,"Osius-Rojek",10,23460716,0.0643581000001632,47612560,3,NA,NA,25458,0.50916
50000,32,"Stukel",1,23460707,0.0240272000000914,51012328,3,4,1,25509,0.51018
50000,32,"Stukel",2,23460708,0.0389534000003096,51012328,3,4,1,25372,0.50744
50000,32,"Stukel",3,23460709,0.0541642000000593,51012328,3,4,1,25393,0.50786
50000,32,"Stukel",4,23460710,0.0539874000000964,51012328,3,4,1,25363,0.50726
50000,32,"Stukel",5,23460711,0.0379573000000164,51012328,3,4,1,25314,0.50628
50000,32,"Stukel",6,23460712,0.150598299999956,51012328,3,4,1,25467,0.50934
50000,32,"Stukel",7,23460713,0.0233934000000318,51012328,3,4,1,25501,0.51002
50000,32,"Stukel",8,23460714,0.0283934999999929,51012328,4,4,1,25717,0.51434
50000,32,"Stukel",9,23460715,0.184476100000211,51012328,3,4,1,25382,0.50764
50000,32,"Stukel",10,23460716,0.0398233000000801,51012328,3,4,1,25458,0.50916
50000,32,"Tsiatis",1,23460707,0.556182300000273,118229208,3,NA,NA,25509,0.51018
50000,32,"Tsiatis",2,23460708,1.38992180000014,118229208,3,NA,NA,25372,0.50744
50000,32,"Tsiatis",3,23460709,0.817898200000172,118229208,3,NA,NA,25393,0.50786
50000,32,"Tsiatis",4,23460710,1.05758680000008,118229208,3,NA,NA,25363,0.50726
50000,32,"Tsiatis",5,23460711,2.20784110000022,118229208,3,NA,NA,25314,0.50628
50000,32,"Tsiatis",6,23460712,1.04145290000019,118229208,3,NA,NA,25467,0.50934
50000,32,"Tsiatis",7,23460713,0.561746999999968,118229208,3,NA,NA,25501,0.51002
50000,32,"Tsiatis",8,23460714,1.57197450000012,118229208,4,NA,NA,25717,0.51434
50000,32,"Tsiatis",9,23460715,2.3144784000001,118229208,3,NA,NA,25382,0.50764
50000,32,"Tsiatis",10,23460716,0.474569599999995,118229208,3,NA,NA,25458,0.50916
50000,32,"Xie",1,23460707,29.5003303000001,494061560,3,NA,NA,25509,0.51018
50000,32,"Xie",2,23460708,28.0751600000001,494061544,3,NA,NA,25372,0.50744
50000,32,"Xie",3,23460709,29.1191265,494061560,3,NA,NA,25393,0.50786
50000,32,"Xie",4,23460710,28.3185926000001,494061544,3,NA,NA,25363,0.50726
50000,32,"Xie",5,23460711,26.7826128000002,494061552,3,NA,NA,25314,0.50628
50000,32,"Xie",6,23460712,30.7762626000003,494061552,3,NA,NA,25467,0.50934
50000,32,"Xie",7,23460713,30.0985469,494061552,3,NA,NA,25501,0.51002
50000,32,"Xie",8,23460714,30.2379803000003,494061560,4,NA,NA,25717,0.51434
50000,32,"Xie",9,23460715,27.0713529000002,494061560,3,NA,NA,25382,0.50764
50000,32,"Xie",10,23460716,29.6309557,494061576,3,NA,NA,25458,0.50916
50000,32,"Pulkstenis-Robinson",1,23460707,0.0689416000000165,62644808,3,NA,NA,25509,0.51018
50000,32,"Pulkstenis-Robinson",2,23460708,0.0626287000002321,62644744,3,NA,NA,25372,0.50744
50000,32,"Pulkstenis-Robinson",3,23460709,0.0730297000000064,62644744,3,NA,NA,25393,0.50786
50000,32,"Pulkstenis-Robinson",4,23460710,0.0848109000000932,62644744,3,NA,NA,25363,0.50726
50000,32,"Pulkstenis-Robinson",5,23460711,0.0658541000000241,62644800,3,NA,NA,25314,0.50628
50000,32,"Pulkstenis-Robinson",6,23460712,0.0626419000002443,62644808,3,NA,NA,25467,0.50934
50000,32,"Pulkstenis-Robinson",7,23460713,0.0659562000000733,62644744,3,NA,NA,25501,0.51002
50000,32,"Pulkstenis-Robinson",8,23460714,0.0657296000001679,62644808,4,NA,NA,25717,0.51434
50000,32,"Pulkstenis-Robinson",9,23460715,0.0862680000002456,62644744,3,NA,NA,25382,0.50764
50000,32,"Pulkstenis-Robinson",10,23460716,0.0760851000002276,62644808,3,NA,NA,25458,0.50916
50000,32,"glm_fit",1,23460707,0.237395399999741,205820552,3,NA,NA,25509,0.51018
50000,32,"glm_fit",2,23460708,0.374542400000109,205820552,3,NA,NA,25372,0.50744
50000,32,"glm_fit",3,23460709,0.264490200000182,205820552,3,NA,NA,25393,0.50786
50000,32,"glm_fit",4,23460710,0.444965400000228,205820552,3,NA,NA,25363,0.50726
50000,32,"glm_fit",5,23460711,0.406041900000218,205820552,3,NA,NA,25314,0.50628
50000,32,"glm_fit",6,23460712,0.287849400000141,205820552,3,NA,NA,25467,0.50934
50000,32,"glm_fit",7,23460713,0.22908029999985,205820552,3,NA,NA,25501,0.51002
50000,32,"glm_fit",8,23460714,0.300829500000191,246825240,4,NA,NA,25717,0.51434
50000,32,"glm_fit",9,23460715,0.394083900000169,205820552,3,NA,NA,25382,0.50764
50000,32,"glm_fit",10,23460716,0.240738299999748,205820552,3,NA,NA,25458,0.50916
