"family","param","n","G","alpha","test","reject_rate","power_size_adj","size_at_cell","B","mcse"
"quad","0.01",200,10,0.01,"DEF.poly2",0.0134,0.007,0.0118,10000,0.00114980172203733
"quad","0.01",200,10,0.05,"DEF.poly2",0.0643,0.052,0.0506,10000,0.00245286587484925
"quad","0.01",200,10,0.1,"DEF.poly2",0.1154,0.1034,0.0997,10000,0.00319504053182428
"quad","0.01",200,10,0.01,"DEF.poly3",0.012,0.0108,0.0089,10000,0.0010888526071053
"quad","0.01",200,10,0.05,"DEF.poly3",0.0563,0.0492,0.0502,10000,0.00230500130151807
"quad","0.01",200,10,0.1,"DEF.poly3",0.1093,0.0986,0.0987,10000,0.00312015240012407
"quad","0.01",200,10,0.01,"DEF.stukel",0.0294,0.0345,0.0083,10000,0.00168924953751659
"quad","0.01",200,10,0.05,"DEF.stukel",0.0663,0.0753,0.0486,10000,0.00248805767618036
"quad","0.01",200,10,0.1,"DEF.stukel",0.1086,0.122,0.0985,10000,0.00311136690218303
"quad","0.01",200,10,0.01,"EF",0.0114,0.0116,0.0091,10000,0.00106160444610976
"quad","0.01",200,10,0.05,"EF",0.0454,0.0486,0.0469,10000,0.00208179826111946
"quad","0.01",200,10,0.1,"EF",0.0914,0.095,0.0968,10000,0.00288177098326706
"quad","0.01",200,10,0.01,"HL",0.022,0.0223,0.0097,10000,0.00146683332386471
"quad","0.01",200,10,0.05,"HL",0.0705,0.0754,0.0465,10000,0.00255987792677698
"quad","0.01",200,10,0.1,"HL",0.1199,0.123,0.0977,10000,0.00324844562829671
"quad","0.01",200,10,0.01,"HL-equalwidth",0.0067,0.0232,0.0088,10000,0.000815788575551288
"quad","0.01",200,10,0.05,"HL-equalwidth",0.0429,0.1085,0.0502,10000,0.00202631660902239
"quad","0.01",200,10,0.1,"HL-equalwidth",0.0918,0.2057,0.0992,10000,0.00288743415509341
"quad","0.01",200,10,0.01,"Pigeon-Heyse",0.0163,0.0226,0.005,10000,0.00126626655961531
"quad","0.01",200,10,0.05,"Pigeon-Heyse",0.0487,0.0773,0.0289,10000,0.00215240121724552
"quad","0.01",200,10,0.1,"Pigeon-Heyse",0.0896,0.1241,0.0622,10000,0.00285607843029564
"quad","0.01",200,10,0.01,"Stukel",0.0293,0.0121,0.0247,10000,0.00168646108760327
"quad","0.01",200,10,0.05,"Stukel",0.0813,0.0596,0.0699,10000,0.00273295279871424
"quad","0.01",200,10,0.1,"Stukel",0.1299,0.1149,0.1161,10000,0.00336193381850387
"quad","0.01",200,10,0.01,"Tsiatis",0.025,0.0268,0.009,10000,0.0015612494995996
"quad","0.01",200,10,0.05,"Tsiatis",0.0756,0.0791,0.0453,10000,0.00264357031304257
"quad","0.01",200,10,0.1,"Tsiatis",0.1259,0.1311,0.0955,10000,0.00331736627462208
"quad","0.01",200,10,0.01,"Xie",0.0209,0.028,0.0058,10000,0.00143049606780305
"quad","0.01",200,10,0.05,"Xie",0.0598,0.076,0.0363,10000,0.00237115921017548
"quad","0.01",200,10,0.1,"Xie",0.1015,0.1258,0.0758,10000,0.00301989652140599
"quad","0.02",200,10,0.01,"DEF.poly2",0.0756,0.055,0.0118,10000,0.00264357031304257
"quad","0.02",200,10,0.05,"DEF.poly2",0.1872,0.1663,0.0506,10000,0.00390071993355073
"quad","0.02",200,10,0.1,"DEF.poly2",0.2694,0.2537,0.0997,10000,0.00443648103793987
"quad","0.02",200,10,0.01,"DEF.poly3",0.0571,0.053,0.0089,10000,0.00232033596705305
"quad","0.02",200,10,0.05,"DEF.poly3",0.1537,0.1424,0.0502,10000,0.00360660934951375
"quad","0.02",200,10,0.1,"DEF.poly3",0.2397,0.2258,0.0987,10000,0.004269003513702
"quad","0.02",200,10,0.01,"DEF.stukel",0.107,0.1176,0.0083,10000,0.00309113247855863
"quad","0.02",200,10,0.05,"DEF.stukel",0.188,0.1994,0.0486,10000,0.0039071217027372
"quad","0.02",200,10,0.1,"DEF.stukel",0.2558,0.2694,0.0985,10000,0.00436309935710843
"quad","0.02",200,10,0.01,"EF",0.0304,0.0309,0.0091,10000,0.00171685293487823
"quad","0.02",200,10,0.05,"EF",0.0862,0.0918,0.0469,10000,0.00280659152710187
"quad","0.02",200,10,0.1,"EF",0.1422,0.1463,0.0968,10000,0.00349255150284144
"quad","0.02",200,10,0.01,"HL",0.0804,0.0816,0.0097,10000,0.00271911456176455
"quad","0.02",200,10,0.05,"HL",0.1754,0.1834,0.0465,10000,0.00380308874469161
"quad","0.02",200,10,0.1,"HL",0.2517,0.255,0.0977,10000,0.00433989757943664
"quad","0.02",200,10,0.01,"HL-equalwidth",0.0096,0.0254,0.0088,10000,0.000975081535052326
"quad","0.02",200,10,0.05,"HL-equalwidth",0.056,0.1237,0.0502,10000,0.00229921725811199
"quad","0.02",200,10,0.1,"HL-equalwidth",0.1184,0.2222,0.0992,10000,0.00323081166272502
"quad","0.02",200,10,0.01,"Pigeon-Heyse",0.0625,0.082,0.005,10000,0.00242061459137964
"quad","0.02",200,10,0.05,"Pigeon-Heyse",0.1386,0.1844,0.0289,10000,0.00345528638465757
"quad","0.02",200,10,0.1,"Pigeon-Heyse",0.204,0.2563,0.0622,10000,0.00402968981436537
"quad","0.02",200,10,0.01,"Stukel",0.1245,0.0726,0.0247,10000,0.00330151101770083
"quad","0.02",200,10,0.05,"Stukel",0.2317,0.1939,0.0699,10000,0.00421918368881944
"quad","0.02",200,10,0.1,"Stukel",0.3038,0.2799,0.1161,10000,0.0045989733636976
"quad","0.02",200,10,0.01,"Tsiatis",0.0838,0.0882,0.009,10000,0.00277087639565535
"quad","0.02",200,10,0.05,"Tsiatis",0.1721,0.1795,0.0453,10000,0.00377467336335212
"quad","0.02",200,10,0.1,"Tsiatis",0.2474,0.255,0.0955,10000,0.00431501147159541
"quad","0.02",200,10,0.01,"Xie",0.0766,0.0911,0.0058,10000,0.00265955710598588
"quad","0.02",200,10,0.05,"Xie",0.1577,0.1837,0.0363,10000,0.00364459476485384
"quad","0.02",200,10,0.1,"Xie",0.2269,0.2584,0.0758,10000,0.00418827398817222
"quad","0.03",200,10,0.01,"DEF.poly2",0.159,0.1255,0.0118,10000,0.00365676086174636
"quad","0.03",200,10,0.05,"DEF.poly2",0.3248,0.2989,0.0506,10000,0.0046830007473841
"quad","0.03",200,10,0.1,"DEF.poly2",0.4376,0.4176,0.0997,10000,0.004960909594016
"quad","0.03",200,10,0.01,"DEF.poly3",0.1263,0.1208,0.0089,10000,0.00332187161100486
"quad","0.03",200,10,0.05,"DEF.poly3",0.273,0.2547,0.0502,10000,0.00445500841750047
"quad","0.03",200,10,0.1,"DEF.poly3",0.3764,0.3624,0.0987,10000,0.00484482239096543
"quad","0.03",200,10,0.01,"DEF.stukel",0.2124,0.2261,0.0083,10000,0.00409006405817806
"quad","0.03",200,10,0.05,"DEF.stukel",0.3285,0.3386,0.0486,10000,0.00469667701678538
"quad","0.03",200,10,0.1,"DEF.stukel",0.4063,0.418,0.0985,10000,0.00491141843055547
"quad","0.03",200,10,0.01,"EF",0.0607,0.0621,0.0091,10000,0.00238779207637516
"quad","0.03",200,10,0.05,"EF",0.1404,0.1458,0.0469,10000,0.00347401554400668
"quad","0.03",200,10,0.1,"EF",0.2096,0.2128,0.0968,10000,0.00407023144305087
"quad","0.03",200,10,0.01,"HL",0.1569,0.1599,0.0097,10000,0.00363706461311866
"quad","0.03",200,10,0.05,"HL",0.2845,0.2962,0.0465,10000,0.00451175963455501
"quad","0.03",200,10,0.1,"HL",0.3758,0.3795,0.0977,10000,0.00484328772632806
"quad","0.03",200,10,0.01,"HL-equalwidth",0.0159,0.0329,0.0088,10000,0.00125088728509007
"quad","0.03",200,10,0.05,"HL-equalwidth",0.0801,0.1422,0.0502,10000,0.00271447950811937
"quad","0.03",200,10,0.1,"HL-equalwidth",0.1525,0.2454,0.0992,10000,0.00359504867839088
"quad","0.03",200,10,0.01,"Pigeon-Heyse",0.1269,0.1606,0.005,10000,0.00332860916900738
"quad","0.03",200,10,0.05,"Pigeon-Heyse",0.2379,0.2975,0.0289,10000,0.00425797592759752
"quad","0.03",200,10,0.1,"Pigeon-Heyse",0.3186,0.3807,0.0622,10000,0.0046593351457048
"quad","0.03",200,10,0.01,"Stukel",0.2413,0.1556,0.0247,10000,0.00427871838288056
"quad","0.03",200,10,0.05,"Stukel",0.3898,0.3444,0.0699,10000,0.00487704787755872
"quad","0.03",200,10,0.1,"Stukel",0.4776,0.4486,0.1161,10000,0.00499497987983936
"quad","0.03",200,10,0.01,"Tsiatis",0.1538,0.1617,0.009,10000,0.00360756926475432
"quad","0.03",200,10,0.05,"Tsiatis",0.2809,0.2904,0.0453,10000,0.00449438749998262
"quad","0.03",200,10,0.1,"Tsiatis",0.3728,0.3833,0.0955,10000,0.00483549542446273
"quad","0.03",200,10,0.01,"Xie",0.1493,0.1736,0.0058,10000,0.00356383936226087
"quad","0.03",200,10,0.05,"Xie",0.2692,0.3047,0.0363,10000,0.00443544090254847
"quad","0.03",200,10,0.1,"Xie",0.3589,0.3946,0.0758,10000,0.00479677798110357
"quad","0.05",200,10,0.01,"DEF.poly2",0.347,0.298,0.0118,10000,0.00476015756041751
"quad","0.05",200,10,0.05,"DEF.poly2",0.5515,0.5301,0.0506,10000,0.00497340678006535
"quad","0.05",200,10,0.1,"DEF.poly2",0.6506,0.6361,0.0997,10000,0.00476780494567469
"quad","0.05",200,10,0.01,"DEF.poly3",0.2918,0.2841,0.0089,10000,0.00454590761014784
"quad","0.05",200,10,0.05,"DEF.poly3",0.4868,0.4714,0.0502,10000,0.00499825729629838
"quad","0.05",200,10,0.1,"DEF.poly3",0.5948,0.5822,0.0987,10000,0.00490930707941559
"quad","0.05",200,10,0.01,"DEF.stukel",0.4083,0.4204,0.0083,10000,0.00491519185790341
"quad","0.05",200,10,0.05,"DEF.stukel",0.5407,0.5473,0.0486,10000,0.00498340756912376
"quad","0.05",200,10,0.1,"DEF.stukel",0.6126,0.6175,0.0985,10000,0.00487156278826415
"quad","0.05",200,10,0.01,"EF",0.1349,0.1369,0.0091,10000,0.00341616729684013
"quad","0.05",200,10,0.05,"EF",0.2485,0.2555,0.0469,10000,0.00432143205430792
"quad","0.05",200,10,0.1,"EF",0.3312,0.3355,0.0968,10000,0.00470644834243403
"quad","0.05",200,10,0.01,"HL",0.3022,0.3055,0.0097,10000,0.00459211454560968
"quad","0.05",200,10,0.05,"HL",0.4757,0.4872,0.0465,10000,0.00499409160909169
"quad","0.05",200,10,0.1,"HL",0.5717,0.5751,0.0977,10000,0.00494832405971961
"quad","0.05",200,10,0.01,"HL-equalwidth",0.037,0.0579,0.0088,10000,0.00188761754600872
"quad","0.05",200,10,0.05,"HL-equalwidth",0.131,0.1928,0.0502,10000,0.00337400355660749
"quad","0.05",200,10,0.1,"HL-equalwidth",0.2298,0.3148,0.0992,10000,0.00420704124058702
"quad","0.05",200,10,0.01,"Pigeon-Heyse",0.2635,0.3071,0.005,10000,0.00440531213423067
"quad","0.05",200,10,0.05,"Pigeon-Heyse",0.4169,0.489,0.0289,10000,0.00493046032333696
"quad","0.05",200,10,0.1,"Pigeon-Heyse",0.5131,0.5761,0.0622,10000,0.00499828360539896
"quad","0.05",200,10,0.01,"Stukel",0.4654,0.3526,0.0247,10000,0.00498801403366109
"quad","0.05",200,10,0.05,"Stukel",0.6196,0.5732,0.0699,10000,0.00485485159402427
"quad","0.05",200,10,0.1,"Stukel",0.6964,0.6731,0.1161,10000,0.004598119615669
"quad","0.05",200,10,0.01,"Tsiatis",0.2928,0.3047,0.009,10000,0.00455047426099742
"quad","0.05",200,10,0.05,"Tsiatis",0.4605,0.4712,0.0453,10000,0.00498437307993693
"quad","0.05",200,10,0.1,"Tsiatis",0.5617,0.5696,0.0955,10000,0.00496178506185022
"quad","0.05",200,10,0.01,"Xie",0.2926,0.3272,0.0058,10000,0.00454956305594285
"quad","0.05",200,10,0.05,"Xie",0.4517,0.4913,0.0363,10000,0.00497661642082249
"quad","0.05",200,10,0.1,"Xie",0.5458,0.5853,0.0758,10000,0.0049789794134943
"quad","0.1",200,10,0.01,"DEF.poly2",0.6958,0.6551,0.0118,10000,0.00460067777615429
"quad","0.1",200,10,0.05,"DEF.poly2",0.8373,0.8249,0.0506,10000,0.00369091736564231
"quad","0.1",200,10,0.1,"DEF.poly2",0.8883,0.8823,0.0997,10000,0.00314996999985714
"quad","0.1",200,10,0.01,"DEF.poly3",0.6523,0.6458,0.0089,10000,0.00476240181001142
"quad","0.1",200,10,0.05,"DEF.poly3",0.8047,0.7956,0.0502,10000,0.00396431469487477
"quad","0.1",200,10,0.1,"DEF.poly3",0.8653,0.8597,0.0987,10000,0.00341402855875577
"quad","0.1",200,10,0.01,"DEF.stukel",0.7442,0.7516,0.0083,10000,0.00436309935710843
"quad","0.1",200,10,0.05,"DEF.stukel",0.8353,0.8384,0.0486,10000,0.00370909571189529
"quad","0.1",200,10,0.1,"DEF.stukel",0.8745,0.8765,0.0985,10000,0.00331284998151139
"quad","0.1",200,10,0.01,"EF",0.3896,0.3925,0.0091,10000,0.00487659553377149
"quad","0.1",200,10,0.05,"EF",0.5401,0.5491,0.0469,10000,0.00498389395954609
"quad","0.1",200,10,0.1,"EF",0.623,0.627,0.0968,10000,0.00484634914136404
"quad","0.1",200,10,0.01,"HL",0.6355,0.6388,0.0097,10000,0.00481289673689349
"quad","0.1",200,10,0.05,"HL",0.7785,0.7879,0.0465,10000,0.00415256246190229
"quad","0.1",200,10,0.1,"HL",0.8404,0.8417,0.0977,10000,0.00366234678860427
"quad","0.1",200,10,0.01,"HL-equalwidth",0.1386,0.1513,0.0088,10000,0.00345528638465757
"quad","0.1",200,10,0.05,"HL-equalwidth",0.3312,0.3689,0.0502,10000,0.00470644834243403
"quad","0.1",200,10,0.1,"HL-equalwidth",0.4589,0.5059,0.0992,10000,0.00498307926888586
"quad","0.1",200,10,0.01,"Pigeon-Heyse",0.5867,0.6403,0.005,10000,0.00492425740594458
"quad","0.1",200,10,0.05,"Pigeon-Heyse",0.7385,0.7891,0.0289,10000,0.00439451646941959
"quad","0.1",200,10,0.1,"Pigeon-Heyse",0.8059,0.8419,0.0622,10000,0.00395506245209858
"quad","0.1",200,10,0.01,"Stukel",0.7957,0.7085,0.0247,10000,0.00403189173961802
"quad","0.1",200,10,0.05,"Stukel",0.8782,0.8571,0.0699,10000,0.00327054674328315
"quad","0.1",200,10,0.1,"Stukel",0.9128,0.9007,0.1161,10000,0.00282127914251674
"quad","0.1",200,10,0.01,"Tsiatis",0.6138,0.6274,0.009,10000,0.00486877356220229
"quad","0.1",200,10,0.05,"Tsiatis",0.7602,0.7681,0.0453,10000,0.00426961309722556
"quad","0.1",200,10,0.1,"Tsiatis",0.8306,0.8354,0.0955,10000,0.00375104838678469
"quad","0.1",200,10,0.01,"Xie",0.613,0.6478,0.0058,10000,0.00487063650871218
"quad","0.1",200,10,0.05,"Xie",0.76,0.7905,0.0363,10000,0.00427083130081252
"quad","0.1",200,10,0.1,"Xie",0.8276,0.8507,0.0758,10000,0.00377727732632911
"quad","0.2",200,10,0.01,"DEF.poly2",0.9438,0.9321,0.0118,10000,0.00230307533528541
"quad","0.2",200,10,0.05,"DEF.poly2",0.9787,0.9765,0.0506,10000,0.00144382512791543
"quad","0.2",200,10,0.1,"DEF.poly2",0.9866,0.9857,0.0997,10000,0.00114980172203732
"quad","0.2",200,10,0.01,"DEF.poly3",0.9337,0.9326,0.0089,10000,0.00248805767618036
"quad","0.2",200,10,0.05,"DEF.poly3",0.9739,0.9721,0.0502,10000,0.00159432713079844
"quad","0.2",200,10,0.1,"DEF.poly3",0.9837,0.9822,0.0987,10000,0.00126626655961531
"quad","0.2",200,10,0.01,"DEF.stukel",0.9593,0.9598,0.0083,10000,0.00197594306598141
"quad","0.2",200,10,0.05,"DEF.stukel",0.9772,0.9772,0.0486,10000,0.00149265401215419
"quad","0.2",200,10,0.1,"DEF.stukel",0.9833,0.9835,0.0985,10000,0.00128144878945669
"quad","0.2",200,10,0.01,"EF",0.757,0.7605,0.0091,10000,0.00428895092067979
"quad","0.2",200,10,0.05,"EF",0.8485,0.8531,0.0469,10000,0.00358535563089633
"quad","0.2",200,10,0.1,"EF",0.8834,0.8848,0.0968,10000,0.00320943047907257
"quad","0.2",200,10,0.01,"HL",0.9027,0.9041,0.0097,10000,0.0029636583811229
"quad","0.2",200,10,0.05,"HL",0.9595,0.9616,0.0465,10000,0.00197128765024286
"quad","0.2",200,10,0.1,"HL",0.9747,0.9753,0.0977,10000,0.00157034741379097
"quad","0.2",200,10,0.01,"HL-equalwidth",0.4479,0.4116,0.0088,10000,0.0049727818170517
"quad","0.2",200,10,0.05,"HL-equalwidth",0.666,0.652,0.0502,10000,0.00471639692986076
"quad","0.2",200,10,0.1,"HL-equalwidth",0.7694,0.7592,0.0992,10000,0.00421216856262899
"quad","0.2",200,10,0.01,"Pigeon-Heyse",0.875887588758876,0.904890489048905,0.005,10000,0.00329709752080581
"quad","0.2",200,10,0.05,"Pigeon-Heyse",0.945794579457946,0.961996199619962,0.0289,10000,0.00226422598090193
"quad","0.2",200,10,0.1,"Pigeon-Heyse",0.966096609660966,0.975397539753975,0.0622,10000,0.00180980525091936
"quad","0.2",200,10,0.01,"Stukel",0.970889379642642,0.948905842200361,0.0247,10000,0.00168116602808193
"quad","0.2",200,10,0.05,"Stukel",0.986749648664927,0.983537442280667,0.0699,10000,0.00114345002184487
"quad","0.2",200,10,0.1,"Stukel",0.991668339690825,0.990463762296728,0.1161,10000,0.000908968852363346
"quad","0.2",200,10,0.01,"Tsiatis",0.8934,0.9003,0.009,10000,0.00308604018120309
"quad","0.2",200,10,0.05,"Tsiatis",0.9528,0.9544,0.0453,10000,0.00212066404694379
"quad","0.2",200,10,0.1,"Tsiatis",0.9691,0.97,0.0955,10000,0.00173046785581241
"quad","0.2",200,10,0.01,"Xie",0.8979,0.9154,0.0058,10000,0.00302779771451132
"quad","0.2",200,10,0.05,"Xie",0.9554,0.9634,0.0363,10000,0.0020642393272099
"quad","0.2",200,10,0.1,"Xie",0.9725,0.9771,0.0758,10000,0.00163535164414263
"quad","0.4",200,10,0.01,"DEF.poly2",0.9967,0.9961,0.0118,10000,0.000573507628545599
"quad","0.4",200,10,0.05,"DEF.poly2",0.9993,0.9993,0.0506,10000,0.000264482513599677
"quad","0.4",200,10,0.1,"DEF.poly2",0.9995,0.9995,0.0997,10000,0.000223550889061069
"quad","0.4",200,10,0.01,"DEF.poly3",0.9967,0.9968,0.0089,10000,0.000573507628545599
"quad","0.4",200,10,0.05,"DEF.poly3",0.999,0.9988,0.0502,10000,0.000316069612585582
"quad","0.4",200,10,0.1,"DEF.poly3",0.9995,0.9995,0.0987,10000,0.000223550889061069
"quad","0.4",200,10,0.01,"DEF.stukel",0.997899369810943,0.994498349504851,0.0083,10000,0.000457844683475251
"quad","0.4",200,10,0.05,"DEF.stukel",0.99889966990097,0.997499249774932,0.0486,10000,0.000331529692893838
"quad","0.4",200,10,0.1,"DEF.stukel",0.999299789936981,0.998599579873962,0.0985,10000,0.000264522167102598
"quad","0.4",200,10,0.01,"EF",0.9792,0.9795,0.0091,10000,0.00142714259974258
"quad","0.4",200,10,0.05,"EF",0.9898,0.9906,0.0469,10000,0.00100478654449589
"quad","0.4",200,10,0.1,"EF",0.9926,0.9926,0.0968,10000,0.000857043756175842
"quad","0.4",200,10,0.01,"HL",0.9936,0.9937,0.0097,10000,0.000797435890840133
"quad","0.4",200,10,0.05,"HL",0.9982,0.9983,0.0465,10000,0.000423882059068324
"quad","0.4",200,10,0.1,"HL",0.999,0.999,0.0977,10000,0.000316069612585582
"quad","0.4",200,10,0.01,"HL-equalwidth",0.876625975585351,0.8178,0.0088,10000,0.00328866043419479
"quad","0.4",200,10,0.05,"HL-equalwidth",0.956073644186512,0.9284,0.0502,10000,0.00204931283796386
"quad","0.4",200,10,0.1,"HL-equalwidth",0.974684810886532,0.9609,0.0992,10000,0.00157080649074345
"quad","0.4",200,10,0.01,"Pigeon-Heyse",0.9913,0.9937,0.005,10000,0.000928671631956099
"quad","0.4",200,10,0.05,"Pigeon-Heyse",0.9975,0.9983,0.0289,10000,0.000499374608885949
"quad","0.4",200,10,0.1,"Pigeon-Heyse",0.9985,0.999,0.0622,10000,0.00038700775186034
"quad","0.4",200,10,0.01,"Stukel",0.998728470697029,0.997225754248064,0.0247,10000,0.000356358319139949
"quad","0.4",200,10,0.05,"Stukel",0.999653219281008,0.999422032135013,0.0699,10000,0.000186188201056086
"quad","0.4",200,10,0.1,"Stukel",0.999653219281008,0.999653219281008,0.1161,10000,0.000186188201056086
"quad","0.4",200,10,0.01,"Tsiatis",0.9935,0.9937,0.009,10000,0.000803601269287198
"quad","0.4",200,10,0.05,"Tsiatis",0.9978,0.9979,0.0453,10000,0.00046852534616603
"quad","0.4",200,10,0.1,"Tsiatis",0.9987,0.9987,0.0955,10000,0.00036032069049667
"quad","0.4",200,10,0.01,"Xie",0.9937,0.9953,0.0058,10000,0.000791221208006963
"quad","0.4",200,10,0.05,"Xie",0.9983,0.999,0.0363,10000,0.000411959949509662
"quad","0.4",200,10,0.1,"Xie",0.9991,0.9991,0.0758,10000,0.000299864969611326
"quad","0.01",500,10,0.01,"DEF.poly2",0.0172,0.0144,0.0091,5000,0.00183870389133215
"quad","0.01",500,10,0.05,"DEF.poly2",0.0718,0.055,0.0525,5000,0.00365088372863338
"quad","0.01",500,10,0.1,"DEF.poly2",0.1314,0.118,0.0975,5000,0.00477774088874648
"quad","0.01",500,10,0.01,"DEF.poly3",0.0154,0.0152,0.0084,5000,0.00174142700105402
"quad","0.01",500,10,0.05,"DEF.poly3",0.0652,0.0604,0.0481,5000,0.00349138826256834
"quad","0.01",500,10,0.1,"DEF.poly3",0.1232,0.1098,0.1017,5000,0.00464804819252124
"quad","0.01",500,10,0.01,"DEF.stukel",0.0316,0.0354,0.0099,5000,0.00247392158323581
"quad","0.01",500,10,0.05,"DEF.stukel",0.0766,0.0906,0.0466,5000,0.00376118172919097
"quad","0.01",500,10,0.1,"DEF.stukel",0.127,0.1474,0.0959,5000,0.00470894892730851
"quad","0.01",500,10,0.01,"EF",0.014,0.0144,0.0096,5000,0.00166156552684509
"quad","0.01",500,10,0.05,"EF",0.0558,0.0568,0.0481,5000,0.00324611644892786
"quad","0.01",500,10,0.1,"EF",0.1074,0.1076,0.0996,5000,0.00437870391782774
"quad","0.01",500,10,0.01,"HL",0.0234,0.024,0.0098,5000,0.00213786996798215
"quad","0.01",500,10,0.05,"HL",0.0728,0.0758,0.0476,5000,0.00367423896882062
"quad","0.01",500,10,0.1,"HL",0.1326,0.1324,0.1003,5000,0.00479619098869092
"quad","0.01",500,10,0.01,"HL-equalwidth",0.0082,0.0278,0.0093,5000,0.00127536347760158
"quad","0.01",500,10,0.05,"HL-equalwidth",0.044,0.1174,0.0499,5000,0.00290048271844533
"quad","0.01",500,10,0.1,"HL-equalwidth",0.0944,0.2106,0.1015,5000,0.00413493990282809
"quad","0.01",500,10,0.01,"Pigeon-Heyse",0.016,0.0242,0.0055,5000,0.00177448584102551
"quad","0.01",500,10,0.05,"Pigeon-Heyse",0.0514,0.0762,0.0286,5000,0.00312275647465504
"quad","0.01",500,10,0.1,"Pigeon-Heyse",0.0928,0.134,0.0633,5000,0.0041033683724472
"quad","0.01",500,10,0.01,"Stukel",0.0368,0.0194,0.0227,5000,0.00266254614983478
"quad","0.01",500,10,0.05,"Stukel",0.0958,0.071,0.07,5000,0.00416226765117286
"quad","0.01",500,10,0.1,"Stukel",0.1522,0.1362,0.1138,5000,0.00508006220434357
"quad","0.01",500,10,0.01,"Tsiatis",0.0266,0.028,0.0083,5000,0.00227562914377541
"quad","0.01",500,10,0.05,"Tsiatis",0.0734,0.0748,0.049,5000,0.00368815509435273
"quad","0.01",500,10,0.1,"Tsiatis",0.1284,0.1312,0.0967,5000,0.00473103455916357
"quad","0.01",500,10,0.01,"Xie",0.0198,0.0278,0.0061,5000,0.00197017562668915
"quad","0.01",500,10,0.05,"Xie",0.067,0.0796,0.0389,5000,0.00353584501922808
"quad","0.01",500,10,0.1,"Xie",0.1086,0.1296,0.0809,5000,0.004400137270586
"quad","0.02",500,10,0.01,"DEF.poly2",0.184,0.1694,0.0091,5000,0.00547985401265399
"quad","0.02",500,10,0.05,"DEF.poly2",0.3642,0.3284,0.0525,5000,0.00680526795945611
"quad","0.02",500,10,0.1,"DEF.poly2",0.48,0.4602,0.0975,5000,0.00706540869306228
"quad","0.02",500,10,0.01,"DEF.poly3",0.1356,0.1332,0.0084,5000,0.00484174844451878
"quad","0.02",500,10,0.05,"DEF.poly3",0.2972,0.2856,0.0481,5000,0.0064633143200683
"quad","0.02",500,10,0.1,"DEF.poly3",0.4084,0.3846,0.1017,5000,0.00695139468020627
"quad","0.02",500,10,0.01,"DEF.stukel",0.1896,0.1978,0.0099,5000,0.00554349781275324
"quad","0.02",500,10,0.05,"DEF.stukel",0.3256,0.3474,0.0466,5000,0.00662698483474951
"quad","0.02",500,10,0.1,"DEF.stukel",0.419,0.441,0.0959,5000,0.00697766436567423
"quad","0.02",500,10,0.01,"EF",0.067,0.0678,0.0096,5000,0.00353584501922808
"quad","0.02",500,10,0.05,"EF",0.1702,0.1728,0.0481,5000,0.00531473348344016
"quad","0.02",500,10,0.1,"EF",0.2432,0.244,0.0996,5000,0.00606718649787527
"quad","0.02",500,10,0.01,"HL",0.132,0.1338,0.0098,5000,0.00478698234799336
"quad","0.02",500,10,0.05,"HL",0.2472,0.2516,0.0476,5000,0.00610069110839092
"quad","0.02",500,10,0.1,"HL",0.3488,0.348,0.1003,5000,0.00674000830860022
"quad","0.02",500,10,0.01,"HL-equalwidth",0.0286,0.0672,0.0093,5000,0.0023572034277932
"quad","0.02",500,10,0.05,"HL-equalwidth",0.1102,0.2036,0.0499,5000,0.00442845255139987
"quad","0.02",500,10,0.1,"HL-equalwidth",0.1908,0.3248,0.1015,5000,0.0055568940965255
"quad","0.02",500,10,0.01,"Pigeon-Heyse",0.1026,0.1346,0.0055,5000,0.00429122919453156
"quad","0.02",500,10,0.05,"Pigeon-Heyse",0.2056,0.2544,0.0286,5000,0.00571539394967661
"quad","0.02",500,10,0.1,"Pigeon-Heyse",0.2848,0.3496,0.0633,5000,0.00638261639141818
"quad","0.02",500,10,0.01,"Stukel",0.2802,0.2136,0.0227,5000,0.00635118823528322
"quad","0.02",500,10,0.05,"Stukel",0.4298,0.375,0.07,5000,0.00700102792452651
"quad","0.02",500,10,0.1,"Stukel",0.5248,0.499,0.1138,5000,0.00706236447657582
"quad","0.02",500,10,0.01,"Tsiatis",0.1228,0.1306,0.0083,5000,0.00464155491188029
"quad","0.02",500,10,0.05,"Tsiatis",0.254,0.2568,0.049,5000,0.00615603768669426
"quad","0.02",500,10,0.1,"Tsiatis",0.352,0.356,0.0967,5000,0.00675419869414574
"quad","0.02",500,10,0.01,"Xie",0.1138,0.1376,0.0061,5000,0.00449109251741711
"quad","0.02",500,10,0.05,"Xie",0.2366,0.265,0.0389,5000,0.00601033177120864
"quad","0.02",500,10,0.1,"Xie",0.3288,0.3632,0.0809,5000,0.00664365200774393
"quad","0.03",500,10,0.01,"DEF.poly2",0.4202,0.3936,0.0091,5000,0.00698042921316447
"quad","0.03",500,10,0.05,"DEF.poly2",0.6312,0.5946,0.0525,5000,0.00682329187416162
"quad","0.03",500,10,0.1,"DEF.poly2",0.7276,0.7138,0.0975,5000,0.00629600254129555
"quad","0.03",500,10,0.01,"DEF.poly3",0.3564,0.3554,0.0084,5000,0.00677316823945781
"quad","0.03",500,10,0.05,"DEF.poly3",0.5588,0.546,0.0481,5000,0.0070220019937337
"quad","0.03",500,10,0.1,"DEF.poly3",0.6614,0.6464,0.1017,5000,0.00669253375038184
"quad","0.03",500,10,0.01,"DEF.stukel",0.4252,0.4318,0.0099,5000,0.00699149426088587
"quad","0.03",500,10,0.05,"DEF.stukel",0.5944,0.6088,0.0466,5000,0.00694389861677142
"quad","0.03",500,10,0.1,"DEF.stukel",0.6774,0.6914,0.0959,5000,0.00661103985769259
"quad","0.03",500,10,0.01,"EF",0.1894,0.191,0.0096,5000,0.00554125689713083
"quad","0.03",500,10,0.05,"EF",0.3444,0.3492,0.0481,5000,0.00671994999981399
"quad","0.03",500,10,0.1,"EF",0.4464,0.4476,0.0996,5000,0.00703032061857779
"quad","0.03",500,10,0.01,"HL",0.3128,0.3154,0.0098,5000,0.0065567699364855
"quad","0.03",500,10,0.05,"HL",0.495,0.501,0.0476,5000,0.00707071424963561
"quad","0.03",500,10,0.1,"HL",0.5966,0.5966,0.1003,5000,0.00693784462207104
"quad","0.03",500,10,0.01,"HL-equalwidth",0.0732,0.1342,0.0093,5000,0.00368352439926764
"quad","0.03",500,10,0.05,"HL-equalwidth",0.2102,0.3112,0.0499,5000,0.00576222109954139
"quad","0.03",500,10,0.1,"HL-equalwidth",0.3182,0.4396,0.1015,5000,0.00658708979747506
"quad","0.03",500,10,0.01,"Pigeon-Heyse",0.2664,0.3164,0.0055,5000,0.00625189635230783
"quad","0.03",500,10,0.05,"Pigeon-Heyse",0.4348,0.5028,0.0286,5000,0.00701069126406234
"quad","0.03",500,10,0.1,"Pigeon-Heyse",0.5376,0.5972,0.0633,5000,0.00705104587986775
"quad","0.03",500,10,0.01,"Stukel",0.5532,0.4678,0.0227,5000,0.00703092824597151
"quad","0.03",500,10,0.05,"Stukel",0.7024,0.6552,0.07,5000,0.00646582152552945
"quad","0.03",500,10,0.1,"Stukel",0.7738,0.7532,0.1138,5000,0.00591664702344157
"quad","0.03",500,10,0.01,"Tsiatis",0.2952,0.3112,0.0083,5000,0.00645068926549714
"quad","0.03",500,10,0.05,"Tsiatis",0.4814,0.4842,0.049,5000,0.00706617350480442
"quad","0.03",500,10,0.1,"Tsiatis",0.5818,0.5868,0.0967,5000,0.0069757975888066
"quad","0.03",500,10,0.01,"Xie",0.285,0.3278,0.0061,5000,0.00638396428561439
"quad","0.03",500,10,0.05,"Xie",0.463,0.4992,0.0389,5000,0.00705168065073852
"quad","0.03",500,10,0.1,"Xie",0.5634,0.5984,0.0809,5000,0.00701399230110784
"quad","0.05",500,10,0.01,"DEF.poly2",0.7664,0.747,0.0091,5000,0.0059838288745585
"quad","0.05",500,10,0.05,"DEF.poly2",0.8938,0.8776,0.0525,5000,0.00435709903490843
"quad","0.05",500,10,0.1,"DEF.poly2",0.9338,0.929,0.0975,5000,0.00351617860752266
"quad","0.05",500,10,0.01,"DEF.poly3",0.706,0.7062,0.0084,5000,0.00644304275944216
"quad","0.05",500,10,0.05,"DEF.poly3",0.8548,0.8484,0.0481,5000,0.00498230789895607
"quad","0.05",500,10,0.1,"DEF.poly3",0.9048,0.8982,0.1017,5000,0.00415058935574214
"quad","0.05",500,10,0.01,"DEF.stukel",0.7572,0.759,0.0099,5000,0.00606379683036957
"quad","0.05",500,10,0.05,"DEF.stukel",0.8622,0.8664,0.0466,5000,0.00487465198757819
"quad","0.05",500,10,0.1,"DEF.stukel",0.9022,0.9066,0.0959,5000,0.00420083705944422
"quad","0.05",500,10,0.01,"EF",0.475,0.478,0.0096,5000,0.00706222344591277
"quad","0.05",500,10,0.05,"EF",0.6438,0.6482,0.0481,5000,0.00677231954355374
"quad","0.05",500,10,0.1,"EF",0.7344,0.7352,0.0996,5000,0.00624590489841144
"quad","0.05",500,10,0.01,"HL",0.64,0.6418,0.0098,5000,0.00678822509939086
"quad","0.05",500,10,0.05,"HL",0.7958,0.8004,0.0476,5000,0.0057009185224839
"quad","0.05",500,10,0.1,"HL",0.853,0.8526,0.1003,5000,0.00500781389430558
"quad","0.05",500,10,0.01,"HL-equalwidth",0.193,0.2724,0.0093,5000,0.00558123642215594
"quad","0.05",500,10,0.05,"HL-equalwidth",0.4196,0.517,0.0499,5000,0.00697905208463155
"quad","0.05",500,10,0.1,"HL-equalwidth",0.5612,0.656,0.1015,5000,0.00701789940081788
"quad","0.05",500,10,0.01,"Pigeon-Heyse",0.5892,0.6428,0.0055,5000,0.00695763408063402
"quad","0.05",500,10,0.05,"Pigeon-Heyse",0.7478,0.8012,0.0286,5000,0.00614158220656534
"quad","0.05",500,10,0.1,"Pigeon-Heyse",0.8202,0.8536,0.0633,5000,0.00543087396281667
"quad","0.05",500,10,0.01,"Stukel",0.8564,0.8088,0.0227,5000,0.00495941609466276
"quad","0.05",500,10,0.05,"Stukel",0.926,0.908,0.07,5000,0.00370199945975144
"quad","0.05",500,10,0.1,"Stukel",0.9528,0.9464,0.1138,5000,0.00299907185642492
"quad","0.05",500,10,0.01,"Tsiatis",0.6274,0.6464,0.0083,5000,0.00683767855342733
"quad","0.05",500,10,0.05,"Tsiatis",0.777,0.7788,0.049,5000,0.00588678180332854
"quad","0.05",500,10,0.1,"Tsiatis",0.8484,0.8514,0.0967,5000,0.00507183280481524
"quad","0.05",500,10,0.01,"Xie",0.618,0.6582,0.0061,5000,0.0068713317486496
"quad","0.05",500,10,0.05,"Xie",0.774,0.7998,0.0389,5000,0.00591479500912754
"quad","0.05",500,10,0.1,"Xie",0.8382,0.8584,0.0809,5000,0.00520808525275845
"quad","0.1",500,10,0.01,"DEF.poly2",0.9856,0.9834,0.0091,5000,0.00168479316237929
"quad","0.1",500,10,0.05,"DEF.poly2",0.9966,0.9954,0.0525,5000,0.000823218075603295
"quad","0.1",500,10,0.1,"DEF.poly2",0.9986,0.9984,0.0975,5000,0.000528779727296718
"quad","0.1",500,10,0.01,"DEF.poly3",0.98,0.9804,0.0084,5000,0.00197989898732233
"quad","0.1",500,10,0.05,"DEF.poly3",0.9938,0.9936,0.0481,5000,0.00111009549138801
"quad","0.1",500,10,0.1,"DEF.poly3",0.9974,0.9966,0.1017,5000,0.000720172201629589
"quad","0.1",500,10,0.01,"DEF.stukel",0.9848,0.9848,0.0099,5000,0.00173025778426222
"quad","0.1",500,10,0.05,"DEF.stukel",0.9954,0.996,0.0466,5000,0.000956957679315031
"quad","0.1",500,10,0.1,"DEF.stukel",0.9974,0.9974,0.0959,5000,0.000720172201629589
"quad","0.1",500,10,0.01,"EF",0.897,0.8978,0.0096,5000,0.00429862768799532
"quad","0.1",500,10,0.05,"EF",0.9486,0.9494,0.0481,5000,0.00312275647465504
"quad","0.1",500,10,0.1,"EF",0.9696,0.9696,0.0996,5000,0.00242799670510485
"quad","0.1",500,10,0.01,"HL",0.9576,0.9578,0.0098,5000,0.00284963997726029
"quad","0.1",500,10,0.05,"HL",0.985,0.9854,0.0476,5000,0.00171901134376711
"quad","0.1",500,10,0.1,"HL",0.9916,0.9916,0.1003,5000,0.00129069283720024
"quad","0.1",500,10,0.01,"HL-equalwidth",0.6144,0.6778,0.0093,5000,0.00688349678579136
"quad","0.1",500,10,0.05,"HL-equalwidth",0.8094,0.8494,0.0499,5000,0.00555466722675625
"quad","0.1",500,10,0.1,"HL-equalwidth",0.8814,0.9124,0.1015,5000,0.004572396308283
"quad","0.1",500,10,0.01,"Pigeon-Heyse",0.9434,0.958,0.0055,5000,0.00326791799162708
"quad","0.1",500,10,0.05,"Pigeon-Heyse",0.9772,0.9854,0.0286,5000,0.00211093154791907
"quad","0.1",500,10,0.1,"Pigeon-Heyse",0.9886,0.9916,0.0633,5000,0.00150133540556399
"quad","0.1",500,10,0.01,"Stukel",0.996,0.9904,0.0227,5000,0.000892636544176856
"quad","0.1",500,10,0.05,"Stukel",0.9982,0.9974,0.07,5000,0.000599459756781058
"quad","0.1",500,10,0.1,"Stukel",0.9994,0.999,0.1138,5000,0.000346306222872199
"quad","0.1",500,10,0.01,"Tsiatis",0.9546,0.9566,0.0083,5000,0.00294410733499986
"quad","0.1",500,10,0.05,"Tsiatis",0.982,0.9826,0.049,5000,0.00188021275391909
"quad","0.1",500,10,0.1,"Tsiatis",0.9914,0.9916,0.0967,5000,0.00130583613060752
"quad","0.1",500,10,0.01,"Xie",0.954,0.9632,0.0061,5000,0.00296256645495084
"quad","0.1",500,10,0.05,"Xie",0.9826,0.9858,0.0389,5000,0.00184917495116065
"quad","0.1",500,10,0.1,"Xie",0.9902,0.9918,0.0809,5000,0.0013931231101378
"quad","0.2",500,10,0.01,"DEF.poly2",1,1,0.0091,5000,0
"quad","0.2",500,10,0.05,"DEF.poly2",1,1,0.0525,5000,0
"quad","0.2",500,10,0.1,"DEF.poly2",1,1,0.0975,5000,0
"quad","0.2",500,10,0.01,"DEF.poly3",1,1,0.0084,5000,0
"quad","0.2",500,10,0.05,"DEF.poly3",1,1,0.0481,5000,0
"quad","0.2",500,10,0.1,"DEF.poly3",1,1,0.1017,5000,0
"quad","0.2",500,10,0.01,"DEF.stukel",1,1,0.0099,5000,0
"quad","0.2",500,10,0.05,"DEF.stukel",1,1,0.0466,5000,0
"quad","0.2",500,10,0.1,"DEF.stukel",1,1,0.0959,5000,0
"quad","0.2",500,10,0.01,"EF",0.998,0.9982,0.0096,5000,0.000631822759957253
"quad","0.2",500,10,0.05,"EF",1,1,0.0481,5000,0
"quad","0.2",500,10,0.1,"EF",1,1,0.0996,5000,0
"quad","0.2",500,10,0.01,"HL",1,1,0.0098,5000,0
"quad","0.2",500,10,0.05,"HL",1,1,0.0476,5000,0
"quad","0.2",500,10,0.1,"HL",1,1,0.1003,5000,0
"quad","0.2",500,10,0.01,"HL-equalwidth",0.9536,0.9602,0.0093,5000,0.00297479545515318
"quad","0.2",500,10,0.05,"HL-equalwidth",0.9868,0.9892,0.0499,5000,0.00161404832641405
"quad","0.2",500,10,0.1,"HL-equalwidth",0.9938,0.9942,0.1015,5000,0.00111009549138801
"quad","0.2",500,10,0.01,"Pigeon-Heyse",0.9998,1,0.0055,5000,0.000199979998999889
"quad","0.2",500,10,0.05,"Pigeon-Heyse",1,1,0.0286,5000,0
"quad","0.2",500,10,0.1,"Pigeon-Heyse",1,1,0.0633,5000,0
"quad","0.2",500,10,0.01,"Stukel",1,1,0.0227,5000,0
"quad","0.2",500,10,0.05,"Stukel",1,1,0.07,5000,0
"quad","0.2",500,10,0.1,"Stukel",1,1,0.1138,5000,0
"quad","0.2",500,10,0.01,"Tsiatis",1,1,0.0083,5000,0
"quad","0.2",500,10,0.05,"Tsiatis",1,1,0.049,5000,0
"quad","0.2",500,10,0.1,"Tsiatis",1,1,0.0967,5000,0
"quad","0.2",500,10,0.01,"Xie",1,1,0.0061,5000,0
"quad","0.2",500,10,0.05,"Xie",1,1,0.0389,5000,0
"quad","0.2",500,10,0.1,"Xie",1,1,0.0809,5000,0
"quad","0.4",500,10,0.01,"DEF.poly2",1,1,0.0091,5000,0
"quad","0.4",500,10,0.05,"DEF.poly2",1,1,0.0525,5000,0
"quad","0.4",500,10,0.1,"DEF.poly2",1,1,0.0975,5000,0
"quad","0.4",500,10,0.01,"DEF.poly3",1,1,0.0084,5000,0
"quad","0.4",500,10,0.05,"DEF.poly3",1,1,0.0481,5000,0
"quad","0.4",500,10,0.1,"DEF.poly3",1,1,0.1017,5000,0
"quad","0.4",500,10,0.01,"DEF.stukel",1,1,0.0099,5000,0
"quad","0.4",500,10,0.05,"DEF.stukel",1,1,0.0466,5000,0
"quad","0.4",500,10,0.1,"DEF.stukel",1,1,0.0959,5000,0
"quad","0.4",500,10,0.01,"EF",1,1,0.0096,5000,0
"quad","0.4",500,10,0.05,"EF",1,1,0.0481,5000,0
"quad","0.4",500,10,0.1,"EF",1,1,0.0996,5000,0
"quad","0.4",500,10,0.01,"HL",1,1,0.0098,5000,0
"quad","0.4",500,10,0.05,"HL",1,1,0.0476,5000,0
"quad","0.4",500,10,0.1,"HL",1,1,0.1003,5000,0
"quad","0.4",500,10,0.01,"HL-equalwidth",1,1,0.0093,5000,0
"quad","0.4",500,10,0.05,"HL-equalwidth",1,1,0.0499,5000,0
"quad","0.4",500,10,0.1,"HL-equalwidth",1,1,0.1015,5000,0
"quad","0.4",500,10,0.01,"Pigeon-Heyse",1,1,0.0055,5000,0
"quad","0.4",500,10,0.05,"Pigeon-Heyse",1,1,0.0286,5000,0
"quad","0.4",500,10,0.1,"Pigeon-Heyse",1,1,0.0633,5000,0
"quad","0.4",500,10,0.01,"Stukel",1,1,0.0227,5000,0
"quad","0.4",500,10,0.05,"Stukel",1,1,0.07,5000,0
"quad","0.4",500,10,0.1,"Stukel",1,1,0.1138,5000,0
"quad","0.4",500,10,0.01,"Tsiatis",1,1,0.0083,5000,0
"quad","0.4",500,10,0.05,"Tsiatis",1,1,0.049,5000,0
"quad","0.4",500,10,0.1,"Tsiatis",1,1,0.0967,5000,0
"quad","0.4",500,10,0.01,"Xie",1,1,0.0061,5000,0
"quad","0.4",500,10,0.05,"Xie",1,1,0.0389,5000,0
"quad","0.4",500,10,0.1,"Xie",1,1,0.0809,5000,0
"quad","0.01",1000,10,0.01,"DEF.poly2",0.03,0.025,0.0081,5000,0.00241246761636296
"quad","0.01",1000,10,0.05,"DEF.poly2",0.0998,0.0846,0.0522,5000,0.00423886682970815
"quad","0.01",1000,10,0.1,"DEF.poly2",0.1708,0.1518,0.1026,5000,0.00532216797931069
"quad","0.01",1000,10,0.01,"DEF.poly3",0.023,0.0194,0.0112,5000,0.00211995282966391
"quad","0.01",1000,10,0.05,"DEF.poly3",0.0834,0.0732,0.0501,5000,0.00391010076596499
"quad","0.01",1000,10,0.1,"DEF.poly3",0.1478,0.1302,0.1027,5000,0.00501906684554012
"quad","0.01",1000,10,0.01,"DEF.stukel",0.035,0.0328,0.0133,5000,0.00259903828367341
"quad","0.01",1000,10,0.05,"DEF.stukel",0.0918,0.1044,0.0486,5000,0.0040834485425924
"quad","0.01",1000,10,0.1,"DEF.stukel",0.1496,0.1654,0.1022,5000,0.00504420142341679
"quad","0.01",1000,10,0.01,"EF",0.0182,0.0158,0.0116,5000,0.00189043698651925
"quad","0.01",1000,10,0.05,"EF",0.0644,0.0624,0.0525,5000,0.00347138704266753
"quad","0.01",1000,10,0.1,"EF",0.1186,0.1114,0.1071,5000,0.004572396308283
"quad","0.01",1000,10,0.01,"HL",0.0238,0.0216,0.0117,5000,0.00215562334372218
"quad","0.01",1000,10,0.05,"HL",0.081,0.0768,0.0526,5000,0.00385847119984068
"quad","0.01",1000,10,0.1,"HL",0.1422,0.136,0.1062,5000,0.0049392137026049
"quad","0.01",1000,10,0.01,"HL-equalwidth",0.0108,0.031,0.0108,5000,0.00146173595426807
"quad","0.01",1000,10,0.05,"HL-equalwidth",0.055,0.1344,0.05,5000,0.0032241277890307
"quad","0.01",1000,10,0.1,"HL-equalwidth",0.1068,0.2382,0.1005,5000,0.00436792307624573
"quad","0.01",1000,10,0.01,"Pigeon-Heyse",0.017,0.0226,0.0068,5000,0.00182816848238886
"quad","0.01",1000,10,0.05,"Pigeon-Heyse",0.058,0.0784,0.0332,5000,0.00330563155841664
"quad","0.01",1000,10,0.1,"Pigeon-Heyse",0.102,0.137,0.0695,5000,0.00428009345692357
"quad","0.01",1000,10,0.01,"Stukel",0.0558,0.0322,0.0221,5000,0.00324611644892786
"quad","0.01",1000,10,0.05,"Stukel",0.1314,0.0948,0.0732,5000,0.00477774088874648
"quad","0.01",1000,10,0.1,"Stukel",0.1978,0.171,0.1168,5000,0.00563338548299333
"quad","0.01",1000,10,0.01,"Tsiatis",0.0218,0.0252,0.0087,5000,0.00206517602155361
"quad","0.01",1000,10,0.05,"Tsiatis",0.0826,0.083,0.0492,5000,0.00389299987156434
"quad","0.01",1000,10,0.1,"Tsiatis",0.1448,0.1448,0.1,5000,0.00497660446489371
"quad","0.01",1000,10,0.01,"Xie",0.0216,0.0252,0.0073,5000,0.00205589104769684
"quad","0.01",1000,10,0.05,"Xie",0.0696,0.08,0.0425,5000,0.00359877312427444
"quad","0.01",1000,10,0.1,"Xie",0.1204,0.1404,0.0843,5000,0.00460225683768301
"quad","0.02",1000,10,0.01,"DEF.poly2",0.3968,0.3828,0.0081,5000,0.00691881145862496
"quad","0.02",1000,10,0.05,"DEF.poly2",0.62,0.583,0.0522,5000,0.00686440092069221
"quad","0.02",1000,10,0.1,"DEF.poly2",0.7244,0.7016,0.1026,5000,0.00631893408732834
"quad","0.02",1000,10,0.01,"DEF.poly3",0.312,0.2836,0.0112,5000,0.00655219047342185
"quad","0.02",1000,10,0.05,"DEF.poly3",0.5302,0.5116,0.0501,5000,0.007058157833316
"quad","0.02",1000,10,0.1,"DEF.poly3",0.6394,0.6222,0.1027,5000,0.00679069422077007
"quad","0.02",1000,10,0.01,"DEF.stukel",0.354,0.3308,0.0133,5000,0.00676289878676297
"quad","0.02",1000,10,0.05,"DEF.stukel",0.539,0.554,0.0486,5000,0.00704952480668023
"quad","0.02",1000,10,0.1,"DEF.stukel",0.6346,0.6434,0.1022,5000,0.00681003436114679
"quad","0.02",1000,10,0.01,"EF",0.1654,0.1578,0.0116,5000,0.00525438559681339
"quad","0.02",1000,10,0.05,"EF",0.3176,0.3096,0.0525,5000,0.00658377156347333
"quad","0.02",1000,10,0.1,"EF",0.423,0.4112,0.1071,5000,0.00698671596674718
"quad","0.02",1000,10,0.01,"HL",0.2344,0.224,0.0117,5000,0.00599093715540399
"quad","0.02",1000,10,0.05,"HL",0.411,0.4026,0.0526,5000,0.00695814630487172
"quad","0.02",1000,10,0.1,"HL",0.5292,0.5178,0.1062,5000,0.00705899936251591
"quad","0.02",1000,10,0.01,"HL-equalwidth",0.0734,0.1388,0.0108,5000,0.00368815509435273
"quad","0.02",1000,10,0.05,"HL-equalwidth",0.2026,0.3556,0.05,5000,0.00568424559638304
"quad","0.02",1000,10,0.1,"HL-equalwidth",0.319,0.4948,0.1005,5000,0.0065914945194546
"quad","0.02",1000,10,0.01,"Pigeon-Heyse",0.1934,0.2258,0.0068,5000,0.00558563228292017
"quad","0.02",1000,10,0.05,"Pigeon-Heyse",0.3536,0.4048,0.0332,5000,0.00676116912966981
"quad","0.02",1000,10,0.1,"Pigeon-Heyse",0.4558,0.5192,0.0695,5000,0.00704338498166897
"quad","0.02",1000,10,0.01,"Stukel",0.5234,0.4322,0.0221,5000,0.0070633198993108
"quad","0.02",1000,10,0.05,"Stukel",0.695,0.625,0.0732,5000,0.00651114429267237
"quad","0.02",1000,10,0.1,"Stukel",0.7672,0.7432,0.1168,5000,0.00597669072313433
"quad","0.02",1000,10,0.01,"Tsiatis",0.224,0.239,0.0087,5000,0.00589616824726025
"quad","0.02",1000,10,0.05,"Tsiatis",0.404,0.4052,0.0492,5000,0.00693951006916194
"quad","0.02",1000,10,0.1,"Tsiatis",0.5192,0.5194,0.1,5000,0.00706585253171901
"quad","0.02",1000,10,0.01,"Xie",0.2138,0.232,0.0073,5000,0.00579809554940241
"quad","0.02",1000,10,0.05,"Xie",0.3824,0.4072,0.0425,5000,0.00687270310722062
"quad","0.02",1000,10,0.1,"Xie",0.4916,0.526,0.0843,5000,0.00707006987235628
"quad","0.03",1000,10,0.01,"DEF.poly2",0.7676,0.76,0.0081,5000,0.00597311041250704
"quad","0.03",1000,10,0.05,"DEF.poly2",0.8976,0.885,0.0522,5000,0.00428752236145772
"quad","0.03",1000,10,0.1,"DEF.poly2",0.9384,0.9314,0.1026,5000,0.00340015999623547
"quad","0.03",1000,10,0.01,"DEF.poly3",0.6952,0.6686,0.0112,5000,0.00650994562189271
"quad","0.03",1000,10,0.05,"DEF.poly3",0.8506,0.8392,0.0501,5000,0.00504142122818556
"quad","0.03",1000,10,0.1,"DEF.poly3",0.9086,0.8994,0.1027,5000,0.00407543960818953
"quad","0.03",1000,10,0.01,"DEF.stukel",0.7234,0.701,0.0133,5000,0.00632601675622188
"quad","0.03",1000,10,0.05,"DEF.stukel",0.8604,0.8678,0.0486,5000,0.00490126187833297
"quad","0.03",1000,10,0.1,"DEF.stukel",0.9044,0.9078,0.1022,5000,0.00415838045397484
"quad","0.03",1000,10,0.01,"EF",0.4478,0.437,0.0116,5000,0.00703242717701364
"quad","0.03",1000,10,0.05,"EF",0.6384,0.6332,0.0525,5000,0.00679478388177284
"quad","0.03",1000,10,0.1,"EF",0.7366,0.7274,0.1071,5000,0.00622929273673986
"quad","0.03",1000,10,0.01,"HL",0.5736,0.558,0.0117,5000,0.00699404089207377
"quad","0.03",1000,10,0.05,"HL",0.751,0.7466,0.0526,5000,0.0061155375887979
"quad","0.03",1000,10,0.1,"HL",0.8284,0.822,0.1062,5000,0.00533204351070019
"quad","0.03",1000,10,0.01,"HL-equalwidth",0.2352,0.333,0.0108,5000,0.00599801567187016
"quad","0.03",1000,10,0.05,"HL-equalwidth",0.4586,0.591,0.05,5000,0.00704678706929619
"quad","0.03",1000,10,0.1,"HL-equalwidth",0.587,0.7082,0.1005,5000,0.00696320328584481
"quad","0.03",1000,10,0.01,"Pigeon-Heyse",0.513,0.5598,0.0068,5000,0.00706867738689495
"quad","0.03",1000,10,0.05,"Pigeon-Heyse",0.7,0.7476,0.0332,5000,0.00648074069840786
"quad","0.03",1000,10,0.1,"Pigeon-Heyse",0.7822,0.8234,0.0695,5000,0.00583717671481685
"quad","0.03",1000,10,0.01,"Stukel",0.8604,0.8112,0.0221,5000,0.00490126187833297
"quad","0.03",1000,10,0.05,"Stukel",0.9318,0.9084,0.0732,5000,0.00356507391227728
"quad","0.03",1000,10,0.1,"Stukel",0.954,0.9478,0.1168,5000,0.00296256645495084
"quad","0.03",1000,10,0.01,"Tsiatis",0.5566,0.5712,0.0087,5000,0.00702561655657352
"quad","0.03",1000,10,0.05,"Tsiatis",0.737,0.7382,0.0492,5000,0.00622625087833762
"quad","0.03",1000,10,0.1,"Tsiatis",0.823,0.8232,0.1,5000,0.00539761058247073
"quad","0.03",1000,10,0.01,"Xie",0.541,0.5668,0.0073,5000,0.00704725478466615
"quad","0.03",1000,10,0.05,"Xie",0.7224,0.7396,0.0425,5000,0.00633305992392303
"quad","0.03",1000,10,0.1,"Xie",0.8076,0.8266,0.0843,5000,0.00557462536857859
"quad","0.05",1000,10,0.01,"DEF.poly2",0.9814,0.9792,0.0081,5000,0.0019107087690174
"quad","0.05",1000,10,0.05,"DEF.poly2",0.9944,0.994,0.0522,5000,0.00105533312276267
"quad","0.05",1000,10,0.1,"DEF.poly2",0.9984,0.9972,0.1026,5000,0.00056523269544499
"quad","0.05",1000,10,0.01,"DEF.poly3",0.9686,0.9626,0.0112,5000,0.00246633493264804
"quad","0.05",1000,10,0.05,"DEF.poly3",0.992,0.991,0.0501,5000,0.00125984125984189
"quad","0.05",1000,10,0.1,"DEF.poly3",0.9962,0.9956,0.1027,5000,0.000870121830550185
"quad","0.05",1000,10,0.01,"DEF.stukel",0.9702,0.965,0.0133,5000,0.00240466047499434
"quad","0.05",1000,10,0.05,"DEF.stukel",0.9886,0.9894,0.0486,5000,0.00150133540556399
"quad","0.05",1000,10,0.1,"DEF.stukel",0.9946,0.9948,0.1022,5000,0.00103642076397571
"quad","0.05",1000,10,0.01,"EF",0.8706,0.8654,0.0116,5000,0.00474669653548655
"quad","0.05",1000,10,0.05,"EF",0.9478,0.9466,0.0525,5000,0.00314563697841948
"quad","0.05",1000,10,0.1,"EF",0.969,0.9678,0.1071,5000,0.00245108139399735
"quad","0.05",1000,10,0.01,"HL",0.9338,0.9286,0.0117,5000,0.00351617860752266
"quad","0.05",1000,10,0.05,"HL",0.9758,0.975,0.0526,5000,0.00217321697030002
"quad","0.05",1000,10,0.1,"HL",0.9864,0.986,0.1062,5000,0.00163798901095215
"quad","0.05",1000,10,0.01,"HL-equalwidth",0.6164,0.6804,0.0108,5000,0.0068767876221387
"quad","0.05",1000,10,0.05,"HL-equalwidth",0.8066,0.8676,0.05,5000,0.00558563228292017
"quad","0.05",1000,10,0.1,"HL-equalwidth",0.8844,0.9268,0.1005,5000,0.00452187217864459
"quad","0.05",1000,10,0.01,"Pigeon-Heyse",0.9112,0.9294,0.0068,5000,0.00402279902555422
"quad","0.05",1000,10,0.05,"Pigeon-Heyse",0.9674,0.975,0.0332,5000,0.00251146331846595
"quad","0.05",1000,10,0.1,"Pigeon-Heyse",0.9806,0.9862,0.0695,5000,0.00195057119839292
"quad","0.05",1000,10,0.01,"Stukel",0.9934,0.9878,0.0221,5000,0.00114511484140239
"quad","0.05",1000,10,0.05,"Stukel",0.998,0.9964,0.0732,5000,0.000631822759957253
"quad","0.05",1000,10,0.1,"Stukel",0.999,0.9988,0.1168,5000,0.00044698993277254
"quad","0.05",1000,10,0.01,"Tsiatis",0.9218,0.9276,0.0087,5000,0.00379696615734194
"quad","0.05",1000,10,0.05,"Tsiatis",0.974,0.9742,0.0492,5000,0.00225051105307217
"quad","0.05",1000,10,0.1,"Tsiatis",0.9846,0.9846,0.1,5000,0.00174142700105402
"quad","0.05",1000,10,0.01,"Xie",0.9176,0.9276,0.0073,5000,0.00388870775451177
"quad","0.05",1000,10,0.05,"Xie",0.9712,0.9748,0.0425,5000,0.00236518751899295
"quad","0.05",1000,10,0.1,"Xie",0.9844,0.9862,0.0843,5000,0.0017525204706365
"quad","0.1",1000,10,0.01,"DEF.poly2",1,1,0.0081,5000,0
"quad","0.1",1000,10,0.05,"DEF.poly2",1,1,0.0522,5000,0
"quad","0.1",1000,10,0.1,"DEF.poly2",1,1,0.1026,5000,0
"quad","0.1",1000,10,0.01,"DEF.poly3",1,1,0.0112,5000,0
"quad","0.1",1000,10,0.05,"DEF.poly3",1,1,0.0501,5000,0
"quad","0.1",1000,10,0.1,"DEF.poly3",1,1,0.1027,5000,0
"quad","0.1",1000,10,0.01,"DEF.stukel",0.9998,0.9998,0.0133,5000,0.000199979998999889
"quad","0.1",1000,10,0.05,"DEF.stukel",1,1,0.0486,5000,0
"quad","0.1",1000,10,0.1,"DEF.stukel",1,1,0.1022,5000,0
"quad","0.1",1000,10,0.01,"EF",0.9984,0.9982,0.0116,5000,0.00056523269544499
"quad","0.1",1000,10,0.05,"EF",0.9998,0.9998,0.0525,5000,0.000199979998999889
"quad","0.1",1000,10,0.1,"EF",1,0.9998,0.1071,5000,0
"quad","0.1",1000,10,0.01,"HL",0.9996,0.9996,0.0117,5000,0.000282786138274123
"quad","0.1",1000,10,0.05,"HL",1,1,0.0526,5000,0
"quad","0.1",1000,10,0.1,"HL",1,1,0.1062,5000,0
"quad","0.1",1000,10,0.01,"HL-equalwidth",0.963,0.9734,0.0108,5000,0.00266949433413896
"quad","0.1",1000,10,0.05,"HL-equalwidth",0.991,0.9952,0.05,5000,0.00133558975737312
"quad","0.1",1000,10,0.1,"HL-equalwidth",0.9968,0.9988,0.1005,5000,0.000798718974358313
"quad","0.1",1000,10,0.01,"Pigeon-Heyse",0.9996,0.9996,0.0068,5000,0.000282786138274123
"quad","0.1",1000,10,0.05,"Pigeon-Heyse",1,1,0.0332,5000,0
"quad","0.1",1000,10,0.1,"Pigeon-Heyse",1,1,0.0695,5000,0
"quad","0.1",1000,10,0.01,"Stukel",1,1,0.0221,5000,0
"quad","0.1",1000,10,0.05,"Stukel",1,1,0.0732,5000,0
"quad","0.1",1000,10,0.1,"Stukel",1,1,0.1168,5000,0
"quad","0.1",1000,10,0.01,"Tsiatis",0.9996,0.9998,0.0087,5000,0.000282786138274123
"quad","0.1",1000,10,0.05,"Tsiatis",0.9998,0.9998,0.0492,5000,0.000199979998999889
"quad","0.1",1000,10,0.1,"Tsiatis",1,1,0.1,5000,0
"quad","0.1",1000,10,0.01,"Xie",0.9996,0.9996,0.0073,5000,0.000282786138274123
"quad","0.1",1000,10,0.05,"Xie",0.9998,0.9998,0.0425,5000,0.000199979998999889
"quad","0.1",1000,10,0.1,"Xie",1,1,0.0843,5000,0
"quad","0.2",1000,10,0.01,"DEF.poly2",1,1,0.0081,5000,0
"quad","0.2",1000,10,0.05,"DEF.poly2",1,1,0.0522,5000,0
"quad","0.2",1000,10,0.1,"DEF.poly2",1,1,0.1026,5000,0
"quad","0.2",1000,10,0.01,"DEF.poly3",1,1,0.0112,5000,0
"quad","0.2",1000,10,0.05,"DEF.poly3",1,1,0.0501,5000,0
"quad","0.2",1000,10,0.1,"DEF.poly3",1,1,0.1027,5000,0
"quad","0.2",1000,10,0.01,"DEF.stukel",1,1,0.0133,5000,0
"quad","0.2",1000,10,0.05,"DEF.stukel",1,1,0.0486,5000,0
"quad","0.2",1000,10,0.1,"DEF.stukel",1,1,0.1022,5000,0
"quad","0.2",1000,10,0.01,"EF",1,1,0.0116,5000,0
"quad","0.2",1000,10,0.05,"EF",1,1,0.0525,5000,0
"quad","0.2",1000,10,0.1,"EF",1,1,0.1071,5000,0
"quad","0.2",1000,10,0.01,"HL",1,1,0.0117,5000,0
"quad","0.2",1000,10,0.05,"HL",1,1,0.0526,5000,0
"quad","0.2",1000,10,0.1,"HL",1,1,0.1062,5000,0
"quad","0.2",1000,10,0.01,"HL-equalwidth",1,1,0.0108,5000,0
"quad","0.2",1000,10,0.05,"HL-equalwidth",1,1,0.05,5000,0
"quad","0.2",1000,10,0.1,"HL-equalwidth",1,1,0.1005,5000,0
"quad","0.2",1000,10,0.01,"Pigeon-Heyse",1,1,0.0068,5000,0
"quad","0.2",1000,10,0.05,"Pigeon-Heyse",1,1,0.0332,5000,0
"quad","0.2",1000,10,0.1,"Pigeon-Heyse",1,1,0.0695,5000,0
"quad","0.2",1000,10,0.01,"Stukel",1,1,0.0221,5000,0
"quad","0.2",1000,10,0.05,"Stukel",1,1,0.0732,5000,0
"quad","0.2",1000,10,0.1,"Stukel",1,1,0.1168,5000,0
"quad","0.2",1000,10,0.01,"Tsiatis",1,1,0.0087,5000,0
"quad","0.2",1000,10,0.05,"Tsiatis",1,1,0.0492,5000,0
"quad","0.2",1000,10,0.1,"Tsiatis",1,1,0.1,5000,0
"quad","0.2",1000,10,0.01,"Xie",1,1,0.0073,5000,0
"quad","0.2",1000,10,0.05,"Xie",1,1,0.0425,5000,0
"quad","0.2",1000,10,0.1,"Xie",1,1,0.0843,5000,0
"quad","0.4",1000,10,0.01,"DEF.poly2",1,1,0.0081,5000,0
"quad","0.4",1000,10,0.05,"DEF.poly2",1,1,0.0522,5000,0
"quad","0.4",1000,10,0.1,"DEF.poly2",1,1,0.1026,5000,0
"quad","0.4",1000,10,0.01,"DEF.poly3",1,1,0.0112,5000,0
"quad","0.4",1000,10,0.05,"DEF.poly3",1,1,0.0501,5000,0
"quad","0.4",1000,10,0.1,"DEF.poly3",1,1,0.1027,5000,0
"quad","0.4",1000,10,0.01,"DEF.stukel",1,1,0.0133,5000,0
"quad","0.4",1000,10,0.05,"DEF.stukel",1,1,0.0486,5000,0
"quad","0.4",1000,10,0.1,"DEF.stukel",1,1,0.1022,5000,0
"quad","0.4",1000,10,0.01,"EF",1,1,0.0116,5000,0
"quad","0.4",1000,10,0.05,"EF",1,1,0.0525,5000,0
"quad","0.4",1000,10,0.1,"EF",1,1,0.1071,5000,0
"quad","0.4",1000,10,0.01,"HL",1,1,0.0117,5000,0
"quad","0.4",1000,10,0.05,"HL",1,1,0.0526,5000,0
"quad","0.4",1000,10,0.1,"HL",1,1,0.1062,5000,0
"quad","0.4",1000,10,0.01,"HL-equalwidth",1,1,0.0108,5000,0
"quad","0.4",1000,10,0.05,"HL-equalwidth",1,1,0.05,5000,0
"quad","0.4",1000,10,0.1,"HL-equalwidth",1,1,0.1005,5000,0
"quad","0.4",1000,10,0.01,"Pigeon-Heyse",1,1,0.0068,5000,0
"quad","0.4",1000,10,0.05,"Pigeon-Heyse",1,1,0.0332,5000,0
"quad","0.4",1000,10,0.1,"Pigeon-Heyse",1,1,0.0695,5000,0
"quad","0.4",1000,10,0.01,"Stukel",1,1,0.0221,5000,0
"quad","0.4",1000,10,0.05,"Stukel",1,1,0.0732,5000,0
"quad","0.4",1000,10,0.1,"Stukel",1,1,0.1168,5000,0
"quad","0.4",1000,10,0.01,"Tsiatis",1,1,0.0087,5000,0
"quad","0.4",1000,10,0.05,"Tsiatis",1,1,0.0492,5000,0
"quad","0.4",1000,10,0.1,"Tsiatis",1,1,0.1,5000,0
"quad","0.4",1000,10,0.01,"Xie",1,1,0.0073,5000,0
"quad","0.4",1000,10,0.05,"Xie",1,1,0.0425,5000,0
"quad","0.4",1000,10,0.1,"Xie",1,1,0.0843,5000,0
"quad","0.01",2000,10,0.01,"DEF.poly2",0.0578,0.0486,0.0091,5000,0.00330027756408457
"quad","0.01",2000,10,0.05,"DEF.poly2",0.165,0.1536,0.0464,5000,0.00524928566568824
"quad","0.01",2000,10,0.1,"DEF.poly2",0.2558,0.2372,0.097,5000,0.00617035428480407
"quad","0.01",2000,10,0.01,"DEF.poly3",0.0418,0.0368,0.0096,5000,0.00283029185774188
"quad","0.01",2000,10,0.05,"DEF.poly3",0.1286,0.1204,0.0465,5000,0.0047341744792519
"quad","0.01",2000,10,0.1,"DEF.poly3",0.2062,0.2028,0.0933,5000,0.00572156552003034
"quad","0.01",2000,10,0.01,"DEF.stukel",0.053,0.0568,0.0111,5000,0.00316831185333767
"quad","0.01",2000,10,0.05,"DEF.stukel",0.1336,0.1644,0.0441,5000,0.0048114663045687
"quad","0.01",2000,10,0.1,"DEF.stukel",0.216,0.2512,0.0925,5000,0.00581969071343143
"quad","0.01",2000,10,0.01,"EF",0.027,0.0248,0.0109,5000,0.00229220417938717
"quad","0.01",2000,10,0.05,"EF",0.0826,0.0802,0.0518,5000,0.00389299987156434
"quad","0.01",2000,10,0.1,"EF",0.1462,0.1454,0.1013,5000,0.00499650998197742
"quad","0.01",2000,10,0.01,"HL",0.0316,0.0308,0.0109,5000,0.00247392158323581
"quad","0.01",2000,10,0.05,"HL",0.102,0.0994,0.0519,5000,0.00428009345692357
"quad","0.01",2000,10,0.1,"HL",0.1754,0.1738,0.1013,5000,0.00537837968165134
"quad","0.01",2000,10,0.01,"HL-equalwidth",0.0132,0.0448,0.0099,5000,0.00161404832641405
"quad","0.01",2000,10,0.05,"HL-equalwidth",0.0678,0.1626,0.0498,5000,0.00355536664775941
"quad","0.01",2000,10,0.1,"HL-equalwidth",0.1276,0.271,0.0997,5000,0.00471843702935623
"quad","0.01",2000,10,0.01,"Pigeon-Heyse",0.024,0.031,0.0066,5000,0.00216443988135499
"quad","0.01",2000,10,0.05,"Pigeon-Heyse",0.0728,0.1006,0.0326,5000,0.00367423896882062
"quad","0.01",2000,10,0.1,"Pigeon-Heyse",0.1264,0.1766,0.0688,5000,0.00469942634797057
"quad","0.01",2000,10,0.01,"Stukel",0.104,0.064,0.0207,5000,0.00431703602023425
"quad","0.01",2000,10,0.05,"Stukel",0.2136,0.1786,0.0669,5000,0.00579612008157181
"quad","0.01",2000,10,0.1,"Stukel",0.2822,0.2692,0.1086,5000,0.00636495341695444
"quad","0.01",2000,10,0.01,"Tsiatis",0.0326,0.0354,0.0094,5000,0.00251146331846595
"quad","0.01",2000,10,0.05,"Tsiatis",0.1002,0.104,0.0478,5000,0.00424640930669666
"quad","0.01",2000,10,0.1,"Tsiatis",0.173,0.176,0.0989,5000,0.0053492242428225
"quad","0.01",2000,10,0.01,"Xie",0.0252,0.0324,0.0073,5000,0.00221652701314466
"quad","0.01",2000,10,0.05,"Xie",0.0888,0.1032,0.04,5000,0.00402279902555422
"quad","0.01",2000,10,0.1,"Xie",0.1528,0.1842,0.0799,5000,0.00508826414408686
"quad","0.02",2000,10,0.01,"DEF.poly2",0.7332,0.71,0.0091,5000,0.00625488225308838
"quad","0.02",2000,10,0.05,"DEF.poly2",0.8902,0.88,0.0464,5000,0.00442140158773211
"quad","0.02",2000,10,0.1,"DEF.poly2",0.936,0.928,0.097,5000,0.00346132922444543
"quad","0.02",2000,10,0.01,"DEF.poly3",0.6382,0.6214,0.0096,5000,0.00679559798693242
"quad","0.02",2000,10,0.05,"DEF.poly3",0.8162,0.8092,0.0465,5000,0.00547754616593964
"quad","0.02",2000,10,0.1,"DEF.poly3",0.8884,0.8862,0.0933,5000,0.00445298641363299
"quad","0.02",2000,10,0.01,"DEF.stukel",0.6524,0.6558,0.0111,5000,0.00673460080479905
"quad","0.02",2000,10,0.05,"DEF.stukel",0.8152,0.8352,0.0441,5000,0.00548906112190418
"quad","0.02",2000,10,0.1,"DEF.stukel",0.879,0.895,0.0925,5000,0.00461213616451206
"quad","0.02",2000,10,0.01,"EF",0.4066,0.397,0.0109,5000,0.00694660262286537
"quad","0.02",2000,10,0.05,"EF",0.614,0.61,0.0518,5000,0.00688482389026764
"quad","0.02",2000,10,0.1,"EF",0.7116,0.7098,0.1013,5000,0.0064066440512955
"quad","0.02",2000,10,0.01,"HL",0.4916,0.4808,0.0109,5000,0.00707006987235628
"quad","0.02",2000,10,0.05,"HL",0.6894,0.6852,0.0519,5000,0.00654412163701134
"quad","0.02",2000,10,0.1,"HL",0.776,0.7736,0.1013,5000,0.00589616824726025
"quad","0.02",2000,10,0.01,"HL-equalwidth",0.2204,0.3688,0.0099,5000,0.00586214704694449
"quad","0.02",2000,10,0.05,"HL-equalwidth",0.4484,0.6222,0.0498,5000,0.00703331273298721
"quad","0.02",2000,10,0.1,"HL-equalwidth",0.5774,0.7394,0.0997,5000,0.00698583194759221
"quad","0.02",2000,10,0.01,"Pigeon-Heyse",0.4276,0.4834,0.0066,5000,0.00699654543328349
"quad","0.02",2000,10,0.05,"Pigeon-Heyse",0.6294,0.6868,0.0326,5000,0.00683016310200569
"quad","0.02",2000,10,0.1,"Pigeon-Heyse",0.7212,0.776,0.0688,5000,0.00634145976885449
"quad","0.02",2000,10,0.01,"Stukel",0.8398,0.7724,0.0207,5000,0.00518721428128818
"quad","0.02",2000,10,0.05,"Stukel",0.9262,0.9078,0.0669,5000,0.00369739259478893
"quad","0.02",2000,10,0.1,"Stukel",0.9528,0.9492,0.1086,5000,0.00299907185642492
"quad","0.02",2000,10,0.01,"Tsiatis",0.4702,0.4834,0.0094,5000,0.00705849785719313
"quad","0.02",2000,10,0.05,"Tsiatis",0.6724,0.677,0.0478,5000,0.00663744288111016
"quad","0.02",2000,10,0.1,"Tsiatis",0.7602,0.7626,0.0989,5000,0.00603814474818218
"quad","0.02",2000,10,0.01,"Xie",0.458,0.4908,0.0073,5000,0.00704607692265703
"quad","0.02",2000,10,0.05,"Xie",0.6618,0.687,0.04,5000,0.00669060176665746
"quad","0.02",2000,10,0.1,"Xie",0.7548,0.7822,0.0799,5000,0.00608402761334956
"quad","0.03",2000,10,0.01,"DEF.poly2",0.9786,0.9748,0.0091,5000,0.00204656004065358
"quad","0.03",2000,10,0.05,"DEF.poly2",0.9958,0.9952,0.0464,5000,0.000914588432028307
"quad","0.03",2000,10,0.1,"DEF.poly2",0.9974,0.9972,0.097,5000,0.000720172201629589
"quad","0.03",2000,10,0.01,"DEF.poly3",0.962,0.9586,0.0096,5000,0.0027039230758289
"quad","0.03",2000,10,0.05,"DEF.poly3",0.9902,0.9896,0.0465,5000,0.0013931231101378
"quad","0.03",2000,10,0.1,"DEF.poly3",0.9964,0.9962,0.0933,5000,0.000846999409681028
"quad","0.03",2000,10,0.01,"DEF.stukel",0.9632,0.963,0.0111,5000,0.00266254614983478
"quad","0.03",2000,10,0.05,"DEF.stukel",0.987,0.989,0.0441,5000,0.0016019363283227
"quad","0.03",2000,10,0.1,"DEF.stukel",0.9924,0.9938,0.0925,5000,0.00122818891055082
"quad","0.03",2000,10,0.01,"EF",0.855,0.85,0.0109,5000,0.00497945780180935
"quad","0.03",2000,10,0.05,"EF",0.9466,0.9452,0.0518,5000,0.00317957355631223
"quad","0.03",2000,10,0.1,"EF",0.969,0.9686,0.1013,5000,0.00245108139399735
"quad","0.03",2000,10,0.01,"HL",0.906,0.9028,0.0109,5000,0.00412708129311745
"quad","0.03",2000,10,0.05,"HL",0.9664,0.9656,0.0519,5000,0.00254837359898426
"quad","0.03",2000,10,0.1,"HL",0.9822,0.982,0.1013,5000,0.00186992834087299
"quad","0.03",2000,10,0.01,"HL-equalwidth",0.6352,0.7438,0.0099,5000,0.0068076568656183
"quad","0.03",2000,10,0.05,"HL-equalwidth",0.8244,0.9024,0.0498,5000,0.00538079250668524
"quad","0.03",2000,10,0.1,"HL-equalwidth",0.897,0.9484,0.0997,5000,0.00429862768799532
"quad","0.03",2000,10,0.01,"Pigeon-Heyse",0.8782,0.9036,0.0066,5000,0.00462525156072618
"quad","0.03",2000,10,0.05,"Pigeon-Heyse",0.9558,0.9656,0.0326,5000,0.00290676314824583
"quad","0.03",2000,10,0.1,"Pigeon-Heyse",0.9728,0.9822,0.0688,5000,0.00230044169671826
"quad","0.03",2000,10,0.01,"Stukel",0.99,0.9838,0.0207,5000,0.00140712472794703
"quad","0.03",2000,10,0.05,"Stukel",0.9976,0.997,0.0669,5000,0.000691988439209783
"quad","0.03",2000,10,0.1,"Stukel",0.9992,0.999,0.1086,5000,0.000399839967987199
"quad","0.03",2000,10,0.01,"Tsiatis",0.8874,0.8946,0.0094,5000,0.00447037448095794
"quad","0.03",2000,10,0.05,"Tsiatis",0.9612,0.9634,0.0478,5000,0.00273110087693589
"quad","0.03",2000,10,0.1,"Tsiatis",0.98,0.9806,0.0989,5000,0.00197989898732233
"quad","0.03",2000,10,0.01,"Xie",0.889,0.9056,0.0073,5000,0.00444249929656719
"quad","0.03",2000,10,0.05,"Xie",0.9612,0.9662,0.04,5000,0.00273110087693589
"quad","0.03",2000,10,0.1,"Xie",0.9764,0.9806,0.0799,5000,0.00214676687136726
"quad","0.05",2000,10,0.01,"DEF.poly2",0.9996,0.9996,0.0091,5000,0.000282786138274123
"quad","0.05",2000,10,0.05,"DEF.poly2",1,1,0.0464,5000,0
"quad","0.05",2000,10,0.1,"DEF.poly2",1,1,0.097,5000,0
"quad","0.05",2000,10,0.01,"DEF.poly3",0.9992,0.999,0.0096,5000,0.000399839967987199
"quad","0.05",2000,10,0.05,"DEF.poly3",1,1,0.0465,5000,0
"quad","0.05",2000,10,0.1,"DEF.poly3",1,1,0.0933,5000,0
"quad","0.05",2000,10,0.01,"DEF.stukel",0.9994,0.9994,0.0111,5000,0.000346306222872199
"quad","0.05",2000,10,0.05,"DEF.stukel",1,1,0.0441,5000,0
"quad","0.05",2000,10,0.1,"DEF.stukel",1,1,0.0925,5000,0
"quad","0.05",2000,10,0.01,"EF",0.997,0.9966,0.0109,5000,0.000773433901506781
"quad","0.05",2000,10,0.05,"EF",0.9988,0.9986,0.0518,5000,0.000489603921552918
"quad","0.05",2000,10,0.1,"EF",0.9994,0.9994,0.1013,5000,0.000346306222872199
"quad","0.05",2000,10,0.01,"HL",0.9984,0.9984,0.0109,5000,0.00056523269544499
"quad","0.05",2000,10,0.05,"HL",0.9994,0.9994,0.0519,5000,0.000346306222872199
"quad","0.05",2000,10,0.1,"HL",0.9998,0.9998,0.1013,5000,0.000199979998999889
"quad","0.05",2000,10,0.01,"HL-equalwidth",0.9636,0.9762,0.0099,5000,0.00264858603787002
"quad","0.05",2000,10,0.05,"HL-equalwidth",0.9902,0.9952,0.0498,5000,0.0013931231101378
"quad","0.05",2000,10,0.1,"HL-equalwidth",0.996,0.9982,0.0997,5000,0.000892636544176856
"quad","0.05",2000,10,0.01,"Pigeon-Heyse",0.998,0.9984,0.0066,5000,0.000631822759957253
"quad","0.05",2000,10,0.05,"Pigeon-Heyse",0.9994,0.9994,0.0326,5000,0.000346306222872199
"quad","0.05",2000,10,0.1,"Pigeon-Heyse",0.9994,0.9998,0.0688,5000,0.000346306222872199
"quad","0.05",2000,10,0.01,"Stukel",1,1,0.0207,5000,0
"quad","0.05",2000,10,0.05,"Stukel",1,1,0.0669,5000,0
"quad","0.05",2000,10,0.1,"Stukel",1,1,0.1086,5000,0
"quad","0.05",2000,10,0.01,"Tsiatis",0.9982,0.9982,0.0094,5000,0.000599459756781058
"quad","0.05",2000,10,0.05,"Tsiatis",0.9992,0.9994,0.0478,5000,0.000399839967987199
"quad","0.05",2000,10,0.1,"Tsiatis",0.9998,0.9998,0.0989,5000,0.000199979998999889
"quad","0.05",2000,10,0.01,"Xie",0.9978,0.9982,0.0073,5000,0.000662594898863548
"quad","0.05",2000,10,0.05,"Xie",0.9996,0.9996,0.04,5000,0.000282786138274123
"quad","0.05",2000,10,0.1,"Xie",0.9998,0.9998,0.0799,5000,0.000199979998999889
"quad","0.1",2000,10,0.01,"DEF.poly2",1,1,0.0091,5000,0
"quad","0.1",2000,10,0.05,"DEF.poly2",1,1,0.0464,5000,0
"quad","0.1",2000,10,0.1,"DEF.poly2",1,1,0.097,5000,0
"quad","0.1",2000,10,0.01,"DEF.poly3",1,1,0.0096,5000,0
"quad","0.1",2000,10,0.05,"DEF.poly3",1,1,0.0465,5000,0
"quad","0.1",2000,10,0.1,"DEF.poly3",1,1,0.0933,5000,0
"quad","0.1",2000,10,0.01,"DEF.stukel",1,1,0.0111,5000,0
"quad","0.1",2000,10,0.05,"DEF.stukel",1,1,0.0441,5000,0
"quad","0.1",2000,10,0.1,"DEF.stukel",1,1,0.0925,5000,0
"quad","0.1",2000,10,0.01,"EF",1,1,0.0109,5000,0
"quad","0.1",2000,10,0.05,"EF",1,1,0.0518,5000,0
"quad","0.1",2000,10,0.1,"EF",1,1,0.1013,5000,0
"quad","0.1",2000,10,0.01,"HL",1,1,0.0109,5000,0
"quad","0.1",2000,10,0.05,"HL",1,1,0.0519,5000,0
"quad","0.1",2000,10,0.1,"HL",1,1,0.1013,5000,0
"quad","0.1",2000,10,0.01,"HL-equalwidth",1,1,0.0099,5000,0
"quad","0.1",2000,10,0.05,"HL-equalwidth",1,1,0.0498,5000,0
"quad","0.1",2000,10,0.1,"HL-equalwidth",1,1,0.0997,5000,0
"quad","0.1",2000,10,0.01,"Pigeon-Heyse",1,1,0.0066,5000,0
"quad","0.1",2000,10,0.05,"Pigeon-Heyse",1,1,0.0326,5000,0
"quad","0.1",2000,10,0.1,"Pigeon-Heyse",1,1,0.0688,5000,0
"quad","0.1",2000,10,0.01,"Stukel",1,1,0.0207,5000,0
"quad","0.1",2000,10,0.05,"Stukel",1,1,0.0669,5000,0
"quad","0.1",2000,10,0.1,"Stukel",1,1,0.1086,5000,0
"quad","0.1",2000,10,0.01,"Tsiatis",1,1,0.0094,5000,0
"quad","0.1",2000,10,0.05,"Tsiatis",1,1,0.0478,5000,0
"quad","0.1",2000,10,0.1,"Tsiatis",1,1,0.0989,5000,0
"quad","0.1",2000,10,0.01,"Xie",1,1,0.0073,5000,0
"quad","0.1",2000,10,0.05,"Xie",1,1,0.04,5000,0
"quad","0.1",2000,10,0.1,"Xie",1,1,0.0799,5000,0
"quad","0.2",2000,10,0.01,"DEF.poly2",1,1,0.0091,5000,0
"quad","0.2",2000,10,0.05,"DEF.poly2",1,1,0.0464,5000,0
"quad","0.2",2000,10,0.1,"DEF.poly2",1,1,0.097,5000,0
"quad","0.2",2000,10,0.01,"DEF.poly3",1,1,0.0096,5000,0
"quad","0.2",2000,10,0.05,"DEF.poly3",1,1,0.0465,5000,0
"quad","0.2",2000,10,0.1,"DEF.poly3",1,1,0.0933,5000,0
"quad","0.2",2000,10,0.01,"DEF.stukel",1,1,0.0111,5000,0
"quad","0.2",2000,10,0.05,"DEF.stukel",1,1,0.0441,5000,0
"quad","0.2",2000,10,0.1,"DEF.stukel",1,1,0.0925,5000,0
"quad","0.2",2000,10,0.01,"EF",1,1,0.0109,5000,0
"quad","0.2",2000,10,0.05,"EF",1,1,0.0518,5000,0
"quad","0.2",2000,10,0.1,"EF",1,1,0.1013,5000,0
"quad","0.2",2000,10,0.01,"HL",1,1,0.0109,5000,0
"quad","0.2",2000,10,0.05,"HL",1,1,0.0519,5000,0
"quad","0.2",2000,10,0.1,"HL",1,1,0.1013,5000,0
"quad","0.2",2000,10,0.01,"HL-equalwidth",1,1,0.0099,5000,0
"quad","0.2",2000,10,0.05,"HL-equalwidth",1,1,0.0498,5000,0
"quad","0.2",2000,10,0.1,"HL-equalwidth",1,1,0.0997,5000,0
"quad","0.2",2000,10,0.01,"Pigeon-Heyse",1,1,0.0066,5000,0
"quad","0.2",2000,10,0.05,"Pigeon-Heyse",1,1,0.0326,5000,0
"quad","0.2",2000,10,0.1,"Pigeon-Heyse",1,1,0.0688,5000,0
"quad","0.2",2000,10,0.01,"Stukel",1,1,0.0207,5000,0
"quad","0.2",2000,10,0.05,"Stukel",1,1,0.0669,5000,0
"quad","0.2",2000,10,0.1,"Stukel",1,1,0.1086,5000,0
"quad","0.2",2000,10,0.01,"Tsiatis",1,1,0.0094,5000,0
"quad","0.2",2000,10,0.05,"Tsiatis",1,1,0.0478,5000,0
"quad","0.2",2000,10,0.1,"Tsiatis",1,1,0.0989,5000,0
"quad","0.2",2000,10,0.01,"Xie",1,1,0.0073,5000,0
"quad","0.2",2000,10,0.05,"Xie",1,1,0.04,5000,0
"quad","0.2",2000,10,0.1,"Xie",1,1,0.0799,5000,0
"quad","0.4",2000,10,0.01,"DEF.poly2",1,1,0.0091,5000,0
"quad","0.4",2000,10,0.05,"DEF.poly2",1,1,0.0464,5000,0
"quad","0.4",2000,10,0.1,"DEF.poly2",1,1,0.097,5000,0
"quad","0.4",2000,10,0.01,"DEF.poly3",1,1,0.0096,5000,0
"quad","0.4",2000,10,0.05,"DEF.poly3",1,1,0.0465,5000,0
"quad","0.4",2000,10,0.1,"DEF.poly3",1,1,0.0933,5000,0
"quad","0.4",2000,10,0.01,"DEF.stukel",1,1,0.0111,5000,0
"quad","0.4",2000,10,0.05,"DEF.stukel",1,1,0.0441,5000,0
"quad","0.4",2000,10,0.1,"DEF.stukel",1,1,0.0925,5000,0
"quad","0.4",2000,10,0.01,"EF",1,1,0.0109,5000,0
"quad","0.4",2000,10,0.05,"EF",1,1,0.0518,5000,0
"quad","0.4",2000,10,0.1,"EF",1,1,0.1013,5000,0
"quad","0.4",2000,10,0.01,"HL",1,1,0.0109,5000,0
"quad","0.4",2000,10,0.05,"HL",1,1,0.0519,5000,0
"quad","0.4",2000,10,0.1,"HL",1,1,0.1013,5000,0
"quad","0.4",2000,10,0.01,"HL-equalwidth",1,1,0.0099,5000,0
"quad","0.4",2000,10,0.05,"HL-equalwidth",1,1,0.0498,5000,0
"quad","0.4",2000,10,0.1,"HL-equalwidth",1,1,0.0997,5000,0
"quad","0.4",2000,10,0.01,"Pigeon-Heyse",1,1,0.0066,5000,0
"quad","0.4",2000,10,0.05,"Pigeon-Heyse",1,1,0.0326,5000,0
"quad","0.4",2000,10,0.1,"Pigeon-Heyse",1,1,0.0688,5000,0
"quad","0.4",2000,10,0.01,"Stukel",1,1,0.0207,5000,0
"quad","0.4",2000,10,0.05,"Stukel",1,1,0.0669,5000,0
"quad","0.4",2000,10,0.1,"Stukel",1,1,0.1086,5000,0
"quad","0.4",2000,10,0.01,"Tsiatis",1,1,0.0094,5000,0
"quad","0.4",2000,10,0.05,"Tsiatis",1,1,0.0478,5000,0
"quad","0.4",2000,10,0.1,"Tsiatis",1,1,0.0989,5000,0
"quad","0.4",2000,10,0.01,"Xie",1,1,0.0073,5000,0
"quad","0.4",2000,10,0.05,"Xie",1,1,0.04,5000,0
"quad","0.4",2000,10,0.1,"Xie",1,1,0.0799,5000,0
"quad","0.01",5000,10,0.01,"DEF.poly2",0.1434,0.1124,0.0104,5000,0.00495653992216344
"quad","0.01",5000,10,0.05,"DEF.poly2",0.3246,0.2948,0.0481,5000,0.00662170431233531
"quad","0.01",5000,10,0.1,"DEF.poly2",0.442,0.4196,0.0982,5000,0.00702333254231921
"quad","0.01",5000,10,0.01,"DEF.poly3",0.0934,0.0734,0.0118,5000,0.0041152506606524
"quad","0.01",5000,10,0.05,"DEF.poly3",0.2462,0.2186,0.052,5000,0.00609238147196973
"quad","0.01",5000,10,0.1,"DEF.poly3",0.3584,0.3374,0.1009,5000,0.0067815844756222
"quad","0.01",5000,10,0.01,"DEF.stukel",0.0994,0.0972,0.0124,5000,0.00423130334530627
"quad","0.01",5000,10,0.05,"DEF.stukel",0.2468,0.2676,0.0501,5000,0.0060973725488935
"quad","0.01",5000,10,0.1,"DEF.stukel",0.3474,0.3738,0.0992,5000,0.00673369497378668
"quad","0.01",5000,10,0.01,"EF",0.0474,0.0448,0.0107,5000,0.00300510365877785
"quad","0.01",5000,10,0.05,"EF",0.1466,0.1482,0.0492,5000,0.00500216832983457
"quad","0.01",5000,10,0.1,"EF",0.2418,0.2434,0.0994,5000,0.0060552912398992
"quad","0.01",5000,10,0.01,"HL",0.0584,0.0526,0.0107,5000,0.00331630637909105
"quad","0.01",5000,10,0.05,"HL",0.1678,0.1706,0.0491,5000,0.00528475467737151
"quad","0.01",5000,10,0.1,"HL",0.2736,0.2756,0.0987,5000,0.00630464971271204
"quad","0.01",5000,10,0.01,"HL-equalwidth",0.0354,0.079,0.0104,5000,0.00261330595223751
"quad","0.01",5000,10,0.05,"HL-equalwidth",0.1182,0.2354,0.0509,5000,0.00456571483997851
"quad","0.01",5000,10,0.1,"HL-equalwidth",0.1974,0.3686,0.0989,5000,0.00562908944679333
"quad","0.01",5000,10,0.01,"Pigeon-Heyse",0.0392,0.0534,0.0062,5000,0.0027445713690848
"quad","0.01",5000,10,0.05,"Pigeon-Heyse",0.1218,0.1726,0.0318,5000,0.00462525156072618
"quad","0.01",5000,10,0.1,"Pigeon-Heyse",0.2054,0.2778,0.0631,5000,0.0057133324776351
"quad","0.01",5000,10,0.01,"Stukel",0.2326,0.1394,0.0238,5000,0.00597490150546434
"quad","0.01",5000,10,0.05,"Stukel",0.3892,0.3324,0.0687,5000,0.00689526446193328
"quad","0.01",5000,10,0.1,"Stukel",0.4898,0.463,0.1166,5000,0.0070695963109643
"quad","0.01",5000,10,0.01,"Tsiatis",0.0506,0.0488,0.0109,5000,0.00309966578843591
"quad","0.01",5000,10,0.05,"Tsiatis",0.1588,0.1632,0.0483,5000,0.0051688017953874
"quad","0.01",5000,10,0.1,"Tsiatis",0.255,0.254,0.1007,5000,0.00616400843607469
"quad","0.01",5000,10,0.01,"Xie",0.0472,0.0576,0.0066,5000,0.00299907185642492
"quad","0.01",5000,10,0.05,"Xie",0.1508,0.1748,0.0397,5000,0.0050608173252944
"quad","0.01",5000,10,0.1,"Xie",0.235,0.2648,0.082,5000,0.005996248827392
"quad","0.02",5000,10,0.01,"DEF.poly2",0.992,0.988,0.0104,5000,0.00125984125984189
"quad","0.02",5000,10,0.05,"DEF.poly2",0.9986,0.9986,0.0481,5000,0.000528779727296718
"quad","0.02",5000,10,0.1,"DEF.poly2",0.9992,0.9992,0.0982,5000,0.000399839967987199
"quad","0.02",5000,10,0.01,"DEF.poly3",0.9806,0.9756,0.0118,5000,0.00195057119839292
"quad","0.02",5000,10,0.05,"DEF.poly3",0.9968,0.9956,0.052,5000,0.000798718974358313
"quad","0.02",5000,10,0.1,"DEF.poly3",0.999,0.9986,0.1009,5000,0.00044698993277254
"quad","0.02",5000,10,0.01,"DEF.stukel",0.9784,0.9756,0.0124,5000,0.00205589104769684
"quad","0.02",5000,10,0.05,"DEF.stukel",0.995,0.9956,0.0501,5000,0.000997496867163001
"quad","0.02",5000,10,0.1,"DEF.stukel",0.998,0.9986,0.0992,5000,0.000631822759957253
"quad","0.02",5000,10,0.01,"EF",0.9192,0.9156,0.0107,5000,0.00385412402498934
"quad","0.02",5000,10,0.05,"EF",0.973,0.9732,0.0492,5000,0.00229220417938717
"quad","0.02",5000,10,0.1,"EF",0.985,0.9854,0.0994,5000,0.00171901134376711
"quad","0.02",5000,10,0.01,"HL",0.9372,0.9348,0.0107,5000,0.00343092290790685
"quad","0.02",5000,10,0.05,"HL",0.9798,0.9802,0.0491,5000,0.0019895708079885
"quad","0.02",5000,10,0.1,"HL",0.9904,0.9904,0.0987,5000,0.00137897353129058
"quad","0.02",5000,10,0.01,"HL-equalwidth",0.7592,0.866,0.0104,5000,0.00604674060961771
"quad","0.02",5000,10,0.05,"HL-equalwidth",0.909,0.9602,0.0509,5000,0.00406740703642997
"quad","0.02",5000,10,0.1,"HL-equalwidth",0.951,0.9828,0.0989,5000,0.00305283474822991
"quad","0.02",5000,10,0.01,"Pigeon-Heyse",0.9168,0.9352,0.0062,5000,0.00390583563402251
"quad","0.02",5000,10,0.05,"Pigeon-Heyse",0.9716,0.9806,0.0318,5000,0.00234918879615922
"quad","0.02",5000,10,0.1,"Pigeon-Heyse",0.984,0.9906,0.0631,5000,0.00177448584102551
"quad","0.02",5000,10,0.01,"Stukel",0.9978,0.9942,0.0238,5000,0.000662594898863548
"quad","0.02",5000,10,0.05,"Stukel",0.9994,0.999,0.0687,5000,0.000346306222872199
"quad","0.02",5000,10,0.1,"Stukel",0.9996,0.9994,0.1166,5000,0.000282786138274123
"quad","0.02",5000,10,0.01,"Tsiatis",0.9316,0.9288,0.0109,5000,0.00356991428468528
"quad","0.02",5000,10,0.05,"Tsiatis",0.9776,0.9784,0.0483,5000,0.00209276085590303
"quad","0.02",5000,10,0.1,"Tsiatis",0.9872,0.987,0.1007,5000,0.0015897270205919
"quad","0.02",5000,10,0.01,"Xie",0.927,0.9382,0.0066,5000,0.00367888570086106
"quad","0.02",5000,10,0.05,"Xie",0.9756,0.978,0.0397,5000,0.00218195508661384
"quad","0.02",5000,10,0.1,"Xie",0.9866,0.9884,0.082,5000,0.00162606518934512
"quad","0.03",5000,10,0.01,"DEF.poly2",1,1,0.0104,5000,0
"quad","0.03",5000,10,0.05,"DEF.poly2",1,1,0.0481,5000,0
"quad","0.03",5000,10,0.1,"DEF.poly2",1,1,0.0982,5000,0
"quad","0.03",5000,10,0.01,"DEF.poly3",1,1,0.0118,5000,0
"quad","0.03",5000,10,0.05,"DEF.poly3",1,1,0.052,5000,0
"quad","0.03",5000,10,0.1,"DEF.poly3",1,1,0.1009,5000,0
"quad","0.03",5000,10,0.01,"DEF.stukel",1,1,0.0124,5000,0
"quad","0.03",5000,10,0.05,"DEF.stukel",1,1,0.0501,5000,0
"quad","0.03",5000,10,0.1,"DEF.stukel",1,1,0.0992,5000,0
"quad","0.03",5000,10,0.01,"EF",0.9996,0.9996,0.0107,5000,0.000282786138274123
"quad","0.03",5000,10,0.05,"EF",1,1,0.0492,5000,0
"quad","0.03",5000,10,0.1,"EF",1,1,0.0994,5000,0
"quad","0.03",5000,10,0.01,"HL",1,0.9998,0.0107,5000,0
"quad","0.03",5000,10,0.05,"HL",1,1,0.0491,5000,0
"quad","0.03",5000,10,0.1,"HL",1,1,0.0987,5000,0
"quad","0.03",5000,10,0.01,"HL-equalwidth",0.9934,0.9968,0.0104,5000,0.00114511484140239
"quad","0.03",5000,10,0.05,"HL-equalwidth",0.9984,0.9996,0.0509,5000,0.00056523269544499
"quad","0.03",5000,10,0.1,"HL-equalwidth",0.9998,0.9998,0.0989,5000,0.000199979998999889
"quad","0.03",5000,10,0.01,"Pigeon-Heyse",0.9996,0.9998,0.0062,5000,0.000282786138274123
"quad","0.03",5000,10,0.05,"Pigeon-Heyse",1,1,0.0318,5000,0
"quad","0.03",5000,10,0.1,"Pigeon-Heyse",1,1,0.0631,5000,0
"quad","0.03",5000,10,0.01,"Stukel",1,1,0.0238,5000,0
"quad","0.03",5000,10,0.05,"Stukel",1,1,0.0687,5000,0
"quad","0.03",5000,10,0.1,"Stukel",1,1,0.1166,5000,0
"quad","0.03",5000,10,0.01,"Tsiatis",1,1,0.0109,5000,0
"quad","0.03",5000,10,0.05,"Tsiatis",1,1,0.0483,5000,0
"quad","0.03",5000,10,0.1,"Tsiatis",1,1,0.1007,5000,0
"quad","0.03",5000,10,0.01,"Xie",1,1,0.0066,5000,0
"quad","0.03",5000,10,0.05,"Xie",1,1,0.0397,5000,0
"quad","0.03",5000,10,0.1,"Xie",1,1,0.082,5000,0
"quad","0.05",5000,10,0.01,"DEF.poly2",1,1,0.0104,5000,0
"quad","0.05",5000,10,0.05,"DEF.poly2",1,1,0.0481,5000,0
"quad","0.05",5000,10,0.1,"DEF.poly2",1,1,0.0982,5000,0
"quad","0.05",5000,10,0.01,"DEF.poly3",1,1,0.0118,5000,0
"quad","0.05",5000,10,0.05,"DEF.poly3",1,1,0.052,5000,0
"quad","0.05",5000,10,0.1,"DEF.poly3",1,1,0.1009,5000,0
"quad","0.05",5000,10,0.01,"DEF.stukel",1,1,0.0124,5000,0
"quad","0.05",5000,10,0.05,"DEF.stukel",1,1,0.0501,5000,0
"quad","0.05",5000,10,0.1,"DEF.stukel",1,1,0.0992,5000,0
"quad","0.05",5000,10,0.01,"EF",1,1,0.0107,5000,0
"quad","0.05",5000,10,0.05,"EF",1,1,0.0492,5000,0
"quad","0.05",5000,10,0.1,"EF",1,1,0.0994,5000,0
"quad","0.05",5000,10,0.01,"HL",1,1,0.0107,5000,0
"quad","0.05",5000,10,0.05,"HL",1,1,0.0491,5000,0
"quad","0.05",5000,10,0.1,"HL",1,1,0.0987,5000,0
"quad","0.05",5000,10,0.01,"HL-equalwidth",1,1,0.0104,5000,0
"quad","0.05",5000,10,0.05,"HL-equalwidth",1,1,0.0509,5000,0
"quad","0.05",5000,10,0.1,"HL-equalwidth",1,1,0.0989,5000,0
"quad","0.05",5000,10,0.01,"Pigeon-Heyse",1,1,0.0062,5000,0
"quad","0.05",5000,10,0.05,"Pigeon-Heyse",1,1,0.0318,5000,0
"quad","0.05",5000,10,0.1,"Pigeon-Heyse",1,1,0.0631,5000,0
"quad","0.05",5000,10,0.01,"Stukel",1,1,0.0238,5000,0
"quad","0.05",5000,10,0.05,"Stukel",1,1,0.0687,5000,0
"quad","0.05",5000,10,0.1,"Stukel",1,1,0.1166,5000,0
"quad","0.05",5000,10,0.01,"Tsiatis",1,1,0.0109,5000,0
"quad","0.05",5000,10,0.05,"Tsiatis",1,1,0.0483,5000,0
"quad","0.05",5000,10,0.1,"Tsiatis",1,1,0.1007,5000,0
"quad","0.05",5000,10,0.01,"Xie",1,1,0.0066,5000,0
"quad","0.05",5000,10,0.05,"Xie",1,1,0.0397,5000,0
"quad","0.05",5000,10,0.1,"Xie",1,1,0.082,5000,0
"quad","0.1",5000,10,0.01,"DEF.poly2",1,1,0.0104,5000,0
"quad","0.1",5000,10,0.05,"DEF.poly2",1,1,0.0481,5000,0
"quad","0.1",5000,10,0.1,"DEF.poly2",1,1,0.0982,5000,0
"quad","0.1",5000,10,0.01,"DEF.poly3",1,1,0.0118,5000,0
"quad","0.1",5000,10,0.05,"DEF.poly3",1,1,0.052,5000,0
"quad","0.1",5000,10,0.1,"DEF.poly3",1,1,0.1009,5000,0
"quad","0.1",5000,10,0.01,"DEF.stukel",1,1,0.0124,5000,0
"quad","0.1",5000,10,0.05,"DEF.stukel",1,1,0.0501,5000,0
"quad","0.1",5000,10,0.1,"DEF.stukel",1,1,0.0992,5000,0
"quad","0.1",5000,10,0.01,"EF",1,1,0.0107,5000,0
"quad","0.1",5000,10,0.05,"EF",1,1,0.0492,5000,0
"quad","0.1",5000,10,0.1,"EF",1,1,0.0994,5000,0
"quad","0.1",5000,10,0.01,"HL",1,1,0.0107,5000,0
"quad","0.1",5000,10,0.05,"HL",1,1,0.0491,5000,0
"quad","0.1",5000,10,0.1,"HL",1,1,0.0987,5000,0
"quad","0.1",5000,10,0.01,"HL-equalwidth",1,1,0.0104,5000,0
"quad","0.1",5000,10,0.05,"HL-equalwidth",1,1,0.0509,5000,0
"quad","0.1",5000,10,0.1,"HL-equalwidth",1,1,0.0989,5000,0
"quad","0.1",5000,10,0.01,"Pigeon-Heyse",1,1,0.0062,5000,0
"quad","0.1",5000,10,0.05,"Pigeon-Heyse",1,1,0.0318,5000,0
"quad","0.1",5000,10,0.1,"Pigeon-Heyse",1,1,0.0631,5000,0
"quad","0.1",5000,10,0.01,"Stukel",1,1,0.0238,5000,0
"quad","0.1",5000,10,0.05,"Stukel",1,1,0.0687,5000,0
"quad","0.1",5000,10,0.1,"Stukel",1,1,0.1166,5000,0
"quad","0.1",5000,10,0.01,"Tsiatis",1,1,0.0109,5000,0
"quad","0.1",5000,10,0.05,"Tsiatis",1,1,0.0483,5000,0
"quad","0.1",5000,10,0.1,"Tsiatis",1,1,0.1007,5000,0
"quad","0.1",5000,10,0.01,"Xie",1,1,0.0066,5000,0
"quad","0.1",5000,10,0.05,"Xie",1,1,0.0397,5000,0
"quad","0.1",5000,10,0.1,"Xie",1,1,0.082,5000,0
"quad","0.2",5000,10,0.01,"DEF.poly2",1,1,0.0104,5000,0
"quad","0.2",5000,10,0.05,"DEF.poly2",1,1,0.0481,5000,0
"quad","0.2",5000,10,0.1,"DEF.poly2",1,1,0.0982,5000,0
"quad","0.2",5000,10,0.01,"DEF.poly3",1,1,0.0118,5000,0
"quad","0.2",5000,10,0.05,"DEF.poly3",1,1,0.052,5000,0
"quad","0.2",5000,10,0.1,"DEF.poly3",1,1,0.1009,5000,0
"quad","0.2",5000,10,0.01,"DEF.stukel",1,1,0.0124,5000,0
"quad","0.2",5000,10,0.05,"DEF.stukel",1,1,0.0501,5000,0
"quad","0.2",5000,10,0.1,"DEF.stukel",1,1,0.0992,5000,0
"quad","0.2",5000,10,0.01,"EF",1,1,0.0107,5000,0
"quad","0.2",5000,10,0.05,"EF",1,1,0.0492,5000,0
"quad","0.2",5000,10,0.1,"EF",1,1,0.0994,5000,0
"quad","0.2",5000,10,0.01,"HL",1,1,0.0107,5000,0
"quad","0.2",5000,10,0.05,"HL",1,1,0.0491,5000,0
"quad","0.2",5000,10,0.1,"HL",1,1,0.0987,5000,0
"quad","0.2",5000,10,0.01,"HL-equalwidth",1,1,0.0104,5000,0
"quad","0.2",5000,10,0.05,"HL-equalwidth",1,1,0.0509,5000,0
"quad","0.2",5000,10,0.1,"HL-equalwidth",1,1,0.0989,5000,0
"quad","0.2",5000,10,0.01,"Pigeon-Heyse",1,1,0.0062,5000,0
"quad","0.2",5000,10,0.05,"Pigeon-Heyse",1,1,0.0318,5000,0
"quad","0.2",5000,10,0.1,"Pigeon-Heyse",1,1,0.0631,5000,0
"quad","0.2",5000,10,0.01,"Stukel",1,1,0.0238,5000,0
"quad","0.2",5000,10,0.05,"Stukel",1,1,0.0687,5000,0
"quad","0.2",5000,10,0.1,"Stukel",1,1,0.1166,5000,0
"quad","0.2",5000,10,0.01,"Tsiatis",1,1,0.0109,5000,0
"quad","0.2",5000,10,0.05,"Tsiatis",1,1,0.0483,5000,0
"quad","0.2",5000,10,0.1,"Tsiatis",1,1,0.1007,5000,0
"quad","0.2",5000,10,0.01,"Xie",1,1,0.0066,5000,0
"quad","0.2",5000,10,0.05,"Xie",1,1,0.0397,5000,0
"quad","0.2",5000,10,0.1,"Xie",1,1,0.082,5000,0
"quad","0.4",5000,10,0.01,"DEF.poly2",1,1,0.0104,5000,0
"quad","0.4",5000,10,0.05,"DEF.poly2",1,1,0.0481,5000,0
"quad","0.4",5000,10,0.1,"DEF.poly2",1,1,0.0982,5000,0
"quad","0.4",5000,10,0.01,"DEF.poly3",1,1,0.0118,5000,0
"quad","0.4",5000,10,0.05,"DEF.poly3",1,1,0.052,5000,0
"quad","0.4",5000,10,0.1,"DEF.poly3",1,1,0.1009,5000,0
"quad","0.4",5000,10,0.01,"DEF.stukel",1,1,0.0124,5000,0
"quad","0.4",5000,10,0.05,"DEF.stukel",1,1,0.0501,5000,0
"quad","0.4",5000,10,0.1,"DEF.stukel",1,1,0.0992,5000,0
"quad","0.4",5000,10,0.01,"EF",1,1,0.0107,5000,0
"quad","0.4",5000,10,0.05,"EF",1,1,0.0492,5000,0
"quad","0.4",5000,10,0.1,"EF",1,1,0.0994,5000,0
"quad","0.4",5000,10,0.01,"HL",1,1,0.0107,5000,0
"quad","0.4",5000,10,0.05,"HL",1,1,0.0491,5000,0
"quad","0.4",5000,10,0.1,"HL",1,1,0.0987,5000,0
"quad","0.4",5000,10,0.01,"HL-equalwidth",1,1,0.0104,5000,0
"quad","0.4",5000,10,0.05,"HL-equalwidth",1,1,0.0509,5000,0
"quad","0.4",5000,10,0.1,"HL-equalwidth",1,1,0.0989,5000,0
"quad","0.4",5000,10,0.01,"Pigeon-Heyse",1,1,0.0062,5000,0
"quad","0.4",5000,10,0.05,"Pigeon-Heyse",1,1,0.0318,5000,0
"quad","0.4",5000,10,0.1,"Pigeon-Heyse",1,1,0.0631,5000,0
"quad","0.4",5000,10,0.01,"Stukel",1,1,0.0238,5000,0
"quad","0.4",5000,10,0.05,"Stukel",1,1,0.0687,5000,0
"quad","0.4",5000,10,0.1,"Stukel",1,1,0.1166,5000,0
"quad","0.4",5000,10,0.01,"Tsiatis",1,1,0.0109,5000,0
"quad","0.4",5000,10,0.05,"Tsiatis",1,1,0.0483,5000,0
"quad","0.4",5000,10,0.1,"Tsiatis",1,1,0.1007,5000,0
"quad","0.4",5000,10,0.01,"Xie",1,1,0.0066,5000,0
"quad","0.4",5000,10,0.05,"Xie",1,1,0.0397,5000,0
"quad","0.4",5000,10,0.1,"Xie",1,1,0.082,5000,0
"binint","0.1",200,10,0.01,"DEF.poly2",0.014,0.0129,0.0109,10000,0.00117490425141796
"binint","0.1",200,10,0.05,"DEF.poly2",0.064,0.0595,0.0536,10000,0.00244752936652454
"binint","0.1",200,10,0.1,"DEF.poly2",0.1211,0.1194,0.1005,10000,0.0032624345204157
"binint","0.1",200,10,0.01,"DEF.poly3",0.0126,0.0117,0.009,10000,0.00111540306616039
"binint","0.1",200,10,0.05,"DEF.poly3",0.0591,0.0548,0.048,10000,0.00235811768154178
"binint","0.1",200,10,0.1,"DEF.poly3",0.1134,0.1064,0.1008,10000,0.00317081125266074
"binint","0.1",200,10,0.01,"DEF.stukel",0.0139,2e-04,0.0096,10000,0.00117076000956644
"binint","0.1",200,10,0.05,"DEF.stukel",0.0611,9e-04,0.0483,10000,0.0023951365305552
"binint","0.1",200,10,0.1,"DEF.stukel",0.1159,0.0017,0.0966,10000,0.00320104967159212
"binint","0.1",200,10,0.01,"EF",0.0086,0.0103,0.008,10000,0.000923365583070974
"binint","0.1",200,10,0.05,"EF",0.045,0.0487,0.0467,10000,0.00207304124416279
"binint","0.1",200,10,0.1,"EF",0.092,0.0981,0.0936,10000,0.00289025950392002
"binint","0.1",200,10,0.01,"HL",0.0086,0.0105,0.0076,10000,0.000923365583070974
"binint","0.1",200,10,0.05,"HL",0.046,0.0502,0.0464,10000,0.00209485083001153
"binint","0.1",200,10,0.1,"HL",0.0927,0.0987,0.0942,10000,0.00290011568734766
"binint","0.1",200,10,0.01,"HL-equalwidth",0.0111174458380844,3e-04,0.0093,10000,0.00104851553331945
"binint","0.1",200,10,0.05,"HL-equalwidth",0.056442417331813,7e-04,0.0545,10000,0.00230774068858601
"binint","0.1",200,10,0.1,"HL-equalwidth",0.110889395667047,0.0021,0.1007,10000,0.00313995123522076
"binint","0.1",200,10,0.01,"Pigeon-Heyse",0.005,0.0104,0.0045,10000,0.000705336798983294
"binint","0.1",200,10,0.05,"Pigeon-Heyse",0.0266,0.0496,0.0301,10000,0.00160911279902933
"binint","0.1",200,10,0.1,"Pigeon-Heyse",0.0578,0.0976,0.0628,10000,0.00233364864536202
"binint","0.1",200,10,0.01,"Stukel",0,0,0.0244,10000,0
"binint","0.1",200,10,0.05,"Stukel",0.0925925925925926,0.0185185185185185,0.0717,10000,0.00289860663749973
"binint","0.1",200,10,0.1,"Stukel",0.12962962962963,0.111111111111111,0.1197,10000,0.00335895502726242
"binint","0.1",200,10,0.01,"Tsiatis",0.0103,0.0121,0.0078,10000,0.00100964894889263
"binint","0.1",200,10,0.05,"Tsiatis",0.0515,0.055,0.0479,10000,0.00221015270965605
"binint","0.1",200,10,0.1,"Tsiatis",0.1029,0.1049,0.0987,10000,0.00303828224495355
"binint","0.1",200,10,0.01,"Xie",0.0052,0.013,0.0039,10000,0.000719232924719107
"binint","0.1",200,10,0.05,"Xie",0.0333,0.0626,0.0278,10000,0.0017941881172274
"binint","0.1",200,10,0.1,"Xie",0.0732,0.113,0.0584,10000,0.00260464508138825
"binint","0.2",200,10,0.01,"DEF.poly2",0.0303,0.0279,0.0109,10000,0.00171411522366497
"binint","0.2",200,10,0.05,"DEF.poly2",0.0966,0.0896,0.0536,10000,0.00295412322017887
"binint","0.2",200,10,0.1,"DEF.poly2",0.1607,0.1566,0.1005,10000,0.00367254012912044
"binint","0.2",200,10,0.01,"DEF.poly3",0.0292,0.0263,0.009,10000,0.00168366742559212
"binint","0.2",200,10,0.05,"DEF.poly3",0.0933,0.0872,0.048,10000,0.00290852385240348
"binint","0.2",200,10,0.1,"DEF.poly3",0.1595,0.1494,0.1008,10000,0.00366141707539581
"binint","0.2",200,10,0.01,"DEF.stukel",0.0324032403240324,0.0014001400140014,0.0096,10000,0.00177068547010855
"binint","0.2",200,10,0.05,"DEF.stukel",0.0969096909690969,0.0064006400640064,0.0483,10000,0.00295834755844155
"binint","0.2",200,10,0.1,"DEF.stukel",0.162916291629163,0.0131013101310131,0.0966,10000,0.00369289281662716
"binint","0.2",200,10,0.01,"EF",0.0103,0.0122,0.008,10000,0.00100964894889263
"binint","0.2",200,10,0.05,"EF",0.0509,0.056,0.0467,10000,0.00219793516737869
"binint","0.2",200,10,0.1,"EF",0.1051,0.1126,0.0936,10000,0.00306682229677561
"binint","0.2",200,10,0.01,"HL",0.0112,0.0134,0.0076,10000,0.00105235735375394
"binint","0.2",200,10,0.05,"HL",0.0561,0.0612,0.0464,10000,0.00230114732253283
"binint","0.2",200,10,0.1,"HL",0.1094,0.1163,0.0942,10000,0.00312140417120244
"binint","0.2",200,10,0.01,"HL-equalwidth",0.0192042318307268,0.0012,0.0093,10000,0.00137242228597901
"binint","0.2",200,10,0.05,"HL-equalwidth",0.0727920883164673,0.0034,0.0545,10000,0.00259794919494194
"binint","0.2",200,10,0.1,"HL-equalwidth",0.134659613615455,0.0085,0.1007,10000,0.00341359637444721
"binint","0.2",200,10,0.01,"Pigeon-Heyse",0.0066,0.0131,0.0045,10000,0.000809718469592981
"binint","0.2",200,10,0.05,"Pigeon-Heyse",0.0341,0.0605,0.0301,10000,0.00181486060070739
"binint","0.2",200,10,0.1,"Pigeon-Heyse",0.0735,0.1149,0.0628,10000,0.00260955455969022
"binint","0.2",200,10,0.01,"Stukel",0.0288288288288288,0.0108108108108108,0.0244,10000,0.00167325214648561
"binint","0.2",200,10,0.05,"Stukel",0.0774774774774775,0.0594594594594595,0.0717,10000,0.00267347560230507
"binint","0.2",200,10,0.1,"Stukel",0.14954954954955,0.120720720720721,0.1197,10000,0.00356629333873528
"binint","0.2",200,10,0.01,"Tsiatis",0.0171,0.0204,0.0078,10000,0.00129644089722594
"binint","0.2",200,10,0.05,"Tsiatis",0.07,0.0726,0.0479,10000,0.00255147016443461
"binint","0.2",200,10,0.1,"Tsiatis",0.1346,0.1331,0.0987,10000,0.00341295824762038
"binint","0.2",200,10,0.01,"Xie",0.012,0.0227,0.0039,10000,0.0010888526071053
"binint","0.2",200,10,0.05,"Xie",0.046,0.079,0.0278,10000,0.00209485083001153
"binint","0.2",200,10,0.1,"Xie",0.0904,0.1398,0.0584,10000,0.00286753971201795
"binint","0.3",200,10,0.01,"DEF.poly2",0.049,0.0446,0.0109,10000,0.0021586801523153
"binint","0.3",200,10,0.05,"DEF.poly2",0.1391,0.1292,0.0536,10000,0.0034605084886473
"binint","0.3",200,10,0.1,"DEF.poly2",0.2232,0.2167,0.1005,10000,0.00416391354377105
"binint","0.3",200,10,0.01,"DEF.poly3",0.0456,0.0441,0.009,10000,0.00208616010890823
"binint","0.3",200,10,0.05,"DEF.poly3",0.1291,0.1225,0.048,10000,0.003353105873664
"binint","0.3",200,10,0.1,"DEF.poly3",0.2051,0.1929,0.1008,10000,0.00403774677264437
"binint","0.3",200,10,0.01,"DEF.stukel",0.0568056805680568,0.008000800080008,0.0096,10000,0.00231470938182867
"binint","0.3",200,10,0.05,"DEF.stukel",0.147514751475148,0.0267026702670267,0.0483,10000,0.00354618315336889
"binint","0.3",200,10,0.1,"DEF.stukel",0.227422742274227,0.0513051305130513,0.0966,10000,0.00419167792859492
"binint","0.3",200,10,0.01,"EF",0.0145,0.0184,0.008,10000,0.00119539742345381
"binint","0.3",200,10,0.05,"EF",0.0682,0.0726,0.0467,10000,0.00252088793880252
"binint","0.3",200,10,0.1,"EF",0.1274,0.1333,0.0936,10000,0.00333420515265633
"binint","0.3",200,10,0.01,"HL",0.0173,0.0205,0.0076,10000,0.00130386770801336
"binint","0.3",200,10,0.05,"HL",0.0766,0.0831,0.0464,10000,0.00265955710598588
"binint","0.3",200,10,0.1,"HL",0.1374,0.1436,0.0942,10000,0.00344269138901529
"binint","0.3",200,10,0.01,"HL-equalwidth",0.023967628138618,0.002,0.0093,10000,0.0015294829498895
"binint","0.3",200,10,0.05,"HL-equalwidth",0.091409006017846,0.0092,0.0545,10000,0.00288189867338662
"binint","0.3",200,10,0.1,"HL-equalwidth",0.160095455488691,0.0217,0.1007,10000,0.00366694560391287
"binint","0.3",200,10,0.01,"Pigeon-Heyse",0.0103,0.0203,0.0045,10000,0.00100964894889263
"binint","0.3",200,10,0.05,"Pigeon-Heyse",0.0495,0.0826,0.0301,10000,0.00216909543358516
"binint","0.3",200,10,0.1,"Pigeon-Heyse",0.0964,0.1424,0.0628,10000,0.00295139018091475
"binint","0.3",200,10,0.01,"Stukel",0.0423426988523941,0.0217649386624456,0.0244,10000,0.00201369795913612
"binint","0.3",200,10,0.05,"Stukel",0.127028096557182,0.0858725761772853,0.0717,10000,0.00333004443277025
"binint","0.3",200,10,0.1,"Stukel",0.197863078749505,0.165017807677087,0.1197,10000,0.00398388354269138
"binint","0.3",200,10,0.01,"Tsiatis",0.024,0.0274,0.0078,10000,0.00153049011757672
"binint","0.3",200,10,0.05,"Tsiatis",0.0936,0.0953,0.0479,10000,0.00291271419813204
"binint","0.3",200,10,0.1,"Tsiatis",0.1683,0.1646,0.0987,10000,0.00374132476537389
"binint","0.3",200,10,0.01,"Xie",0.016,0.0297,0.0039,10000,0.00125475097130865
"binint","0.3",200,10,0.05,"Xie",0.0664,0.1081,0.0278,10000,0.00248979999196723
"binint","0.3",200,10,0.1,"Xie",0.1232,0.1826,0.0584,10000,0.00328666639621365
"binint","0.5",200,10,0.01,"DEF.poly2",0.1502,0.1358,0.0109,10000,0.00357267350873264
"binint","0.5",200,10,0.05,"DEF.poly2",0.3261,0.3071,0.0536,10000,0.00468784374739602
"binint","0.5",200,10,0.1,"DEF.poly2",0.4302,0.4201,0.1005,10000,0.00495103989077042
"binint","0.5",200,10,0.01,"DEF.poly3",0.1394,0.1347,0.009,10000,0.003463634507277
"binint","0.5",200,10,0.05,"DEF.poly3",0.2922,0.2811,0.048,10000,0.00454773745944068
"binint","0.5",200,10,0.1,"DEF.poly3",0.399,0.3856,0.1008,10000,0.00489692760820497
"binint","0.5",200,10,0.01,"DEF.stukel",0.176,0.1296,0.0096,10000,0.00380820167533181
"binint","0.5",200,10,0.05,"DEF.stukel",0.3297,0.2549,0.0483,10000,0.00470104148035305
"binint","0.5",200,10,0.1,"DEF.stukel",0.4253,0.3365,0.0966,10000,0.00494388420171832
"binint","0.5",200,10,0.01,"EF",0.043,0.0487,0.008,10000,0.00202857092555326
"binint","0.5",200,10,0.05,"EF",0.1361,0.1439,0.0467,10000,0.00342894721452518
"binint","0.5",200,10,0.1,"EF",0.2228,0.2319,0.0936,10000,0.00416125173475482
"binint","0.5",200,10,0.01,"HL",0.0562,0.0637,0.0076,10000,0.00230307533528541
"binint","0.5",200,10,0.05,"HL",0.1687,0.1778,0.0464,10000,0.00374486728736814
"binint","0.5",200,10,0.1,"HL",0.2651,0.2747,0.0942,10000,0.00441386440661695
"binint","0.5",200,10,0.01,"HL-equalwidth",0.0597238895558223,0.0206,0.0093,10000,0.00236974569462941
"binint","0.5",200,10,0.05,"HL-equalwidth",0.170868347338936,0.0649,0.0545,10000,0.00376393883075425
"binint","0.5",200,10,0.1,"HL-equalwidth",0.265506202480992,0.1204,0.1007,10000,0.00441602376493962
"binint","0.5",200,10,0.01,"Pigeon-Heyse",0.0405,0.063,0.0045,10000,0.00197128765024286
"binint","0.5",200,10,0.05,"Pigeon-Heyse",0.1221,0.1776,0.0301,10000,0.00327401267560161
"binint","0.5",200,10,0.1,"Pigeon-Heyse",0.2028,0.2738,0.0628,10000,0.00402084767182245
"binint","0.5",200,10,0.01,"Stukel",0.168662562954673,0.0944599888080582,0.0244,10000,0.00374453605687318
"binint","0.5",200,10,0.05,"Stukel",0.315612758813654,0.258086177951875,0.0717,10000,0.00464759448841751
"binint","0.5",200,10,0.1,"Stukel",0.407274762171237,0.376608841634024,0.1197,10000,0.00491326805975004
"binint","0.5",200,10,0.01,"Tsiatis",0.0696,0.0794,0.0078,10000,0.00254471688012635
"binint","0.5",200,10,0.05,"Tsiatis",0.2009,0.1991,0.0479,10000,0.00400673420630818
"binint","0.5",200,10,0.1,"Tsiatis",0.2998,0.2994,0.0987,10000,0.00458170230372948
"binint","0.5",200,10,0.01,"Xie",0.0537,0.0943,0.0039,10000,0.00225424732449658
"binint","0.5",200,10,0.05,"Xie",0.1602,0.2282,0.0278,10000,0.00366791439376657
"binint","0.5",200,10,0.1,"Xie",0.2499,0.327,0.0584,10000,0.0043295495146724
"binint","0.7",200,10,0.01,"DEF.poly2",0.4314,0.3956,0.0109,10000,0.00495271683018523
"binint","0.7",200,10,0.05,"DEF.poly2",0.6489,0.62,0.0536,10000,0.00477314141839523
"binint","0.7",200,10,0.1,"DEF.poly2",0.7421,0.7262,0.1005,10000,0.00437478673765933
"binint","0.7",200,10,0.01,"DEF.poly3",0.409,0.3901,0.009,10000,0.00491649265228781
"binint","0.7",200,10,0.05,"DEF.poly3",0.6069,0.5909,0.048,10000,0.00488438726965829
"binint","0.7",200,10,0.1,"DEF.poly3",0.7056,0.687,0.1008,10000,0.00455772574866018
"binint","0.7",200,10,0.01,"DEF.stukel",0.4447,0.4337,0.0096,10000,0.00496932500446489
"binint","0.7",200,10,0.05,"DEF.stukel",0.6151,0.6038,0.0483,10000,0.00486571669952125
"binint","0.7",200,10,0.1,"DEF.stukel",0.6961,0.6847,0.0966,10000,0.00459939985215463
"binint","0.7",200,10,0.01,"EF",0.1605,0.1749,0.008,10000,0.00367069135177558
"binint","0.7",200,10,0.05,"EF",0.329,0.3445,0.0467,10000,0.00469849976056188
"binint","0.7",200,10,0.1,"EF",0.4493,0.4605,0.0936,10000,0.00497422868392678
"binint","0.7",200,10,0.01,"HL",0.2262,0.2406,0.0076,10000,0.00418370123216274
"binint","0.7",200,10,0.05,"HL",0.4245,0.4403,0.0464,10000,0.00494266881350551
"binint","0.7",200,10,0.1,"HL",0.5466,0.5563,0.0942,10000,0.00497823703734565
"binint","0.7",200,10,0.01,"HL-equalwidth",0.1548,0.1417,0.0093,10000,0.00361713920108143
"binint","0.7",200,10,0.05,"HL-equalwidth",0.3416,0.3082,0.0545,10000,0.0047424618079643
"binint","0.7",200,10,0.1,"HL-equalwidth",0.4678,0.4503,0.1007,10000,0.00498962082727736
"binint","0.7",200,10,0.01,"Pigeon-Heyse",0.1809,0.2404,0.0045,10000,0.00384935306252882
"binint","0.7",200,10,0.05,"Pigeon-Heyse",0.3545,0.4404,0.0301,10000,0.00478361526462988
"binint","0.7",200,10,0.1,"Pigeon-Heyse",0.4721,0.5563,0.0628,10000,0.00499220983132721
"binint","0.7",200,10,0.01,"Stukel",0.517403480696139,0.396079215843169,0.0244,10000,0.00499697027067061
"binint","0.7",200,10,0.05,"Stukel",0.68493698739748,0.626625325065013,0.0717,10000,0.00464540967722272
"binint","0.7",200,10,0.1,"Stukel",0.761952390478096,0.733646729345869,0.1197,10000,0.00425888418629588
"binint","0.7",200,10,0.01,"Tsiatis",0.2523,0.2672,0.0078,10000,0.00434332487847732
"binint","0.7",200,10,0.05,"Tsiatis",0.4604,0.4626,0.0479,10000,0.00498429373131239
"binint","0.7",200,10,0.1,"Tsiatis",0.5798,0.5773,0.0987,10000,0.00493590883222128
"binint","0.7",200,10,0.01,"Xie",0.2265,0.3096,0.0039,10000,0.00418566302991533
"binint","0.7",200,10,0.05,"Xie",0.422,0.5164,0.0278,10000,0.00493878527575354
"binint","0.7",200,10,0.1,"Xie",0.5388,0.6218,0.0584,10000,0.00498492286800909
"binint","0.1",500,10,0.01,"DEF.poly2",0.019,0.0194,0.0098,5000,0.00193075114916449
"binint","0.1",500,10,0.05,"DEF.poly2",0.0738,0.0782,0.0479,5000,0.00369739259478893
"binint","0.1",500,10,0.1,"DEF.poly2",0.1452,0.146,0.0992,5000,0.00498230789895607
"binint","0.1",500,10,0.01,"DEF.poly3",0.0172,0.0162,0.0097,5000,0.00183870389133215
"binint","0.1",500,10,0.05,"DEF.poly3",0.0718,0.0726,0.0484,5000,0.00365088372863338
"binint","0.1",500,10,0.1,"DEF.poly3",0.1322,0.13,0.0983,5000,0.00479005553203718
"binint","0.1",500,10,0.01,"DEF.stukel",0.018,0,0.0103,5000,0.00188021275391909
"binint","0.1",500,10,0.05,"DEF.stukel",0.072,2e-04,0.0486,5000,0.00365557109081468
"binint","0.1",500,10,0.1,"DEF.stukel",0.1372,4e-04,0.0943,5000,0.00486572009059296
"binint","0.1",500,10,0.01,"EF",0.0102,0.0106,0.0097,5000,0.00142098275851609
"binint","0.1",500,10,0.05,"EF",0.0534,0.0542,0.0498,5000,0.00317957355631223
"binint","0.1",500,10,0.1,"EF",0.1058,0.108,0.0983,5000,0.00434985884828462
"binint","0.1",500,10,0.01,"HL",0.0108,0.011,0.0098,5000,0.00146173595426807
"binint","0.1",500,10,0.05,"HL",0.0542,0.0544,0.05,5000,0.00320194815698193
"binint","0.1",500,10,0.1,"HL",0.1076,0.1102,0.0971,5000,0.00438228798688539
"binint","0.1",500,10,0.01,"HL-equalwidth",0.0196236559139785,2e-04,0.0101,5000,0.00196155897400758
"binint","0.1",500,10,0.05,"HL-equalwidth",0.0793010752688172,0.0022,0.048,5000,0.00382131952943029
"binint","0.1",500,10,0.1,"HL-equalwidth",0.143010752688172,0.0038,0.0989,5000,0.00495093278693489
"binint","0.1",500,10,0.01,"Pigeon-Heyse",0.0056,0.0108,0.0059,5000,0.00105533312276267
"binint","0.1",500,10,0.05,"Pigeon-Heyse",0.0332,0.0536,0.0306,5000,0.0025336834845734
"binint","0.1",500,10,0.1,"Pigeon-Heyse",0.0674,0.1088,0.0652,5000,0.00354562378150869
"binint","0.1",500,10,0.01,"Stukel",NA,NA,0.0202,5000,NA
"binint","0.1",500,10,0.05,"Stukel",NA,NA,0.0698,5000,NA
"binint","0.1",500,10,0.1,"Stukel",NA,NA,0.1162,5000,NA
"binint","0.1",500,10,0.01,"Tsiatis",0.0128,0.0134,0.0089,5000,0.0015897270205919
"binint","0.1",500,10,0.05,"Tsiatis",0.0628,0.0626,0.0516,5000,0.00343092290790685
"binint","0.1",500,10,0.1,"Tsiatis",0.1216,0.1162,0.1041,5000,0.00462197879700892
"binint","0.1",500,10,0.01,"Xie",0.008,0.015,0.005,5000,0.00125984125984189
"binint","0.1",500,10,0.05,"Xie",0.0404,0.0664,0.0294,5000,0.00278452293939195
"binint","0.1",500,10,0.1,"Xie",0.0794,0.1322,0.0622,5000,0.00382349682882045
"binint","0.2",500,10,0.01,"DEF.poly2",0.0534,0.0542,0.0098,5000,0.00317957355631223
"binint","0.2",500,10,0.05,"DEF.poly2",0.1566,0.1644,0.0479,5000,0.00513958052763063
"binint","0.2",500,10,0.1,"DEF.poly2",0.2348,0.2338,0.0992,5000,0.00599448012758404
"binint","0.2",500,10,0.01,"DEF.poly3",0.0454,0.0436,0.0097,5000,0.00294410733499986
"binint","0.2",500,10,0.05,"DEF.poly3",0.1374,0.1344,0.0484,5000,0.00486870085341049
"binint","0.2",500,10,0.1,"DEF.poly3",0.2168,0.214,0.0983,5000,0.00582748247530613
"binint","0.2",500,10,0.01,"DEF.stukel",0.0588,6e-04,0.0103,5000,0.00332693733033852
"binint","0.2",500,10,0.05,"DEF.stukel",0.1534,0.0058,0.0486,5000,0.00509643875662212
"binint","0.2",500,10,0.1,"DEF.stukel",0.2418,0.0124,0.0943,5000,0.0060552912398992
"binint","0.2",500,10,0.01,"EF",0.019,0.0196,0.0097,5000,0.00193075114916449
"binint","0.2",500,10,0.05,"EF",0.075,0.0764,0.0498,5000,0.00372491610643784
"binint","0.2",500,10,0.1,"EF",0.1394,0.1408,0.0983,5000,0.00489831889529459
"binint","0.2",500,10,0.01,"HL",0.0202,0.0204,0.0098,5000,0.0019895708079885
"binint","0.2",500,10,0.05,"HL",0.0786,0.0786,0.05,5000,0.00380583867235594
"binint","0.2",500,10,0.1,"HL",0.1442,0.1464,0.0971,5000,0.00496802495967965
"binint","0.2",500,10,0.01,"HL-equalwidth",0.0343716433941998,0.001,0.0101,5000,0.00257644070471578
"binint","0.2",500,10,0.05,"HL-equalwidth",0.108485499462943,0.007,0.048,5000,0.00439809949567353
"binint","0.2",500,10,0.1,"HL-equalwidth",0.186895810955961,0.0152,0.0989,5000,0.00551299858159015
"binint","0.2",500,10,0.01,"Pigeon-Heyse",0.0132,0.0202,0.0059,5000,0.00161404832641405
"binint","0.2",500,10,0.05,"Pigeon-Heyse",0.0534,0.0776,0.0306,5000,0.00317957355631223
"binint","0.2",500,10,0.1,"Pigeon-Heyse",0.1004,0.1456,0.0652,5000,0.0042501727023734
"binint","0.2",500,10,0.01,"Stukel",0,0,0.0202,5000,0
"binint","0.2",500,10,0.05,"Stukel",0.05,0.05,0.0698,5000,0.00308220700148449
"binint","0.2",500,10,0.1,"Stukel",0.1,0.075,0.1162,5000,0.00424264068711928
"binint","0.2",500,10,0.01,"Tsiatis",0.026,0.0284,0.0089,5000,0.00225051105307217
"binint","0.2",500,10,0.05,"Tsiatis",0.1014,0.1006,0.0516,5000,0.00426891180513254
"binint","0.2",500,10,0.1,"Tsiatis",0.1792,0.1724,0.1041,5000,0.005423787606461
"binint","0.2",500,10,0.01,"Xie",0.016,0.0304,0.005,5000,0.00177448584102551
"binint","0.2",500,10,0.05,"Xie",0.0714,0.1136,0.0294,5000,0.0036414843127494
"binint","0.2",500,10,0.1,"Xie",0.1326,0.1952,0.0622,5000,0.00479619098869092
"binint","0.3",500,10,0.01,"DEF.poly2",0.119,0.1212,0.0098,5000,0.00457906103912145
"binint","0.3",500,10,0.05,"DEF.poly2",0.2894,0.2962,0.0479,5000,0.00641323069910946
"binint","0.3",500,10,0.1,"DEF.poly2",0.3904,0.391,0.0992,5000,0.00689909907161797
"binint","0.3",500,10,0.01,"DEF.poly3",0.1024,0.0998,0.0097,5000,0.00428752236145772
"binint","0.3",500,10,0.05,"DEF.poly3",0.2448,0.243,0.0484,5000,0.00608067364689144
"binint","0.3",500,10,0.1,"DEF.poly3",0.3536,0.3524,0.0983,5000,0.00676116912966981
"binint","0.3",500,10,0.01,"DEF.stukel",0.12765106042417,0.0132052821128451,0.0103,5000,0.00471924288836154
"binint","0.3",500,10,0.05,"DEF.stukel",0.294717887154862,0.0484193677470988,0.0486,5000,0.00644762365753207
"binint","0.3",500,10,0.1,"DEF.stukel",0.403561424569828,0.0910364145658263,0.0943,5000,0.0069382937552254
"binint","0.3",500,10,0.01,"EF",0.0346,0.0354,0.0097,5000,0.0025846794772273
"binint","0.3",500,10,0.05,"EF",0.1274,0.13,0.0498,5000,0.00471527814662083
"binint","0.3",500,10,0.1,"EF",0.214,0.2172,0.0983,5000,0.00580006896510723
"binint","0.3",500,10,0.01,"HL",0.039,0.0394,0.0098,5000,0.00273784586856163
"binint","0.3",500,10,0.05,"HL",0.1372,0.1372,0.05,5000,0.00486572009059296
"binint","0.3",500,10,0.1,"HL",0.2244,0.2292,0.0971,5000,0.00589990915184293
"binint","0.3",500,10,0.01,"HL-equalwidth",0.0622364986950412,0.0086,0.0101,5000,0.00341652211833096
"binint","0.3",500,10,0.05,"HL-equalwidth",0.182493475205782,0.0312,0.048,5000,0.00546240984755078
"binint","0.3",500,10,0.1,"HL-equalwidth",0.275446697450311,0.0554,0.0989,5000,0.00631784479571994
"binint","0.3",500,10,0.01,"Pigeon-Heyse",0.0254,0.039,0.0059,5000,0.00222507707731665
"binint","0.3",500,10,0.05,"Pigeon-Heyse",0.0942,0.136,0.0306,5000,0.00413101343498178
"binint","0.3",500,10,0.1,"Pigeon-Heyse",0.168,0.2282,0.0652,5000,0.00528726772539466
"binint","0.3",500,10,0.01,"Stukel",0.10498687664042,0.0669291338582677,0.0202,5000,0.0043350809075197
"binint","0.3",500,10,0.05,"Stukel",0.228346456692913,0.18503937007874,0.0698,5000,0.00593640214959709
"binint","0.3",500,10,0.1,"Stukel",0.318897637795276,0.279527559055118,0.1162,5000,0.00659093217085214
"binint","0.3",500,10,0.01,"Tsiatis",0.0536,0.0568,0.0089,5000,0.00318518570887162
"binint","0.3",500,10,0.05,"Tsiatis",0.1616,0.1626,0.0516,5000,0.00520548633654916
"binint","0.3",500,10,0.1,"Tsiatis",0.2698,0.2536,0.1041,5000,0.00627706874265369
"binint","0.3",500,10,0.01,"Xie",0.038,0.0686,0.005,5000,0.0027039230758289
"binint","0.3",500,10,0.05,"Xie",0.127,0.1878,0.0294,5000,0.00470894892730851
"binint","0.3",500,10,0.1,"Xie",0.2124,0.2882,0.0622,5000,0.00578422406205016
"binint","0.5",500,10,0.01,"DEF.poly2",0.4268,0.4238,0.0098,5000,0.00699488041355962
"binint","0.5",500,10,0.05,"DEF.poly2",0.6416,0.6454,0.0479,5000,0.0067815844756222
"binint","0.5",500,10,0.1,"DEF.poly2",0.7428,0.7412,0.0992,5000,0.00618139401753359
"binint","0.5",500,10,0.01,"DEF.poly3",0.4008,0.3934,0.0097,5000,0.00693050301204754
"binint","0.5",500,10,0.05,"DEF.poly3",0.607,0.6044,0.0484,5000,0.00690725705327375
"binint","0.5",500,10,0.1,"DEF.poly3",0.7098,0.7102,0.0983,5000,0.00641847271552976
"binint","0.5",500,10,0.01,"DEF.stukel",0.4476,0.384,0.0103,5000,0.00703212969163681
"binint","0.5",500,10,0.05,"DEF.stukel",0.6386,0.5754,0.0486,5000,0.00679396850154606
"binint","0.5",500,10,0.1,"DEF.stukel",0.7326,0.6796,0.0943,5000,0.0062593488479234
"binint","0.5",500,10,0.01,"EF",0.166,0.1674,0.0097,5000,0.00526201482324024
"binint","0.5",500,10,0.05,"EF",0.3518,0.3548,0.0498,5000,0.00675332155313221
"binint","0.5",500,10,0.1,"EF",0.4764,0.4808,0.0983,5000,0.00706318681616167
"binint","0.5",500,10,0.01,"HL",0.194,0.1952,0.0098,5000,0.00559220886591336
"binint","0.5",500,10,0.05,"HL",0.3908,0.3908,0.05,5000,0.00690036752644379
"binint","0.5",500,10,0.1,"HL",0.5136,0.5186,0.0971,5000,0.00706845159847615
"binint","0.5",500,10,0.01,"HL-equalwidth",0.2136,0.1038,0.0101,5000,0.00579612008157181
"binint","0.5",500,10,0.05,"HL-equalwidth",0.421,0.2506,0.048,5000,0.00698224892137197
"binint","0.5",500,10,0.1,"HL-equalwidth",0.538,0.3532,0.0989,5000,0.00705061699427788
"binint","0.5",500,10,0.01,"Pigeon-Heyse",0.146,0.1942,0.0059,5000,0.00499367600070329
"binint","0.5",500,10,0.05,"Pigeon-Heyse",0.3188,0.3904,0.0306,5000,0.0065903954357838
"binint","0.5",500,10,0.1,"Pigeon-Heyse",0.4394,0.5176,0.0652,5000,0.007018940660812
"binint","0.5",500,10,0.01,"Stukel",0.436873337425824,0.334970329445468,0.0202,5000,0.00701448536205253
"binint","0.5",500,10,0.05,"Stukel",0.628401882545529,0.57049314507878,0.0698,5000,0.00683392941957647
"binint","0.5",500,10,0.1,"Stukel",0.717822795170861,0.691835481890731,0.1162,5000,0.00636479740296505
"binint","0.5",500,10,0.01,"Tsiatis",0.2294,0.2436,0.0089,5000,0.00594601782708394
"binint","0.5",500,10,0.05,"Tsiatis",0.433,0.437,0.0516,5000,0.00700729619753582
"binint","0.5",500,10,0.1,"Tsiatis",0.5696,0.5598,0.1041,5000,0.00700222593180197
"binint","0.5",500,10,0.01,"Xie",0.2016,0.2718,0.005,5000,0.00567375431262229
"binint","0.5",500,10,0.05,"Xie",0.3916,0.488,0.0294,5000,0.00690288982962933
"binint","0.5",500,10,0.1,"Xie",0.5176,0.612,0.0622,5000,0.00706668578613766
"binint","0.7",500,10,0.01,"DEF.poly2",0.8636,0.8532,0.0098,5000,0.00485376225210918
"binint","0.7",500,10,0.05,"DEF.poly2",0.9494,0.9476,0.0479,5000,0.00309966578843591
"binint","0.7",500,10,0.1,"DEF.poly2",0.9738,0.9714,0.0992,5000,0.00225891832521674
"binint","0.7",500,10,0.01,"DEF.poly3",0.8608,0.8514,0.0097,5000,0.0048953725088087
"binint","0.7",500,10,0.05,"DEF.poly3",0.946,0.942,0.0484,5000,0.00319637294444813
"binint","0.7",500,10,0.1,"DEF.poly3",0.9686,0.9662,0.0983,5000,0.00246633493264804
"binint","0.7",500,10,0.01,"DEF.stukel",0.8574,0.8472,0.0103,5000,0.00494500232558085
"binint","0.7",500,10,0.05,"DEF.stukel",0.9332,0.9292,0.0486,5000,0.00353094208392038
"binint","0.7",500,10,0.1,"DEF.stukel",0.9592,0.9578,0.0943,5000,0.00279769047608916
"binint","0.7",500,10,0.01,"EF",0.6154,0.616,0.0097,5000,0.00688015755633547
"binint","0.7",500,10,0.05,"EF",0.7976,0.7988,0.0498,5000,0.00568215170512017
"binint","0.7",500,10,0.1,"EF",0.8632,0.8654,0.0983,5000,0.00485974814162216
"binint","0.7",500,10,0.01,"HL",0.6766,0.6782,0.0098,5000,0.00661532221437475
"binint","0.7",500,10,0.05,"HL",0.8346,0.8346,0.05,5000,0.00525438559681339
"binint","0.7",500,10,0.1,"HL",0.8956,0.8978,0.0971,5000,0.00432436446197589
"binint","0.7",500,10,0.01,"HL-equalwidth",0.6128,0.6004,0.0101,5000,0.00688877579835489
"binint","0.7",500,10,0.05,"HL-equalwidth",0.8032,0.8016,0.048,5000,0.00562262856678262
"binint","0.7",500,10,0.1,"HL-equalwidth",0.8782,0.8772,0.0989,5000,0.00462525156072618
"binint","0.7",500,10,0.01,"Pigeon-Heyse",0.6158,0.6786,0.0059,5000,0.00687881326974355
"binint","0.7",500,10,0.05,"Pigeon-Heyse",0.7954,0.8352,0.0306,5000,0.00570506511794563
"binint","0.7",500,10,0.1,"Pigeon-Heyse",0.8636,0.898,0.0652,5000,0.00485376225210918
"binint","0.7",500,10,0.01,"Stukel",0.9086,0.8646,0.0202,5000,0.00407543960818953
"binint","0.7",500,10,0.05,"Stukel",0.963,0.9504,0.0698,5000,0.00266949433413896
"binint","0.7",500,10,0.1,"Stukel",0.977,0.9724,0.1162,5000,0.00211995282966391
"binint","0.7",500,10,0.01,"Tsiatis",0.7186,0.7268,0.0089,5000,0.00635946601531921
"binint","0.7",500,10,0.05,"Tsiatis",0.8674,0.865,0.0516,5000,0.00479619098869092
"binint","0.7",500,10,0.1,"Tsiatis",0.9218,0.9152,0.1041,5000,0.00379696615734194
"binint","0.7",500,10,0.01,"Xie",0.6848,0.7614,0.005,5000,0.00657037228777792
"binint","0.7",500,10,0.05,"Xie",0.8508,0.8928,0.0294,5000,0.00503863791118195
"binint","0.7",500,10,0.1,"Xie",0.9038,0.936,0.0622,5000,0.00417002541958679
"binint","0.1",1000,10,0.01,"DEF.poly2",0.0294,0.0296,0.0102,5000,0.00238895960618843
"binint","0.1",1000,10,0.05,"DEF.poly2",0.093,0.0942,0.0503,5000,0.00410733490234239
"binint","0.1",1000,10,0.1,"DEF.poly2",0.1612,0.1646,0.0981,5000,0.00520027999246194
"binint","0.1",1000,10,0.01,"DEF.poly3",0.0226,0.0232,0.0097,5000,0.00210186774084384
"binint","0.1",1000,10,0.05,"DEF.poly3",0.0836,0.085,0.0487,5000,0.00391435920681789
"binint","0.1",1000,10,0.1,"DEF.poly3",0.1442,0.1454,0.0979,5000,0.00496802495967965
"binint","0.1",1000,10,0.01,"DEF.stukel",0.0278,0,0.0111,5000,0.00232495849425318
"binint","0.1",1000,10,0.05,"DEF.stukel",0.0958,0,0.0484,5000,0.00416226765117286
"binint","0.1",1000,10,0.1,"DEF.stukel",0.1582,4e-04,0.0972,5000,0.00516086736896038
"binint","0.1",1000,10,0.01,"EF",0.0126,0.0136,0.0092,5000,0.00157741814367656
"binint","0.1",1000,10,0.05,"EF",0.0582,0.0626,0.0451,5000,0.003310974478911
"binint","0.1",1000,10,0.1,"EF",0.113,0.1194,0.0945,5000,0.00447729829249739
"binint","0.1",1000,10,0.01,"HL",0.0132,0.0138,0.0089,5000,0.00161404832641405
"binint","0.1",1000,10,0.05,"HL",0.0586,0.0634,0.0455,5000,0.00332162731202644
"binint","0.1",1000,10,0.1,"HL",0.1136,0.1196,0.0951,5000,0.00448765061028597
"binint","0.1",1000,10,0.01,"HL-equalwidth",0.028044466902476,6e-04,0.0111,5000,0.00233486508298154
"binint","0.1",1000,10,0.05,"HL-equalwidth",0.0932289034866094,0.0016,0.0538,5000,0.00411186758155692
"binint","0.1",1000,10,0.1,"HL-equalwidth",0.158413340070743,0.0032,0.1025,5000,0.00516369158177314
"binint","0.1",1000,10,0.01,"Pigeon-Heyse",0.0066,0.0136,0.0047,5000,0.00114511484140238
"binint","0.1",1000,10,0.05,"Pigeon-Heyse",0.037,0.0632,0.0281,5000,0.00266949433413896
"binint","0.1",1000,10,0.1,"Pigeon-Heyse",0.0748,0.1186,0.0598,5000,0.00372034837078465
"binint","0.1",1000,10,0.01,"Stukel",NA,NA,0.0209,5000,NA
"binint","0.1",1000,10,0.05,"Stukel",NA,NA,0.0666,5000,NA
"binint","0.1",1000,10,0.1,"Stukel",NA,NA,0.1128,5000,NA
"binint","0.1",1000,10,0.01,"Tsiatis",0.015,0.016,0.0084,5000,0.00171901134376711
"binint","0.1",1000,10,0.05,"Tsiatis",0.0794,0.0784,0.0528,5000,0.00382349682882045
"binint","0.1",1000,10,0.1,"Tsiatis",0.136,0.134,0.1048,5000,0.0048477623704138
"binint","0.1",1000,10,0.01,"Xie",0.0128,0.0194,0.0055,5000,0.0015897270205919
"binint","0.1",1000,10,0.05,"Xie",0.053,0.0756,0.0325,5000,0.00316831185333767
"binint","0.1",1000,10,0.1,"Xie",0.0976,0.147,0.0639,5000,0.00419700464617327
"binint","0.2",1000,10,0.01,"DEF.poly2",0.105,0.1058,0.0102,5000,0.00433532005738907
"binint","0.2",1000,10,0.05,"DEF.poly2",0.2598,0.26,0.0503,5000,0.0062016765475152
"binint","0.2",1000,10,0.1,"DEF.poly2",0.3648,0.3708,0.0981,5000,0.0068076568656183
"binint","0.2",1000,10,0.01,"DEF.poly3",0.0828,0.081,0.0097,5000,0.00389728520896277
"binint","0.2",1000,10,0.05,"DEF.poly3",0.213,0.2168,0.0487,5000,0.00579018134431038
"binint","0.2",1000,10,0.1,"DEF.poly3",0.3152,0.3204,0.0979,5000,0.00657037228777792
"binint","0.2",1000,10,0.01,"DEF.stukel",0.108,8e-04,0.0111,5000,0.00438944187796125
"binint","0.2",1000,10,0.05,"DEF.stukel",0.2546,0.005,0.0484,5000,0.0061608252693937
"binint","0.2",1000,10,0.1,"DEF.stukel",0.3594,0.0178,0.0972,5000,0.0067857444691058
"binint","0.2",1000,10,0.01,"EF",0.0324,0.0364,0.0092,5000,0.00250400638976821
"binint","0.2",1000,10,0.05,"EF",0.12,0.1302,0.0451,5000,0.00459565011723042
"binint","0.2",1000,10,0.1,"EF",0.2018,0.2098,0.0945,5000,0.00567585693970523
"binint","0.2",1000,10,0.01,"HL",0.0346,0.038,0.0089,5000,0.0025846794772273
"binint","0.2",1000,10,0.05,"HL",0.123,0.1354,0.0455,5000,0.00464480354805238
"binint","0.2",1000,10,0.1,"HL",0.2068,0.2162,0.0951,5000,0.00572771787014689
"binint","0.2",1000,10,0.01,"HL-equalwidth",0.0609981515711645,0.0042,0.0111,5000,0.00338459383312284
"binint","0.2",1000,10,0.05,"HL-equalwidth",0.170876976791949,0.0154,0.0538,5000,0.0053231200549
"binint","0.2",1000,10,0.1,"HL-equalwidth",0.261039227767509,0.0304,0.1025,5000,0.00621124382606337
"binint","0.2",1000,10,0.01,"Pigeon-Heyse",0.0218,0.037,0.0047,5000,0.00206517602155361
"binint","0.2",1000,10,0.05,"Pigeon-Heyse",0.086,0.1342,0.0281,5000,0.00396494640569075
"binint","0.2",1000,10,0.1,"Pigeon-Heyse",0.1522,0.2144,0.0598,5000,0.00508006220434357
"binint","0.2",1000,10,0.01,"Stukel",0,0,0.0209,5000,0
"binint","0.2",1000,10,0.05,"Stukel",0,0,0.0666,5000,0
"binint","0.2",1000,10,0.1,"Stukel",0,0,0.1128,5000,0
"binint","0.2",1000,10,0.01,"Tsiatis",0.0506,0.0528,0.0084,5000,0.00309966578843591
"binint","0.2",1000,10,0.05,"Tsiatis",0.168,0.1596,0.0528,5000,0.00528726772539466
"binint","0.2",1000,10,0.1,"Tsiatis",0.2656,0.2594,0.1048,5000,0.00624590489841144
"binint","0.2",1000,10,0.01,"Xie",0.0358,0.058,0.0055,5000,0.00262748396760094
"binint","0.2",1000,10,0.05,"Xie",0.1212,0.1718,0.0325,5000,0.00461542110754804
"binint","0.2",1000,10,0.1,"Xie",0.205,0.2686,0.0639,5000,0.00570920309675527
"binint","0.3",1000,10,0.01,"DEF.poly2",0.2922,0.2916,0.0102,5000,0.00643147199325318
"binint","0.3",1000,10,0.05,"DEF.poly2",0.5108,0.512,0.0503,5000,0.00706941808071923
"binint","0.3",1000,10,0.1,"DEF.poly2",0.6272,0.6332,0.0981,5000,0.00683842321006824
"binint","0.3",1000,10,0.01,"DEF.poly3",0.2466,0.2454,0.0097,5000,0.0060957106230529
"binint","0.3",1000,10,0.05,"DEF.poly3",0.4522,0.4578,0.0487,5000,0.00703868112646112
"binint","0.3",1000,10,0.1,"DEF.poly3",0.5666,0.5718,0.0979,5000,0.00700805878970775
"binint","0.3",1000,10,0.01,"DEF.stukel",0.3024,0.0354,0.0111,5000,0.00649544825243031
"binint","0.3",1000,10,0.05,"DEF.stukel",0.523,0.1322,0.0484,5000,0.00706358266037851
"binint","0.3",1000,10,0.1,"DEF.stukel",0.6344,0.2172,0.0972,5000,0.00681082432602692
"binint","0.3",1000,10,0.01,"EF",0.1026,0.107,0.0092,5000,0.00429122919453156
"binint","0.3",1000,10,0.05,"EF",0.2522,0.2666,0.0451,5000,0.00614158220656534
"binint","0.3",1000,10,0.1,"EF",0.3598,0.3718,0.0945,5000,0.00678739950201843
"binint","0.3",1000,10,0.01,"HL",0.1092,0.1144,0.0089,5000,0.0044107904053582
"binint","0.3",1000,10,0.05,"HL",0.2658,0.2794,0.0455,5000,0.00624740522136991
"binint","0.3",1000,10,0.1,"HL",0.3758,0.3888,0.0951,5000,0.00684944318904829
"binint","0.3",1000,10,0.01,"HL-equalwidth",0.155,0.0258,0.0111,5000,0.00511810511810768
"binint","0.3",1000,10,0.05,"HL-equalwidth",0.331,0.0842,0.0538,5000,0.00665490796330047
"binint","0.3",1000,10,0.1,"HL-equalwidth",0.457,0.1368,0.1025,5000,0.00704487047432385
"binint","0.3",1000,10,0.01,"Pigeon-Heyse",0.077,0.1134,0.0047,5000,0.00377017240985078
"binint","0.3",1000,10,0.05,"Pigeon-Heyse",0.2032,0.2788,0.0281,5000,0.00569051421226588
"binint","0.3",1000,10,0.1,"Pigeon-Heyse",0.3044,0.3878,0.0598,5000,0.0065075439299324
"binint","0.3",1000,10,0.01,"Stukel",0.276041666666667,0.182291666666667,0.0209,5000,0.00632206714501761
"binint","0.3",1000,10,0.05,"Stukel",0.484375,0.424479166666667,0.0666,5000,0.00706761429868665
"binint","0.3",1000,10,0.1,"Stukel",0.5703125,0.5625,0.1128,5000,0.0070008021303812
"binint","0.3",1000,10,0.01,"Tsiatis",0.1372,0.146,0.0084,5000,0.00486572009059296
"binint","0.3",1000,10,0.05,"Tsiatis",0.3268,0.3232,0.0528,5000,0.00663327611365606
"binint","0.3",1000,10,0.1,"Tsiatis",0.447,0.44,0.1048,5000,0.00703123033330583
"binint","0.3",1000,10,0.01,"Xie",0.1094,0.1472,0.0055,5000,0.00441433211256244
"binint","0.3",1000,10,0.05,"Xie",0.2694,0.3396,0.0325,5000,0.00627413165306563
"binint","0.3",1000,10,0.1,"Xie",0.3884,0.4638,0.0639,5000,0.00689268365732825
"binint","0.5",1000,10,0.01,"DEF.poly2",0.7688,0.7616,0.0102,5000,0.00596232437896497
"binint","0.5",1000,10,0.05,"DEF.poly2",0.9076,0.9054,0.0503,5000,0.00409541792739154
"binint","0.5",1000,10,0.1,"DEF.poly2",0.946,0.946,0.0981,5000,0.00319637294444813
"binint","0.5",1000,10,0.01,"DEF.poly3",0.7458,0.7438,0.0097,5000,0.00615763526039014
"binint","0.5",1000,10,0.05,"DEF.poly3",0.8892,0.8898,0.0487,5000,0.00443899448073547
"binint","0.5",1000,10,0.1,"DEF.poly3",0.9356,0.935,0.0979,5000,0.00347138704266753
"binint","0.5",1000,10,0.01,"DEF.stukel",0.771354270854171,0.72754550910182,0.0111,5000,0.00593913898960449
"binint","0.5",1000,10,0.05,"DEF.stukel",0.899579915983197,0.875975195039008,0.0484,5000,0.0042505503347887
"binint","0.5",1000,10,0.1,"DEF.stukel",0.937987597519504,0.921984396879376,0.0972,5000,0.00341077306249164
"binint","0.5",1000,10,0.01,"EF",0.481,0.4902,0.0092,5000,0.00706596065655619
"binint","0.5",1000,10,0.05,"EF",0.6914,0.7044,0.0451,5000,0.00653247334476001
"binint","0.5",1000,10,0.1,"EF",0.7874,0.7928,0.0945,5000,0.00578621188689111
"binint","0.5",1000,10,0.01,"HL",0.509,0.517,0.0089,5000,0.00706992220607837
"binint","0.5",1000,10,0.05,"HL",0.7136,0.7278,0.0455,5000,0.00639335655192169
"binint","0.5",1000,10,0.1,"HL",0.809,0.816,0.0951,5000,0.0055591186351795
"binint","0.5",1000,10,0.01,"HL-equalwidth",0.5424,0.3534,0.0111,5000,0.00704559777449721
"binint","0.5",1000,10,0.05,"HL-equalwidth",0.7538,0.5698,0.0538,5000,0.00609238147196973
"binint","0.5",1000,10,0.1,"HL-equalwidth",0.8372,0.6896,0.1025,5000,0.00522103744479964
"binint","0.5",1000,10,0.01,"Pigeon-Heyse",0.444,0.5158,0.0047,5000,0.00702657811455904
"binint","0.5",1000,10,0.05,"Pigeon-Heyse",0.6516,0.7272,0.0281,5000,0.00673821103854725
"binint","0.5",1000,10,0.1,"Pigeon-Heyse",0.7526,0.8144,0.0598,5000,0.00610234774492572
"binint","0.5",1000,10,0.01,"Stukel",0.774904790539186,0.678893565844859,0.0209,5000,0.00590639240380465
"binint","0.5",1000,10,0.05,"Stukel",0.893966726798958,0.865103227099619,0.0666,5000,0.00435408355857614
"binint","0.5",1000,10,0.1,"Stukel",0.934455802766085,0.927841250751654,0.1128,5000,0.00349994729797111
"binint","0.5",1000,10,0.01,"Tsiatis",0.5652,0.5742,0.0084,5000,0.00701069126406234
"binint","0.5",1000,10,0.05,"Tsiatis",0.769,0.7662,0.0528,5000,0.00596052011153389
"binint","0.5",1000,10,0.1,"Tsiatis",0.8532,0.8522,0.1048,5000,0.0050049927072874
"binint","0.5",1000,10,0.01,"Xie",0.5302,0.595,0.0055,5000,0.007058157833316
"binint","0.5",1000,10,0.05,"Xie",0.7324,0.788,0.0325,5000,0.00626083444917688
"binint","0.5",1000,10,0.1,"Xie",0.819,0.8688,0.0639,5000,0.00544497933880378
"binint","0.7",1000,10,0.01,"DEF.poly2",0.9928,0.9914,0.0102,5000,0.00119567219587979
"binint","0.7",1000,10,0.05,"DEF.poly2",0.9984,0.9978,0.0503,5000,0.00056523269544499
"binint","0.7",1000,10,0.1,"DEF.poly2",0.9994,0.9992,0.0981,5000,0.000346306222872199
"binint","0.7",1000,10,0.01,"DEF.poly3",0.9932,0.9932,0.0097,5000,0.00116221856808434
"binint","0.7",1000,10,0.05,"DEF.poly3",0.9986,0.9986,0.0487,5000,0.000528779727296718
"binint","0.7",1000,10,0.1,"DEF.poly3",0.9998,0.9996,0.0979,5000,0.000199979998999889
"binint","0.7",1000,10,0.01,"DEF.stukel",0.9908,0.9898,0.0111,5000,0.00135021183523179
"binint","0.7",1000,10,0.05,"DEF.stukel",0.997,0.997,0.0484,5000,0.000773433901506781
"binint","0.7",1000,10,0.1,"DEF.stukel",0.9988,0.9988,0.0972,5000,0.000489603921552918
"binint","0.7",1000,10,0.01,"EF",0.954,0.957,0.0092,5000,0.00296256645495084
"binint","0.7",1000,10,0.05,"EF",0.9858,0.987,0.0451,5000,0.00167322204145176
"binint","0.7",1000,10,0.1,"EF",0.9934,0.9936,0.0945,5000,0.00114511484140239
"binint","0.7",1000,10,0.01,"HL",0.9664,0.9674,0.0089,5000,0.00254837359898426
"binint","0.7",1000,10,0.05,"HL",0.9886,0.9896,0.0455,5000,0.00150133540556399
"binint","0.7",1000,10,0.1,"HL",0.9948,0.995,0.0951,5000,0.00101714895664303
"binint","0.7",1000,10,0.01,"HL-equalwidth",0.951,0.947,0.0111,5000,0.00305283474822991
"binint","0.7",1000,10,0.05,"HL-equalwidth",0.9888,0.987,0.0538,5000,0.00148825804214189
"binint","0.7",1000,10,0.1,"HL-equalwidth",0.994,0.9944,0.1025,5000,0.00109215383531808
"binint","0.7",1000,10,0.01,"Pigeon-Heyse",0.9506,0.9676,0.0047,5000,0.0030646252625729
"binint","0.7",1000,10,0.05,"Pigeon-Heyse",0.985,0.9896,0.0281,5000,0.00171901134376711
"binint","0.7",1000,10,0.1,"Pigeon-Heyse",0.9918,0.995,0.0598,5000,0.00127536347760158
"binint","0.7",1000,10,0.01,"Stukel",0.9964,0.994,0.0209,5000,0.000846999409681028
"binint","0.7",1000,10,0.05,"Stukel",0.999,0.9984,0.0666,5000,0.00044698993277254
"binint","0.7",1000,10,0.1,"Stukel",0.9994,0.9994,0.1128,5000,0.000346306222872199
"binint","0.7",1000,10,0.01,"Tsiatis",0.9756,0.977,0.0084,5000,0.00218195508661384
"binint","0.7",1000,10,0.05,"Tsiatis",0.9938,0.9936,0.0528,5000,0.00111009549138801
"binint","0.7",1000,10,0.1,"Tsiatis",0.9964,0.9962,0.1048,5000,0.000846999409681028
"binint","0.7",1000,10,0.01,"Xie",0.9712,0.9802,0.0055,5000,0.00236518751899295
"binint","0.7",1000,10,0.05,"Xie",0.993,0.9956,0.0325,5000,0.00117906742809731
"binint","0.7",1000,10,0.1,"Xie",0.9966,0.9982,0.0639,5000,0.000823218075603295
"binint","0.1",2000,10,0.01,"DEF.poly2",0.0458,0.043,0.0111,5000,0.00295642892693195
"binint","0.1",2000,10,0.05,"DEF.poly2",0.1362,0.1426,0.0482,5000,0.00485076406352649
"binint","0.1",2000,10,0.1,"DEF.poly2",0.2224,0.2316,0.0946,5000,0.0058811264227187
"binint","0.1",2000,10,0.01,"DEF.poly3",0.038,0.0328,0.0118,5000,0.0027039230758289
"binint","0.1",2000,10,0.05,"DEF.poly3",0.114,0.1176,0.0473,5000,0.00449453000879959
"binint","0.1",2000,10,0.1,"DEF.poly3",0.1904,0.1934,0.0969,5000,0.00555243802306698
"binint","0.1",2000,10,0.01,"DEF.stukel",0.0478,0,0.0124,5000,0.00301712313305241
"binint","0.1",2000,10,0.05,"DEF.stukel",0.134,0,0.0509,5000,0.00481755124518671
"binint","0.1",2000,10,0.1,"DEF.stukel",0.2116,4e-04,0.0965,5000,0.00577625207206195
"binint","0.1",2000,10,0.01,"EF",0.0166,0.0162,0.0107,5000,0.00180690010791964
"binint","0.1",2000,10,0.05,"EF",0.0712,0.0724,0.0491,5000,0.00363677219523027
"binint","0.1",2000,10,0.1,"EF",0.1304,0.1344,0.0973,5000,0.00476226500732582
"binint","0.1",2000,10,0.01,"HL",0.0168,0.0162,0.0107,5000,0.00181756760534512
"binint","0.1",2000,10,0.05,"HL",0.0716,0.0732,0.0489,5000,0.00364618814654428
"binint","0.1",2000,10,0.1,"HL",0.1316,0.1348,0.097,5000,0.00478082503340166
"binint","0.1",2000,10,0.01,"HL-equalwidth",0.037131585054537,6e-04,0.0117,5000,0.00267405424200313
"binint","0.1",2000,10,0.05,"HL-equalwidth",0.118821072174518,0.0024,0.0524,5000,0.00457608183890578
"binint","0.1",2000,10,0.1,"HL-equalwidth",0.204687862613135,0.0066,0.0978,5000,0.0057059747898497
"binint","0.1",2000,10,0.01,"Pigeon-Heyse",0.0102,0.0162,0.0059,5000,0.00142098275851609
"binint","0.1",2000,10,0.05,"Pigeon-Heyse",0.0462,0.0724,0.031,5000,0.00296868859936505
"binint","0.1",2000,10,0.1,"Pigeon-Heyse",0.093,0.1336,0.0645,5000,0.00410733490234239
"binint","0.1",2000,10,0.01,"Stukel",NA,NA,0.0208,5000,NA
"binint","0.1",2000,10,0.05,"Stukel",NA,NA,0.0638,5000,NA
"binint","0.1",2000,10,0.1,"Stukel",NA,NA,0.108,5000,NA
"binint","0.1",2000,10,0.01,"Tsiatis",0.026,0.025,0.0102,5000,0.00225051105307217
"binint","0.1",2000,10,0.05,"Tsiatis",0.1042,0.1074,0.0473,5000,0.00432070272062312
"binint","0.1",2000,10,0.1,"Tsiatis",0.183,0.1856,0.0987,5000,0.00546829040925955
"binint","0.1",2000,10,0.01,"Xie",0.0174,0.038,0.0048,5000,0.00184917495116065
"binint","0.1",2000,10,0.05,"Xie",0.078,0.1188,0.0268,5000,0.00379251895183136
"binint","0.1",2000,10,0.1,"Xie",0.1334,0.2004,0.0585,5000,0.00480841845100861
"binint","0.2",2000,10,0.01,"DEF.poly2",0.255,0.2462,0.0111,5000,0.00616400843607469
"binint","0.2",2000,10,0.05,"DEF.poly2",0.4656,0.4736,0.0482,5000,0.0070543127234338
"binint","0.2",2000,10,0.1,"DEF.poly2",0.5846,0.5968,0.0946,5000,0.00696911529535852
"binint","0.2",2000,10,0.01,"DEF.poly3",0.2062,0.1932,0.0118,5000,0.00572156552003034
"binint","0.2",2000,10,0.05,"DEF.poly3",0.4014,0.411,0.0473,5000,0.00693221523035746
"binint","0.2",2000,10,0.1,"DEF.poly3",0.517,0.5272,0.0969,5000,0.0070669795528217
"binint","0.2",2000,10,0.01,"DEF.stukel",0.2546,0.0016,0.0124,5000,0.0061608252693937
"binint","0.2",2000,10,0.05,"DEF.stukel",0.4626,0.0186,0.0509,5000,0.00705125861105661
"binint","0.2",2000,10,0.1,"DEF.stukel",0.5824,0.0522,0.0965,5000,0.00697438513418925
"binint","0.2",2000,10,0.01,"EF",0.0828,0.0792,0.0107,5000,0.00389728520896277
"binint","0.2",2000,10,0.05,"EF",0.2238,0.2264,0.0491,5000,0.00589429486876929
"binint","0.2",2000,10,0.1,"EF",0.3332,0.3372,0.0973,5000,0.00666599969996999
"binint","0.2",2000,10,0.01,"HL",0.0854,0.0812,0.0107,5000,0.00395238763281134
"binint","0.2",2000,10,0.05,"HL",0.2298,0.2318,0.0489,5000,0.0059496547799011
"binint","0.2",2000,10,0.1,"HL",0.3378,0.3402,0.097,5000,0.00668866444067872
"binint","0.2",2000,10,0.01,"HL-equalwidth",0.139362342089433,0.011,0.0117,5000,0.00489776438177217
"binint","0.2",2000,10,0.05,"HL-equalwidth",0.305193503108081,0.0418,0.0524,5000,0.00651230264604923
"binint","0.2",2000,10,0.1,"HL-equalwidth",0.42049328253459,0.0736,0.0978,5000,0.00698109850779769
"binint","0.2",2000,10,0.01,"Pigeon-Heyse",0.0596,0.0806,0.0059,5000,0.00334806929438445
"binint","0.2",2000,10,0.05,"Pigeon-Heyse",0.1706,0.2306,0.031,5000,0.00531969247231454
"binint","0.2",2000,10,0.1,"Pigeon-Heyse",0.2696,0.3392,0.0645,5000,0.00627560100707494
"binint","0.2",2000,10,0.01,"Stukel",NA,NA,0.0208,5000,NA
"binint","0.2",2000,10,0.05,"Stukel",NA,NA,0.0638,5000,NA
"binint","0.2",2000,10,0.1,"Stukel",NA,NA,0.108,5000,NA
"binint","0.2",2000,10,0.01,"Tsiatis",0.1354,0.138,0.0102,5000,0.004838736198637
"binint","0.2",2000,10,0.05,"Tsiatis",0.3136,0.3218,0.0473,5000,0.00656132669511281
"binint","0.2",2000,10,0.1,"Tsiatis",0.4316,0.4372,0.0987,5000,0.00700459049481124
"binint","0.2",2000,10,0.01,"Xie",0.1066,0.1674,0.0048,5000,0.00436431987828573
"binint","0.2",2000,10,0.05,"Xie",0.2644,0.3502,0.0268,5000,0.00623686844498102
"binint","0.2",2000,10,0.1,"Xie",0.3764,0.4658,0.0585,5000,0.00685161353259216
"binint","0.3",2000,10,0.01,"DEF.poly2",0.6066,0.595,0.0111,5000,0.00690849390243633
"binint","0.3",2000,10,0.05,"DEF.poly2",0.806,0.813,0.0482,5000,0.00559220886591336
"binint","0.3",2000,10,0.1,"DEF.poly2",0.8788,0.8838,0.0946,5000,0.00461542110754804
"binint","0.3",2000,10,0.01,"DEF.poly3",0.5454,0.5294,0.0118,5000,0.00704185827747193
"binint","0.3",2000,10,0.05,"DEF.poly3",0.7604,0.7694,0.0473,5000,0.00603642013117046
"binint","0.3",2000,10,0.1,"DEF.poly3",0.841,0.8468,0.0969,5000,0.00517144080503683
"binint","0.3",2000,10,0.01,"DEF.stukel",0.6198,0.1126,0.0124,5000,0.00686509956227876
"binint","0.3",2000,10,0.05,"DEF.stukel",0.8136,0.3464,0.0509,5000,0.00550735943987679
"binint","0.3",2000,10,0.1,"DEF.stukel",0.8836,0.4996,0.0965,5000,0.00453543911876237
"binint","0.3",2000,10,0.01,"EF",0.3022,0.2928,0.0107,5000,0.00649423067037197
"binint","0.3",2000,10,0.05,"EF",0.5286,0.5334,0.0491,5000,0.0070594906331831
"binint","0.3",2000,10,0.1,"EF",0.6528,0.659,0.0973,5000,0.00673278783268863
"binint","0.3",2000,10,0.01,"HL",0.3112,0.301,0.0107,5000,0.00654758825828259
"binint","0.3",2000,10,0.05,"HL",0.541,0.5446,0.0489,5000,0.00704725478466615
"binint","0.3",2000,10,0.1,"HL",0.6642,0.6688,0.097,5000,0.00667889751381169
"binint","0.3",2000,10,0.01,"HL-equalwidth",0.3952,0.1088,0.0117,5000,0.00691399971073184
"binint","0.3",2000,10,0.05,"HL-equalwidth",0.6192,0.256,0.0524,5000,0.00686718807081909
"binint","0.3",2000,10,0.1,"HL-equalwidth",0.7242,0.3716,0.0978,5000,0.00632035378756601
"binint","0.3",2000,10,0.01,"Pigeon-Heyse",0.2436,0.3004,0.0059,5000,0.00607056900133752
"binint","0.3",2000,10,0.05,"Pigeon-Heyse",0.464,0.5432,0.031,5000,0.00705271578897094
"binint","0.3",2000,10,0.1,"Pigeon-Heyse",0.5902,0.6678,0.0645,5000,0.00695505513996834
"binint","0.3",2000,10,0.01,"Stukel",0.584905660377358,0.5,0.0208,5000,0.00696837181608279
"binint","0.3",2000,10,0.05,"Stukel",0.764150943396226,0.745283018867924,0.0638,5000,0.00600373682139521
"binint","0.3",2000,10,0.1,"Stukel",0.849056603773585,0.849056603773585,0.108,5000,0.00506279542075424
"binint","0.3",2000,10,0.01,"Tsiatis",0.3972,0.4,0.0102,5000,0.00692000231213834
"binint","0.3",2000,10,0.05,"Tsiatis",0.6336,0.6414,0.0473,5000,0.0068139715291451
"binint","0.3",2000,10,0.1,"Tsiatis",0.7472,0.7496,0.0987,5000,0.0061464161915705
"binint","0.3",2000,10,0.01,"Xie",0.353,0.4648,0.0048,5000,0.00675856493643436
"binint","0.3",2000,10,0.05,"Xie",0.5876,0.6806,0.0268,5000,0.00696169864329102
"binint","0.3",2000,10,0.1,"Xie",0.706,0.7786,0.0585,5000,0.00644304275944216
"binint","0.5",2000,10,0.01,"DEF.poly2",0.9792,0.977,0.0111,5000,0.00201828441999635
"binint","0.5",2000,10,0.05,"DEF.poly2",0.9954,0.9958,0.0482,5000,0.000956957679315031
"binint","0.5",2000,10,0.1,"DEF.poly2",0.9982,0.9984,0.0946,5000,0.000599459756781058
"binint","0.5",2000,10,0.01,"DEF.poly3",0.9784,0.974,0.0118,5000,0.00205589104769684
"binint","0.5",2000,10,0.05,"DEF.poly3",0.9954,0.9956,0.0473,5000,0.000956957679315031
"binint","0.5",2000,10,0.1,"DEF.poly3",0.9986,0.9986,0.0969,5000,0.000528779727296718
"binint","0.5",2000,10,0.01,"DEF.stukel",0.977,0.969,0.0124,5000,0.00211995282966391
"binint","0.5",2000,10,0.05,"DEF.stukel",0.9946,0.9926,0.0509,5000,0.00103642076397571
"binint","0.5",2000,10,0.1,"DEF.stukel",0.9982,0.9972,0.0965,5000,0.000599459756781058
"binint","0.5",2000,10,0.01,"EF",0.894,0.89,0.0107,5000,0.00435348136552805
"binint","0.5",2000,10,0.05,"EF",0.967,0.9676,0.0491,5000,0.00252630164469725
"binint","0.5",2000,10,0.1,"EF",0.9842,0.9852,0.0973,5000,0.00176353962246387
"binint","0.5",2000,10,0.01,"HL",0.9008,0.8966,0.0107,5000,0.00422751369010202
"binint","0.5",2000,10,0.05,"HL",0.9704,0.9706,0.0489,5000,0.00239682456596222
"binint","0.5",2000,10,0.1,"HL",0.9864,0.9866,0.097,5000,0.00163798901095215
"binint","0.5",2000,10,0.01,"HL-equalwidth",0.9132,0.8112,0.0117,5000,0.00398160168776336
"binint","0.5",2000,10,0.05,"HL-equalwidth",0.9738,0.9278,0.0524,5000,0.00225891832521674
"binint","0.5",2000,10,0.1,"HL-equalwidth",0.9874,0.9644,0.0978,5000,0.00157741814367656
"binint","0.5",2000,10,0.01,"Pigeon-Heyse",0.8708,0.8966,0.0059,5000,0.00474357165013874
"binint","0.5",2000,10,0.05,"Pigeon-Heyse",0.954,0.9706,0.031,5000,0.00296256645495084
"binint","0.5",2000,10,0.1,"Pigeon-Heyse",0.9772,0.9866,0.0645,5000,0.00211093154791907
"binint","0.5",2000,10,0.01,"Stukel",0.9808,0.9616,0.0208,5000,0.00194068853760721
"binint","0.5",2000,10,0.05,"Stukel",0.9946,0.9928,0.0638,5000,0.00103642076397571
"binint","0.5",2000,10,0.1,"Stukel",0.9974,0.997,0.108,5000,0.000720172201629589
"binint","0.5",2000,10,0.01,"Tsiatis",0.938,0.9396,0.0102,5000,0.00341045451516363
"binint","0.5",2000,10,0.05,"Tsiatis",0.9828,0.9834,0.0473,5000,0.00183870389133215
"binint","0.5",2000,10,0.1,"Tsiatis",0.993,0.9928,0.0987,5000,0.00117906742809731
"binint","0.5",2000,10,0.01,"Xie",0.927,0.957,0.0048,5000,0.00367888570086106
"binint","0.5",2000,10,0.05,"Xie",0.979,0.9872,0.0268,5000,0.002027757381937
"binint","0.5",2000,10,0.1,"Xie",0.9896,0.9942,0.0585,5000,0.00143470136265356
"binint","0.7",2000,10,0.01,"DEF.poly2",1,1,0.0111,5000,0
"binint","0.7",2000,10,0.05,"DEF.poly2",1,1,0.0482,5000,0
"binint","0.7",2000,10,0.1,"DEF.poly2",1,1,0.0946,5000,0
"binint","0.7",2000,10,0.01,"DEF.poly3",1,1,0.0118,5000,0
"binint","0.7",2000,10,0.05,"DEF.poly3",1,1,0.0473,5000,0
"binint","0.7",2000,10,0.1,"DEF.poly3",1,1,0.0969,5000,0
"binint","0.7",2000,10,0.01,"DEF.stukel",1,1,0.0124,5000,0
"binint","0.7",2000,10,0.05,"DEF.stukel",1,1,0.0509,5000,0
"binint","0.7",2000,10,0.1,"DEF.stukel",1,1,0.0965,5000,0
"binint","0.7",2000,10,0.01,"EF",0.9998,0.9998,0.0107,5000,0.000199979998999889
"binint","0.7",2000,10,0.05,"EF",1,1,0.0491,5000,0
"binint","0.7",2000,10,0.1,"EF",1,1,0.0973,5000,0
"binint","0.7",2000,10,0.01,"HL",0.9998,0.9998,0.0107,5000,0.000199979998999889
"binint","0.7",2000,10,0.05,"HL",1,1,0.0489,5000,0
"binint","0.7",2000,10,0.1,"HL",1,1,0.097,5000,0
"binint","0.7",2000,10,0.01,"HL-equalwidth",0.9998,0.9998,0.0117,5000,0.000199979998999889
"binint","0.7",2000,10,0.05,"HL-equalwidth",0.9998,0.9998,0.0524,5000,0.000199979998999889
"binint","0.7",2000,10,0.1,"HL-equalwidth",0.9998,0.9998,0.0978,5000,0.000199979998999889
"binint","0.7",2000,10,0.01,"Pigeon-Heyse",0.9998,0.9998,0.0059,5000,0.000199979998999889
"binint","0.7",2000,10,0.05,"Pigeon-Heyse",1,1,0.031,5000,0
"binint","0.7",2000,10,0.1,"Pigeon-Heyse",1,1,0.0645,5000,0
"binint","0.7",2000,10,0.01,"Stukel",1,1,0.0208,5000,0
"binint","0.7",2000,10,0.05,"Stukel",1,1,0.0638,5000,0
"binint","0.7",2000,10,0.1,"Stukel",1,1,0.108,5000,0
"binint","0.7",2000,10,0.01,"Tsiatis",0.9998,0.9998,0.0102,5000,0.000199979998999889
"binint","0.7",2000,10,0.05,"Tsiatis",1,1,0.0473,5000,0
"binint","0.7",2000,10,0.1,"Tsiatis",1,1,0.0987,5000,0
"binint","0.7",2000,10,0.01,"Xie",1,1,0.0048,5000,0
"binint","0.7",2000,10,0.05,"Xie",1,1,0.0268,5000,0
"binint","0.7",2000,10,0.1,"Xie",1,1,0.0585,5000,0
"binint","0.1",5000,10,0.01,"DEF.poly2",0.1168,0.1166,0.0103,5000,0.00454219682532582
"binint","0.1",5000,10,0.05,"DEF.poly2",0.2754,0.2718,0.0511,5000,0.00631751280172822
"binint","0.1",5000,10,0.1,"DEF.poly2",0.3854,0.385,0.1009,5000,0.00688283139412844
"binint","0.1",5000,10,0.01,"DEF.poly3",0.084,0.0828,0.0099,5000,0.00392285610238255
"binint","0.1",5000,10,0.05,"DEF.poly3",0.2206,0.2112,0.0533,5000,0.00586405388788336
"binint","0.1",5000,10,0.1,"DEF.poly3",0.3186,0.3186,0.0996,5000,0.00658929495469735
"binint","0.1",5000,10,0.01,"DEF.stukel",0.1074,0,0.0104,5000,0.00437870391782774
"binint","0.1",5000,10,0.05,"DEF.stukel",0.2554,0,0.0492,5000,0.00616718477102803
"binint","0.1",5000,10,0.1,"DEF.stukel",0.3672,4e-04,0.1002,5000,0.00681709850302898
"binint","0.1",5000,10,0.01,"EF",0.0376,0.0412,0.0092,5000,0.00269021337443705
"binint","0.1",5000,10,0.05,"EF",0.1266,0.1298,0.049,5000,0.00470260438480636
"binint","0.1",5000,10,0.1,"EF",0.2114,0.2112,0.1002,5000,0.00577425389119668
"binint","0.1",5000,10,0.01,"HL",0.038,0.0416,0.009,5000,0.0027039230758289
"binint","0.1",5000,10,0.05,"HL",0.1288,0.1306,0.0486,5000,0.00473731062946056
"binint","0.1",5000,10,0.1,"HL",0.212,0.212,0.1005,5000,0.00578024220945801
"binint","0.1",5000,10,0.01,"HL-equalwidth",0.0837151187005414,0.0014,0.0094,5000,0.00391680731212286
"binint","0.1",5000,10,0.05,"HL-equalwidth",0.204706372344856,0.0082,0.0515,5000,0.0057061663744806
"binint","0.1",5000,10,0.1,"HL-equalwidth",0.317159516867972,0.015,0.1027,5000,0.00658132749113804
"binint","0.1",5000,10,0.01,"Pigeon-Heyse",0.022,0.0412,0.005,5000,0.00207441558035028
"binint","0.1",5000,10,0.05,"Pigeon-Heyse",0.0916,0.1292,0.0295,5000,0.00407944702134983
"binint","0.1",5000,10,0.1,"Pigeon-Heyse",0.1552,0.2104,0.0644,5000,0.00512079993750976
"binint","0.1",5000,10,0.01,"Stukel",NA,NA,0.0224,5000,NA
"binint","0.1",5000,10,0.05,"Stukel",NA,NA,0.068,5000,NA
"binint","0.1",5000,10,0.1,"Stukel",NA,NA,0.1177,5000,NA
"binint","0.1",5000,10,0.01,"Tsiatis",0.078,0.0742,0.0111,5000,0.00379251895183136
"binint","0.1",5000,10,0.05,"Tsiatis",0.2212,0.2162,0.0516,5000,0.00586976251649076
"binint","0.1",5000,10,0.1,"Tsiatis",0.3272,0.327,0.1004,5000,0.00663536223577884
"binint","0.1",5000,10,0.01,"Xie",0.0572,0.0864,0.0056,5000,0.00328414859590732
"binint","0.1",5000,10,0.05,"Xie",0.166,0.2362,0.0314,5000,0.00526201482324024
"binint","0.1",5000,10,0.1,"Xie",0.264,0.3422,0.0614,5000,0.00623384311640901
"binint","0.2",5000,10,0.01,"DEF.poly2",0.6634,0.6634,0.0103,5000,0.00668282036269119
"binint","0.2",5000,10,0.05,"DEF.poly2",0.8472,0.8452,0.0511,5000,0.00508826414408686
"binint","0.2",5000,10,0.1,"DEF.poly2",0.9108,0.9112,0.1009,5000,0.00403096415265628
"binint","0.2",5000,10,0.01,"DEF.poly3",0.5886,0.5958,0.0099,5000,0.00695916719155389
"binint","0.2",5000,10,0.05,"DEF.poly3",0.7846,0.781,0.0533,5000,0.00581382559077928
"binint","0.2",5000,10,0.1,"DEF.poly3",0.8696,0.8714,0.0996,5000,0.00476226500732582
"binint","0.2",5000,10,0.01,"DEF.stukel",0.6614,0.0214,0.0104,5000,0.00669253375038184
"binint","0.2",5000,10,0.05,"DEF.stukel",0.841,0.1224,0.0492,5000,0.00517144080503683
"binint","0.2",5000,10,0.1,"DEF.stukel",0.9082,0.2422,0.1002,5000,0.0040834485425924
"binint","0.2",5000,10,0.01,"EF",0.3376,0.3532,0.0092,5000,0.00668769377289361
"binint","0.2",5000,10,0.05,"EF",0.5742,0.5768,0.049,5000,0.00699277284058334
"binint","0.2",5000,10,0.1,"EF",0.694,0.6936,0.1002,5000,0.00651711592654297
"binint","0.2",5000,10,0.01,"HL",0.3438,0.3586,0.009,5000,0.00671716547362055
"binint","0.2",5000,10,0.05,"HL",0.5776,0.5804,0.0486,5000,0.00698538817819024
"binint","0.2",5000,10,0.1,"HL",0.6976,0.6976,0.1005,5000,0.00649544825243031
"binint","0.2",5000,10,0.01,"HL-equalwidth",0.4164,0.079,0.0094,5000,0.00697152838336042
"binint","0.2",5000,10,0.05,"HL-equalwidth",0.6506,0.1866,0.0515,5000,0.00674269441692266
"binint","0.2",5000,10,0.1,"HL-equalwidth",0.749,0.2676,0.1027,5000,0.00613186757847884
"binint","0.2",5000,10,0.01,"Pigeon-Heyse",0.2842,0.3554,0.005,5000,0.0063785634746391
"binint","0.2",5000,10,0.05,"Pigeon-Heyse",0.5062,0.5786,0.0295,5000,0.0070705241672736
"binint","0.2",5000,10,0.1,"Pigeon-Heyse",0.6228,0.6962,0.0644,5000,0.00685448991537664
"binint","0.2",5000,10,0.01,"Stukel",NA,NA,0.0224,5000,NA
"binint","0.2",5000,10,0.05,"Stukel",NA,NA,0.068,5000,NA
"binint","0.2",5000,10,0.1,"Stukel",NA,NA,0.1177,5000,NA
"binint","0.2",5000,10,0.01,"Tsiatis",0.5022,0.493,0.0111,5000,0.00707099936359777
"binint","0.2",5000,10,0.05,"Tsiatis",0.719,0.716,0.0516,5000,0.00635671298707123
"binint","0.2",5000,10,0.1,"Tsiatis",0.812,0.8106,0.1004,5000,0.0055255045018532
"binint","0.2",5000,10,0.01,"Xie",0.4548,0.523,0.0056,5000,0.00704211559121263
"binint","0.2",5000,10,0.05,"Xie",0.6716,0.7504,0.0314,5000,0.00664158776197379
"binint","0.2",5000,10,0.1,"Xie",0.7802,0.8388,0.0614,5000,0.00585641460280947
"binint","0.3",5000,10,0.01,"DEF.poly2",0.9674,0.9674,0.0103,5000,0.00251146331846595
"binint","0.3",5000,10,0.05,"DEF.poly2",0.9904,0.9902,0.0511,5000,0.00137897353129058
"binint","0.3",5000,10,0.1,"DEF.poly2",0.9966,0.9966,0.1009,5000,0.000823218075603295
"binint","0.3",5000,10,0.01,"DEF.poly3",0.9564,0.9586,0.0099,5000,0.00288787257336607
"binint","0.3",5000,10,0.05,"DEF.poly3",0.9882,0.9876,0.0533,5000,0.00152713850059515
"binint","0.3",5000,10,0.1,"DEF.poly3",0.9938,0.9942,0.0996,5000,0.00111009549138801
"binint","0.3",5000,10,0.01,"DEF.stukel",0.9716,0.6534,0.0104,5000,0.00234918879615922
"binint","0.3",5000,10,0.05,"DEF.stukel",0.9926,0.8828,0.0492,5000,0.00121204290353106
"binint","0.3",5000,10,0.1,"DEF.stukel",0.9966,0.9408,0.1002,5000,0.000823218075603295
"binint","0.3",5000,10,0.01,"EF",0.8366,0.8454,0.0092,5000,0.00522877499994023
"binint","0.3",5000,10,0.05,"EF",0.9392,0.9396,0.049,5000,0.00337944847571316
"binint","0.3",5000,10,0.1,"EF",0.9644,0.9642,0.1002,5000,0.00262040607540129
"binint","0.3",5000,10,0.01,"HL",0.8422,0.8498,0.009,5000,0.00515556320880658
"binint","0.3",5000,10,0.05,"HL",0.9412,0.9422,0.0486,5000,0.00332693733033852
"binint","0.3",5000,10,0.1,"HL",0.9658,0.9658,0.1005,5000,0.0025702280054501
"binint","0.3",5000,10,0.01,"HL-equalwidth",0.8762,0.6098,0.0094,5000,0.004657758259077
"binint","0.3",5000,10,0.05,"HL-equalwidth",0.9518,0.7818,0.0515,5000,0.00302908435009658
"binint","0.3",5000,10,0.1,"HL-equalwidth",0.9778,0.8586,0.1027,5000,0.00208361032825238
"binint","0.3",5000,10,0.01,"Pigeon-Heyse",0.7992,0.8488,0.005,5000,0.00566532187964638
"binint","0.3",5000,10,0.05,"Pigeon-Heyse",0.9186,0.942,0.0295,5000,0.0038671446830963
"binint","0.3",5000,10,0.1,"Pigeon-Heyse",0.9512,0.9654,0.0644,5000,0.00304691844328003
"binint","0.3",5000,10,0.01,"Stukel",1,1,0.0224,5000,0
"binint","0.3",5000,10,0.05,"Stukel",1,1,0.068,5000,0
"binint","0.3",5000,10,0.1,"Stukel",1,1,0.1177,5000,0
"binint","0.3",5000,10,0.01,"Tsiatis",0.9196,0.9124,0.0111,5000,0.0038454086908936
"binint","0.3",5000,10,0.05,"Tsiatis",0.9786,0.978,0.0516,5000,0.00204656004065358
"binint","0.3",5000,10,0.1,"Tsiatis",0.9912,0.9908,0.1004,5000,0.00132079975772257
"binint","0.3",5000,10,0.01,"Xie",0.9072,0.932,0.0056,5000,0.0041033683724472
"binint","0.3",5000,10,0.05,"Xie",0.9726,0.983,0.0314,5000,0.00230864635663412
"binint","0.3",5000,10,0.1,"Xie",0.9862,0.9918,0.0614,5000,0.00164982180855994
"binint","0.5",5000,10,0.01,"DEF.poly2",1,1,0.0103,5000,0
"binint","0.5",5000,10,0.05,"DEF.poly2",1,1,0.0511,5000,0
"binint","0.5",5000,10,0.1,"DEF.poly2",1,1,0.1009,5000,0
"binint","0.5",5000,10,0.01,"DEF.poly3",1,1,0.0099,5000,0
"binint","0.5",5000,10,0.05,"DEF.poly3",1,1,0.0533,5000,0
"binint","0.5",5000,10,0.1,"DEF.poly3",1,1,0.0996,5000,0
"binint","0.5",5000,10,0.01,"DEF.stukel",1,1,0.0104,5000,0
"binint","0.5",5000,10,0.05,"DEF.stukel",1,1,0.0492,5000,0
"binint","0.5",5000,10,0.1,"DEF.stukel",1,1,0.1002,5000,0
"binint","0.5",5000,10,0.01,"EF",1,1,0.0092,5000,0
"binint","0.5",5000,10,0.05,"EF",1,1,0.049,5000,0
"binint","0.5",5000,10,0.1,"EF",1,1,0.1002,5000,0
"binint","0.5",5000,10,0.01,"HL",1,1,0.009,5000,0
"binint","0.5",5000,10,0.05,"HL",1,1,0.0486,5000,0
"binint","0.5",5000,10,0.1,"HL",1,1,0.1005,5000,0
"binint","0.5",5000,10,0.01,"HL-equalwidth",0.9998,0.9998,0.0094,5000,0.000199979998999889
"binint","0.5",5000,10,0.05,"HL-equalwidth",1,1,0.0515,5000,0
"binint","0.5",5000,10,0.1,"HL-equalwidth",1,1,0.1027,5000,0
"binint","0.5",5000,10,0.01,"Pigeon-Heyse",1,1,0.005,5000,0
"binint","0.5",5000,10,0.05,"Pigeon-Heyse",1,1,0.0295,5000,0
"binint","0.5",5000,10,0.1,"Pigeon-Heyse",1,1,0.0644,5000,0
"binint","0.5",5000,10,0.01,"Stukel",1,1,0.0224,5000,0
"binint","0.5",5000,10,0.05,"Stukel",1,1,0.068,5000,0
"binint","0.5",5000,10,0.1,"Stukel",1,1,0.1177,5000,0
"binint","0.5",5000,10,0.01,"Tsiatis",1,1,0.0111,5000,0
"binint","0.5",5000,10,0.05,"Tsiatis",1,1,0.0516,5000,0
"binint","0.5",5000,10,0.1,"Tsiatis",1,1,0.1004,5000,0
"binint","0.5",5000,10,0.01,"Xie",1,1,0.0056,5000,0
"binint","0.5",5000,10,0.05,"Xie",1,1,0.0314,5000,0
"binint","0.5",5000,10,0.1,"Xie",1,1,0.0614,5000,0
"binint","0.7",5000,10,0.01,"DEF.poly2",1,1,0.0103,5000,0
"binint","0.7",5000,10,0.05,"DEF.poly2",1,1,0.0511,5000,0
"binint","0.7",5000,10,0.1,"DEF.poly2",1,1,0.1009,5000,0
"binint","0.7",5000,10,0.01,"DEF.poly3",1,1,0.0099,5000,0
"binint","0.7",5000,10,0.05,"DEF.poly3",1,1,0.0533,5000,0
"binint","0.7",5000,10,0.1,"DEF.poly3",1,1,0.0996,5000,0
"binint","0.7",5000,10,0.01,"DEF.stukel",1,1,0.0104,5000,0
"binint","0.7",5000,10,0.05,"DEF.stukel",1,1,0.0492,5000,0
"binint","0.7",5000,10,0.1,"DEF.stukel",1,1,0.1002,5000,0
"binint","0.7",5000,10,0.01,"EF",1,1,0.0092,5000,0
"binint","0.7",5000,10,0.05,"EF",1,1,0.049,5000,0
"binint","0.7",5000,10,0.1,"EF",1,1,0.1002,5000,0
"binint","0.7",5000,10,0.01,"HL",1,1,0.009,5000,0
"binint","0.7",5000,10,0.05,"HL",1,1,0.0486,5000,0
"binint","0.7",5000,10,0.1,"HL",1,1,0.1005,5000,0
"binint","0.7",5000,10,0.01,"HL-equalwidth",1,1,0.0094,5000,0
"binint","0.7",5000,10,0.05,"HL-equalwidth",1,1,0.0515,5000,0
"binint","0.7",5000,10,0.1,"HL-equalwidth",1,1,0.1027,5000,0
"binint","0.7",5000,10,0.01,"Pigeon-Heyse",1,1,0.005,5000,0
"binint","0.7",5000,10,0.05,"Pigeon-Heyse",1,1,0.0295,5000,0
"binint","0.7",5000,10,0.1,"Pigeon-Heyse",1,1,0.0644,5000,0
"binint","0.7",5000,10,0.01,"Stukel",1,1,0.0224,5000,0
"binint","0.7",5000,10,0.05,"Stukel",1,1,0.068,5000,0
"binint","0.7",5000,10,0.1,"Stukel",1,1,0.1177,5000,0
"binint","0.7",5000,10,0.01,"Tsiatis",1,1,0.0111,5000,0
"binint","0.7",5000,10,0.05,"Tsiatis",1,1,0.0516,5000,0
"binint","0.7",5000,10,0.1,"Tsiatis",1,1,0.1004,5000,0
"binint","0.7",5000,10,0.01,"Xie",1,1,0.0056,5000,0
"binint","0.7",5000,10,0.05,"Xie",1,1,0.0314,5000,0
"binint","0.7",5000,10,0.1,"Xie",1,1,0.0614,5000,0
"contint","0.1",200,10,0.01,"DEF.poly2",0.0112,0.0114,0.0104,10000,0.00105235735375394
"contint","0.1",200,10,0.05,"DEF.poly2",0.0558,0.0534,0.0548,10000,0.00229535095355808
"contint","0.1",200,10,0.1,"DEF.poly2",0.1116,0.1036,0.1087,10000,0.00314873688961145
"contint","0.1",200,10,0.01,"DEF.poly3",0.0095,0.0096,0.011,10000,0.000970038659023443
"contint","0.1",200,10,0.05,"DEF.poly3",0.055,0.0526,0.0536,10000,0.0022798026230356
"contint","0.1",200,10,0.1,"DEF.poly3",0.1078,0.106,0.1045,10000,0.00310127651137399
"contint","0.1",200,10,0.01,"DEF.stukel",0.0107,1e-04,0.0125,10000,0.00102885907684192
"contint","0.1",200,10,0.05,"DEF.stukel",0.0526,5e-04,0.0477,10000,0.00223233599621562
"contint","0.1",200,10,0.1,"DEF.stukel",0.1103,0.001,0.0996,10000,0.00313263323738991
"contint","0.1",200,10,0.01,"EF",0.0081,0.0114,0.0076,10000,0.000896347588829244
"contint","0.1",200,10,0.05,"EF",0.0456,0.0486,0.0473,10000,0.00208616010890823
"contint","0.1",200,10,0.1,"EF",0.0928,0.0928,0.1001,10000,0.00290151960186382
"contint","0.1",200,10,0.01,"HL",0.0085,0.0105,0.0073,10000,0.000918027777357526
"contint","0.1",200,10,0.05,"HL",0.0469,0.0498,0.0471,10000,0.00211424667434999
"contint","0.1",200,10,0.1,"HL",0.0939,0.0936,0.1004,10000,0.00291689543864706
"contint","0.1",200,10,0.01,"HL-equalwidth",0.0116326254565129,0,0.0162,10000,0.001072254982805
"contint","0.1",200,10,0.05,"HL-equalwidth",0.0616799675368592,1e-04,0.0597,10000,0.00240573375795226
"contint","0.1",200,10,0.1,"HL-equalwidth",0.121736778033275,7e-04,0.1069,10000,0.00326981551325686
"contint","0.1",200,10,0.01,"Pigeon-Heyse",0.0042,0.0103,0.0042,10000,0.000646711682281989
"contint","0.1",200,10,0.05,"Pigeon-Heyse",0.0268,0.0486,0.0284,10000,0.00161498482965011
"contint","0.1",200,10,0.1,"Pigeon-Heyse",0.0625,0.0924,0.0646,10000,0.00242061459137964
"contint","0.1",200,10,0.01,"Stukel",0.00364963503649635,0.00364963503649635,0.0231,10000,0.000603018673060522
"contint","0.1",200,10,0.05,"Stukel",0.0401459854014599,0.0218978102189781,0.0707,10000,0.0019630151618774
"contint","0.1",200,10,0.1,"Stukel",0.0985401459854015,0.072992700729927,0.1168,10000,0.00298043596835391
"contint","0.1",200,10,0.01,"Tsiatis",0.0109,0.011,0.0099,10000,0.00103832509360027
"contint","0.1",200,10,0.05,"Tsiatis",0.047,0.0417,0.0567,10000,0.00211638843315682
"contint","0.1",200,10,0.1,"Tsiatis",0.0998,0.0945,0.1053,10000,0.00299733147983335
"contint","0.1",200,10,0.01,"Xie",0.006,0.0118,0.0051,10000,0.000772269383052313
"contint","0.1",200,10,0.05,"Xie",0.0347,0.0567,0.0282,10000,0.00183018878807625
"contint","0.1",200,10,0.1,"Xie",0.0702,0.1089,0.0628,10000,0.00255483776392944
"contint","0.3",200,10,0.01,"DEF.poly2",0.0251,0.0249,0.0104,10000,0.00156428865622685
"contint","0.3",200,10,0.05,"DEF.poly2",0.0878,0.0846,0.0548,10000,0.00283003816228686
"contint","0.3",200,10,0.1,"DEF.poly2",0.1486,0.141,0.1087,10000,0.00355693744673701
"contint","0.3",200,10,0.01,"DEF.poly3",0.0223,0.0218,0.011,10000,0.00147657407535145
"contint","0.3",200,10,0.05,"DEF.poly3",0.077,0.0751,0.0536,10000,0.00266591447724791
"contint","0.3",200,10,0.1,"DEF.poly3",0.1447,0.146,0.1045,10000,0.00351798109716354
"contint","0.3",200,10,0.01,"DEF.stukel",0.0288,0.0011,0.0125,10000,0.0016724401334577
"contint","0.3",200,10,0.05,"DEF.stukel",0.0878,0.0056,0.0477,10000,0.00283003816228686
"contint","0.3",200,10,0.1,"DEF.stukel",0.152,0.0106,0.0996,10000,0.0035902089075707
"contint","0.3",200,10,0.01,"EF",0.0106,0.0153,0.0076,10000,0.00102409179276079
"contint","0.3",200,10,0.05,"EF",0.0557,0.0583,0.0473,10000,0.00229341470301383
"contint","0.3",200,10,0.1,"EF",0.1119,0.1119,0.1001,10000,0.00315243382166858
"contint","0.3",200,10,0.01,"HL",0.0122,0.0166,0.0073,10000,0.00109777775528565
"contint","0.3",200,10,0.05,"HL",0.0586,0.0633,0.0471,10000,0.00234874519690834
"contint","0.3",200,10,0.1,"HL",0.117,0.1167,0.1004,10000,0.00321420285607489
"contint","0.3",200,10,0.01,"HL-equalwidth",0.0200346545375785,5e-04,0.0162,10000,0.00140118760896385
"contint","0.3",200,10,0.05,"HL-equalwidth",0.0725579380550141,0.0029,0.0597,10000,0.00259409490343393
"contint","0.3",200,10,0.1,"HL-equalwidth",0.138076673164392,0.0069,0.1069,10000,0.00344980442188026
"contint","0.3",200,10,0.01,"Pigeon-Heyse",0.0072,0.0165,0.0042,10000,0.00084546791778281
"contint","0.3",200,10,0.05,"Pigeon-Heyse",0.0374,0.0621,0.0284,10000,0.0018973992726888
"contint","0.3",200,10,0.1,"Pigeon-Heyse",0.0782,0.1145,0.0646,10000,0.00268486051779231
"contint","0.3",200,10,0.01,"Stukel",0.0177035912999494,0.00758725341426404,0.0231,10000,0.00131871809553952
"contint","0.3",200,10,0.05,"Stukel",0.0708143651997977,0.052604957005564,0.0707,10000,0.00256514504231529
"contint","0.3",200,10,0.1,"Stukel",0.130500758725341,0.112291350531108,0.1168,10000,0.00336853544878856
"contint","0.3",200,10,0.01,"Tsiatis",0.0166,0.0169,0.0099,10000,0.00127767131923668
"contint","0.3",200,10,0.05,"Tsiatis",0.0713,0.0646,0.0567,10000,0.00257325299960964
"contint","0.3",200,10,0.1,"Tsiatis",0.1357,0.1296,0.1053,10000,0.00342469721289343
"contint","0.3",200,10,0.01,"Xie",0.0126,0.0216,0.0051,10000,0.00111540306616039
"contint","0.3",200,10,0.05,"Xie",0.0514,0.0817,0.0282,10000,0.00220812227922278
"contint","0.3",200,10,0.1,"Xie",0.0983,0.1436,0.0628,10000,0.00297719851538321
"contint","0.5",200,10,0.01,"DEF.poly2",0.0523,0.0519,0.0104,10000,0.00222631332026739
"contint","0.5",200,10,0.05,"DEF.poly2",0.1432,0.1393,0.0548,10000,0.00350276690631849
"contint","0.5",200,10,0.1,"DEF.poly2",0.2178,0.21,0.1087,10000,0.00412750723803121
"contint","0.5",200,10,0.01,"DEF.poly3",0.0468,0.0466,0.011,10000,0.00211210227025114
"contint","0.5",200,10,0.05,"DEF.poly3",0.1242,0.1216,0.0536,10000,0.00329809581425404
"contint","0.5",200,10,0.1,"DEF.poly3",0.2005,0.2012,0.1045,10000,0.00400374512175788
"contint","0.5",200,10,0.01,"DEF.stukel",0.0689206762028609,0.0119035710713214,0.0125,10000,0.00253319199024869
"contint","0.5",200,10,0.05,"DEF.stukel",0.151045313594078,0.0359107732319696,0.0477,10000,0.00358093042148748
"contint","0.5",200,10,0.1,"DEF.stukel",0.223767130139042,0.0577173151945584,0.0996,10000,0.00416767802989121
"contint","0.5",200,10,0.01,"EF",0.0162,0.0221,0.0076,10000,0.00126244049364713
"contint","0.5",200,10,0.05,"EF",0.0677,0.0719,0.0473,10000,0.00251230392269725
"contint","0.5",200,10,0.1,"EF",0.1255,0.1255,0.1001,10000,0.00331284998151139
"contint","0.5",200,10,0.01,"HL",0.0216,0.0271,0.0073,10000,0.00145373450120715
"contint","0.5",200,10,0.05,"HL",0.0828,0.0865,0.0471,10000,0.00275579679947561
"contint","0.5",200,10,0.1,"HL",0.1491,0.1491,0.1004,10000,0.00356187015484843
"contint","0.5",200,10,0.01,"HL-equalwidth",0.0208586472255974,5e-04,0.0162,10000,0.00142911035478424
"contint","0.5",200,10,0.05,"HL-equalwidth",0.0779667881733495,0.0061,0.0597,10000,0.00268119316937966
"contint","0.5",200,10,0.1,"HL-equalwidth",0.140238963142973,0.0172,0.1069,10000,0.00347234785641584
"contint","0.5",200,10,0.01,"Pigeon-Heyse",0.0136,0.027,0.0042,10000,0.00115823313715331
"contint","0.5",200,10,0.05,"Pigeon-Heyse",0.0553,0.0861,0.0284,10000,0.00228564892317259
"contint","0.5",200,10,0.1,"Pigeon-Heyse",0.104,0.1475,0.0646,10000,0.00305260544453423
"contint","0.5",200,10,0.01,"Stukel",0.0510499637943519,0.025524981897176,0.0231,10000,0.00220099670583459
"contint","0.5",200,10,0.05,"Stukel",0.12961622013034,0.0982983345401883,0.0707,10000,0.00335880716340583
"contint","0.5",200,10,0.1,"Stukel",0.192070963070239,0.171433743664012,0.1168,10000,0.00393928557248024
"contint","0.5",200,10,0.01,"Tsiatis",0.0356,0.036,0.0099,10000,0.00185290690537868
"contint","0.5",200,10,0.05,"Tsiatis",0.1146,0.1038,0.0567,10000,0.0031853860048666
"contint","0.5",200,10,0.1,"Tsiatis",0.191,0.1846,0.1053,10000,0.00393089048435593
"contint","0.5",200,10,0.01,"Xie",0.0288,0.0466,0.0051,10000,0.0016724401334577
"contint","0.5",200,10,0.05,"Xie",0.0922,0.1368,0.0282,10000,0.00289308071093774
"contint","0.5",200,10,0.1,"Xie",0.1579,0.2111,0.0628,10000,0.00364647213070387
"contint","0.7",200,10,0.01,"DEF.poly2",0.0939,0.0923,0.0104,10000,0.00291689543864706
"contint","0.7",200,10,0.05,"DEF.poly2",0.2191,0.2113,0.0548,10000,0.00413636543356604
"contint","0.7",200,10,0.1,"DEF.poly2",0.3079,0.2963,0.1087,10000,0.00461624945166528
"contint","0.7",200,10,0.01,"DEF.poly3",0.0904,0.0894,0.011,10000,0.00286753971201795
"contint","0.7",200,10,0.05,"DEF.poly3",0.203,0.1996,0.0536,10000,0.00402232519819072
"contint","0.7",200,10,0.1,"DEF.poly3",0.2935,0.2931,0.1045,10000,0.00455365512528123
"contint","0.7",200,10,0.01,"DEF.stukel",0.132713271327133,0.0724072407240724,0.0125,10000,0.00339264585450329
"contint","0.7",200,10,0.05,"DEF.stukel",0.252725272527253,0.162216221622162,0.0477,10000,0.00434574745185772
"contint","0.7",200,10,0.1,"DEF.stukel",0.328432843284328,0.216821682168217,0.0996,10000,0.0046964317384212
"contint","0.7",200,10,0.01,"EF",0.0291,0.0383,0.0076,10000,0.00168086852549508
"contint","0.7",200,10,0.05,"EF",0.0986,0.102,0.0473,10000,0.00298124202305012
"contint","0.7",200,10,0.1,"EF",0.1632,0.1631,0.1001,10000,0.00369548048296835
"contint","0.7",200,10,0.01,"HL",0.0531,0.0604,0.0073,10000,0.0022423289232403
"contint","0.7",200,10,0.05,"HL",0.1411,0.1466,0.0471,10000,0.00348124675942399
"contint","0.7",200,10,0.1,"HL",0.2188,0.2182,0.1004,10000,0.00413432654733513
"contint","0.7",200,10,0.01,"HL-equalwidth",0.0154015401540154,0.0021,0.0162,10000,0.00123143545161326
"contint","0.7",200,10,0.05,"HL-equalwidth",0.0738073807380738,0.0171,0.0597,10000,0.00261457169124617
"contint","0.7",200,10,0.1,"HL-equalwidth",0.136513651365137,0.0441,0.1069,10000,0.00343333182719198
"contint","0.7",200,10,0.01,"Pigeon-Heyse",0.0387,0.0606,0.0042,10000,0.00192879003522934
"contint","0.7",200,10,0.05,"Pigeon-Heyse",0.108,0.1471,0.0284,10000,0.00310380411753061
"contint","0.7",200,10,0.1,"Pigeon-Heyse",0.1711,0.2176,0.0646,10000,0.00376596322339983
"contint","0.7",200,10,0.01,"Stukel",0.1053525913339,0.0628717077315208,0.0231,10000,0.00307007203226784
"contint","0.7",200,10,0.05,"Stukel",0.221750212404418,0.178419711129991,0.0707,10000,0.00415423946954209
"contint","0.7",200,10,0.1,"Stukel",0.310216652506372,0.283135089209856,0.1168,10000,0.00462582188388305
"contint","0.7",200,10,0.01,"Tsiatis",0.0934,0.0942,0.0099,10000,0.00290992164842973
"contint","0.7",200,10,0.05,"Tsiatis",0.2204,0.2061,0.0567,10000,0.00414516392920714
"contint","0.7",200,10,0.1,"Tsiatis",0.3241,0.3144,0.1053,10000,0.00468037594643849
"contint","0.7",200,10,0.01,"Xie",0.0833,0.1156,0.0051,10000,0.00276335140725895
"contint","0.7",200,10,0.05,"Xie",0.1958,0.255,0.0282,10000,0.0039681527188353
"contint","0.7",200,10,0.1,"Xie",0.2815,0.3472,0.0628,10000,0.00449730752784374
"contint","0.1",500,10,0.01,"DEF.poly2",0.0128,0.0152,0.008,5000,0.0015897270205919
"contint","0.1",500,10,0.05,"DEF.poly2",0.0628,0.0726,0.0438,5000,0.00343092290790685
"contint","0.1",500,10,0.1,"DEF.poly2",0.115,0.132,0.0903,5000,0.00451165158229223
"contint","0.1",500,10,0.01,"DEF.poly3",0.0142,0.017,0.0086,5000,0.00167322204145176
"contint","0.1",500,10,0.05,"DEF.poly3",0.0568,0.0626,0.0475,5000,0.00327333957908433
"contint","0.1",500,10,0.1,"DEF.poly3",0.116,0.1208,0.0982,5000,0.00452866426223009
"contint","0.1",500,10,0.01,"DEF.stukel",0.0136,0,0.0105,5000,0.00163798901095215
"contint","0.1",500,10,0.05,"DEF.stukel",0.0648,0,0.0485,5000,0.00348140661227614
"contint","0.1",500,10,0.1,"DEF.stukel",0.1216,2e-04,0.0973,5000,0.00462197879700892
"contint","0.1",500,10,0.01,"EF",0.0104,0.0116,0.0092,5000,0.00143470136265357
"contint","0.1",500,10,0.05,"EF",0.05,0.0562,0.0457,5000,0.00308220700148449
"contint","0.1",500,10,0.1,"EF",0.1024,0.1094,0.0929,5000,0.00428752236145772
"contint","0.1",500,10,0.01,"HL",0.0106,0.0112,0.009,5000,0.00144828450243728
"contint","0.1",500,10,0.05,"HL",0.051,0.057,0.046,5000,0.00311123769583746
"contint","0.1",500,10,0.1,"HL",0.1028,0.1122,0.093,5000,0.00429493096568501
"contint","0.1",500,10,0.01,"HL-equalwidth",0.0198726114649682,2e-04,0.0136,5000,0.00197371177118294
"contint","0.1",500,10,0.05,"HL-equalwidth",0.0850955414012739,0.0014,0.055,5000,0.00394599265673159
"contint","0.1",500,10,0.1,"HL-equalwidth",0.152101910828025,0.0026,0.1042,5000,0.00507871872720845
"contint","0.1",500,10,0.01,"Pigeon-Heyse",0.005,0.0112,0.0051,5000,0.000997496867163
"contint","0.1",500,10,0.05,"Pigeon-Heyse",0.0336,0.0556,0.029,5000,0.00254837359898426
"contint","0.1",500,10,0.1,"Pigeon-Heyse",0.068,0.1106,0.0604,5000,0.00356022471200906
"contint","0.1",500,10,0.01,"Stukel",0,0,0.0202,5000,0
"contint","0.1",500,10,0.05,"Stukel",0.0357142857142857,0,0.064,5000,0.00262445329583912
"contint","0.1",500,10,0.1,"Stukel",0.0357142857142857,0.0357142857142857,0.1065,5000,0.00262445329583912
"contint","0.1",500,10,0.01,"Tsiatis",0.0102,0.0144,0.0075,5000,0.00142098275851609
"contint","0.1",500,10,0.05,"Tsiatis",0.0598,0.0652,0.0449,5000,0.00335332551357604
"contint","0.1",500,10,0.1,"Tsiatis",0.115,0.1164,0.098,5000,0.00451165158229223
"contint","0.1",500,10,0.01,"Xie",0.0088,0.0168,0.0042,5000,0.00132079975772257
"contint","0.1",500,10,0.05,"Xie",0.0412,0.0682,0.0276,5000,0.00281078494374792
"contint","0.1",500,10,0.1,"Xie",0.0824,0.1308,0.0606,5000,0.00388870775451177
"contint","0.3",500,10,0.01,"DEF.poly2",0.057,0.064,0.008,5000,0.00327874976172321
"contint","0.3",500,10,0.05,"DEF.poly2",0.1566,0.176,0.0438,5000,0.00513958052763063
"contint","0.3",500,10,0.1,"DEF.poly2",0.2368,0.259,0.0903,5000,0.00601208383175085
"contint","0.3",500,10,0.01,"DEF.poly3",0.046,0.0516,0.0086,5000,0.00296256645495084
"contint","0.3",500,10,0.05,"DEF.poly3",0.1332,0.1422,0.0475,5000,0.00480536699951211
"contint","0.3",500,10,0.1,"DEF.poly3",0.2098,0.2202,0.0982,5000,0.00575819346670464
"contint","0.3",500,10,0.01,"DEF.stukel",0.0598,2e-04,0.0105,5000,0.00335332551357604
"contint","0.3",500,10,0.05,"DEF.stukel",0.1496,0.0038,0.0485,5000,0.00504420142341679
"contint","0.3",500,10,0.1,"DEF.stukel",0.2318,0.0106,0.0973,5000,0.00596772586501759
"contint","0.3",500,10,0.01,"EF",0.0196,0.0226,0.0092,5000,0.001960399959192
"contint","0.3",500,10,0.05,"EF",0.0746,0.0812,0.0457,5000,0.00371577286711661
"contint","0.3",500,10,0.1,"EF",0.1368,0.1426,0.0929,5000,0.00485974814162216
"contint","0.3",500,10,0.01,"HL",0.0208,0.0242,0.009,5000,0.00201828441999635
"contint","0.3",500,10,0.05,"HL",0.0808,0.0874,0.046,5000,0.00385412402498934
"contint","0.3",500,10,0.1,"HL",0.1434,0.1524,0.093,5000,0.00495653992216344
"contint","0.3",500,10,0.01,"HL-equalwidth",0.0365333874568703,2e-04,0.0136,5000,0.00265325080072716
"contint","0.3",500,10,0.05,"HL-equalwidth",0.118936472498478,0.0046,0.055,5000,0.00457800366990016
"contint","0.3",500,10,0.1,"HL-equalwidth",0.195859549421555,0.0102,0.1042,5000,0.00561246089201413
"contint","0.3",500,10,0.01,"Pigeon-Heyse",0.0116,0.0234,0.0051,5000,0.00151429455523026
"contint","0.3",500,10,0.05,"Pigeon-Heyse",0.0544,0.087,0.029,5000,0.0032075111847038
"contint","0.3",500,10,0.1,"Pigeon-Heyse",0.1022,0.1518,0.0604,5000,0.00428381045332307
"contint","0.3",500,10,0.01,"Stukel",0.0481927710843374,0.0228915662650602,0.0202,5000,0.00302886869637989
"contint","0.3",500,10,0.05,"Stukel",0.124096385542169,0.102409638554217,0.064,5000,0.0046625416381527
"contint","0.3",500,10,0.1,"Stukel",0.203614457831325,0.190361445783133,0.1065,5000,0.00569483292807402
"contint","0.3",500,10,0.01,"Tsiatis",0.0298,0.036,0.0075,5000,0.00240466047499434
"contint","0.3",500,10,0.05,"Tsiatis",0.113,0.1232,0.0449,5000,0.00447729829249739
"contint","0.3",500,10,0.1,"Tsiatis",0.1904,0.1938,0.098,5000,0.00555243802306698
"contint","0.3",500,10,0.01,"Xie",0.0214,0.0438,0.0042,5000,0.00204656004065358
"contint","0.3",500,10,0.05,"Xie",0.089,0.1302,0.0276,5000,0.00402688465193628
"contint","0.3",500,10,0.1,"Xie",0.155,0.2242,0.0606,5000,0.00511810511810768
"contint","0.5",500,10,0.01,"DEF.poly2",0.1248,0.1394,0.008,5000,0.00467386264239761
"contint","0.5",500,10,0.05,"DEF.poly2",0.2754,0.2988,0.0438,5000,0.00631751280172822
"contint","0.5",500,10,0.1,"DEF.poly2",0.377,0.4006,0.0903,5000,0.00685377268371223
"contint","0.5",500,10,0.01,"DEF.poly3",0.099,0.1112,0.0086,5000,0.00422371874063603
"contint","0.5",500,10,0.05,"DEF.poly3",0.2306,0.246,0.0475,5000,0.00595690590827151
"contint","0.5",500,10,0.1,"DEF.poly3",0.33,0.3448,0.0982,5000,0.00664981202741852
"contint","0.5",500,10,0.01,"DEF.stukel",0.142828565713143,0.0168033606721344,0.0105,5000,0.00494830408381436
"contint","0.5",500,10,0.05,"DEF.stukel",0.287657531506301,0.0624124824964993,0.0485,5000,0.00640172908008458
"contint","0.5",500,10,0.1,"DEF.stukel",0.387277455491098,0.106621324264853,0.0973,5000,0.00688902936500402
"contint","0.5",500,10,0.01,"EF",0.037,0.0408,0.0092,5000,0.00266949433413896
"contint","0.5",500,10,0.05,"EF",0.1206,0.129,0.0457,5000,0.00460555403833241
"contint","0.5",500,10,0.1,"EF",0.2048,0.2126,0.0929,5000,0.00570713518325964
"contint","0.5",500,10,0.01,"HL",0.0434,0.0462,0.009,5000,0.00288154264240528
"contint","0.5",500,10,0.05,"HL",0.1374,0.147,0.046,5000,0.00486870085341049
"contint","0.5",500,10,0.1,"HL",0.2246,0.2356,0.093,5000,0.00590177668164427
"contint","0.5",500,10,0.01,"HL-equalwidth",0.0418,0.0026,0.0136,5000,0.00283029185774188
"contint","0.5",500,10,0.05,"HL-equalwidth",0.1374,0.0162,0.055,5000,0.00486870085341049
"contint","0.5",500,10,0.1,"HL-equalwidth",0.2204,0.038,0.1042,5000,0.00586214704694449
"contint","0.5",500,10,0.01,"Pigeon-Heyse",0.0288,0.0458,0.0051,5000,0.00236518751899294
"contint","0.5",500,10,0.05,"Pigeon-Heyse",0.0974,0.147,0.029,5000,0.00419316682234323
"contint","0.5",500,10,0.1,"Pigeon-Heyse",0.1688,0.2352,0.0604,5000,0.00529729289354478
"contint","0.5",500,10,0.01,"Stukel",0.124717832957111,0.0778781038374718,0.0202,5000,0.00467254309984601
"contint","0.5",500,10,0.05,"Stukel",0.266930022573363,0.228837471783296,0.064,5000,0.00625585143081814
"contint","0.5",500,10,0.1,"Stukel",0.364841986455982,0.352144469525959,0.1065,5000,0.00680782360780352
"contint","0.5",500,10,0.01,"Tsiatis",0.0838,0.0986,0.0075,5000,0.00391861097839528
"contint","0.5",500,10,0.05,"Tsiatis",0.2224,0.2318,0.0449,5000,0.0058811264227187
"contint","0.5",500,10,0.1,"Tsiatis",0.3362,0.3382,0.098,5000,0.00668086162107853
"contint","0.5",500,10,0.01,"Xie",0.0716,0.117,0.0042,5000,0.00364618814654428
"contint","0.5",500,10,0.05,"Xie",0.1936,0.2572,0.0276,5000,0.00558782676896842
"contint","0.5",500,10,0.1,"Xie",0.2944,0.3864,0.0606,5000,0.00644559756733229
"contint","0.7",500,10,0.01,"DEF.poly2",0.2454,0.2638,0.008,5000,0.006085701931577
"contint","0.7",500,10,0.05,"DEF.poly2",0.436,0.457,0.0438,5000,0.0070129023948719
"contint","0.7",500,10,0.1,"DEF.poly2",0.5406,0.5672,0.0903,5000,0.00704771792852126
"contint","0.7",500,10,0.01,"DEF.poly3",0.216,0.2318,0.0086,5000,0.00581969071343143
"contint","0.7",500,10,0.05,"DEF.poly3",0.4038,0.4176,0.0475,5000,0.00693895611745744
"contint","0.7",500,10,0.1,"DEF.poly3",0.5092,0.524,0.0982,5000,0.00706987072017586
"contint","0.7",500,10,0.01,"DEF.stukel",0.293234587670136,0.181345076060849,0.0105,5000,0.00643813737449057
"contint","0.7",500,10,0.05,"DEF.stukel",0.478582866293034,0.341072858286629,0.0485,5000,0.00706457792629932
"contint","0.7",500,10,0.1,"DEF.stukel",0.573458767013611,0.438550840672538,0.0973,5000,0.0069943378464132
"contint","0.7",500,10,0.01,"EF",0.0888,0.0952,0.0092,5000,0.00402279902555422
"contint","0.7",500,10,0.05,"EF",0.209,0.2174,0.0457,5000,0.00575011304236708
"contint","0.7",500,10,0.1,"EF",0.3062,0.318,0.0929,5000,0.0065183059148831
"contint","0.7",500,10,0.01,"HL",0.118,0.1238,0.009,5000,0.00456236780630409
"contint","0.7",500,10,0.05,"HL",0.2568,0.2708,0.046,5000,0.00617824829543132
"contint","0.7",500,10,0.1,"HL",0.3652,0.3782,0.093,5000,0.00680924312974651
"contint","0.7",500,10,0.01,"HL-equalwidth",0.0448,0.0104,0.0136,5000,0.00292550713552369
"contint","0.7",500,10,0.05,"HL-equalwidth",0.1474,0.0626,0.055,5000,0.00501344671857595
"contint","0.7",500,10,0.1,"HL-equalwidth",0.2362,0.1266,0.1042,5000,0.00600682212155479
"contint","0.7",500,10,0.01,"Pigeon-Heyse",0.0922,0.1242,0.0051,5000,0.00409143397844814
"contint","0.7",500,10,0.05,"Pigeon-Heyse",0.2074,0.2712,0.029,5000,0.00573385106189549
"contint","0.7",500,10,0.1,"Pigeon-Heyse",0.2994,0.381,0.0604,5000,0.00647703080122366
"contint","0.7",500,10,0.01,"Stukel",0.285111512959614,0.205545509342978,0.0202,5000,0.00638471515633225
"contint","0.7",500,10,0.05,"Stukel",0.462326702833032,0.421338155515371,0.064,5000,0.00705096763119175
"contint","0.7",500,10,0.1,"Stukel",0.567410086397428,0.555555555555556,0.1065,5000,0.00700650954829709
"contint","0.7",500,10,0.01,"Tsiatis",0.2724,0.3008,0.0075,5000,0.00629600254129555
"contint","0.7",500,10,0.05,"Tsiatis",0.4782,0.491,0.0449,5000,0.00706434370624759
"contint","0.7",500,10,0.1,"Tsiatis",0.6048,0.6084,0.098,5000,0.00691399971073184
"contint","0.7",500,10,0.01,"Xie",0.2408,0.3236,0.0042,5000,0.00604674060961771
"contint","0.7",500,10,0.05,"Xie",0.4356,0.5174,0.0276,5000,0.00701216999223493
"contint","0.7",500,10,0.1,"Xie",0.5606,0.647,0.0606,5000,0.007018940660812
"contint","0.1",1000,10,0.01,"DEF.poly2",0.0232,0.0232,0.0103,5000,0.0021289321266776
"contint","0.1",1000,10,0.05,"DEF.poly2",0.0766,0.078,0.0505,5000,0.00376118172919097
"contint","0.1",1000,10,0.1,"DEF.poly2",0.1402,0.1424,0.1001,5000,0.0049100704679261
"contint","0.1",1000,10,0.01,"DEF.poly3",0.0176,0.0176,0.0106,5000,0.00185958274889826
"contint","0.1",1000,10,0.05,"DEF.poly3",0.0718,0.074,0.0501,5000,0.00365088372863338
"contint","0.1",1000,10,0.1,"DEF.poly3",0.129,0.1326,0.0987,5000,0.0047404430172717
"contint","0.1",1000,10,0.01,"DEF.stukel",0.0208,0,0.0111,5000,0.00201828441999635
"contint","0.1",1000,10,0.05,"DEF.stukel",0.0758,0,0.0483,5000,0.00374310993693747
"contint","0.1",1000,10,0.1,"DEF.stukel",0.139,0,0.0989,5000,0.00489242271272628
"contint","0.1",1000,10,0.01,"EF",0.0124,0.0164,0.0077,5000,0.00156500734822556
"contint","0.1",1000,10,0.05,"EF",0.0622,0.0662,0.0458,5000,0.00341558662604244
"contint","0.1",1000,10,0.1,"EF",0.1186,0.1228,0.0939,5000,0.004572396308283
"contint","0.1",1000,10,0.01,"HL",0.0128,0.0168,0.0077,5000,0.0015897270205919
"contint","0.1",1000,10,0.05,"HL",0.0624,0.0664,0.0459,5000,0.00342070869850094
"contint","0.1",1000,10,0.1,"HL",0.118,0.1244,0.0945,5000,0.00456236780630409
"contint","0.1",1000,10,0.01,"HL-equalwidth",0.0317199248120301,0,0.0102,5000,0.00247845803603568
"contint","0.1",1000,10,0.05,"HL-equalwidth",0.109727443609023,0.001,0.047,5000,0.00442012062568549
"contint","0.1",1000,10,0.1,"HL-equalwidth",0.188674812030075,0.0028,0.0919,5000,0.00553311173455753
"contint","0.1",1000,10,0.01,"Pigeon-Heyse",0.0072,0.016,0.0046,5000,0.00119567219587979
"contint","0.1",1000,10,0.05,"Pigeon-Heyse",0.0362,0.0654,0.0285,5000,0.00264157377334043
"contint","0.1",1000,10,0.1,"Pigeon-Heyse",0.0796,0.1228,0.0622,5000,0.00382789341544406
"contint","0.1",1000,10,0.01,"Stukel",NA,NA,0.0202,5000,NA
"contint","0.1",1000,10,0.05,"Stukel",NA,NA,0.0694,5000,NA
"contint","0.1",1000,10,0.1,"Stukel",NA,NA,0.1152,5000,NA
"contint","0.1",1000,10,0.01,"Tsiatis",0.0138,0.0138,0.0102,5000,0.00164982180855994
"contint","0.1",1000,10,0.05,"Tsiatis",0.0594,0.0608,0.0488,5000,0.00334280241713446
"contint","0.1",1000,10,0.1,"Tsiatis",0.1138,0.1096,0.103,5000,0.00449109251741711
"contint","0.1",1000,10,0.01,"Xie",0.0078,0.0166,0.0045,5000,0.00124411896537268
"contint","0.1",1000,10,0.05,"Xie",0.0408,0.0694,0.026,5000,0.00279769047608916
"contint","0.1",1000,10,0.1,"Xie",0.084,0.135,0.0585,5000,0.00392285610238255
"contint","0.3",1000,10,0.01,"DEF.poly2",0.1256,0.1278,0.0103,5000,0.00468667558083552
"contint","0.3",1000,10,0.05,"DEF.poly2",0.2708,0.273,0.0505,5000,0.0062843831837341
"contint","0.3",1000,10,0.1,"DEF.poly2",0.3724,0.379,0.1001,5000,0.00683693264556555
"contint","0.3",1000,10,0.01,"DEF.poly3",0.0946,0.0978,0.0106,5000,0.00413886071280491
"contint","0.3",1000,10,0.05,"DEF.poly3",0.2232,0.2314,0.0501,5000,0.00588866300615004
"contint","0.3",1000,10,0.1,"DEF.poly3",0.3224,0.3342,0.0987,5000,0.0066099658092913
"contint","0.3",1000,10,0.01,"DEF.stukel",0.1236,8e-04,0.0111,5000,0.00465452553973012
"contint","0.3",1000,10,0.05,"DEF.stukel",0.2704,0.0056,0.0483,5000,0.00628146225014526
"contint","0.3",1000,10,0.1,"DEF.stukel",0.3742,0.0168,0.0989,5000,0.00684360080659297
"contint","0.3",1000,10,0.01,"EF",0.0376,0.0466,0.0077,5000,0.00269021337443705
"contint","0.3",1000,10,0.05,"EF",0.1174,0.1248,0.0458,5000,0.00455230139599741
"contint","0.3",1000,10,0.1,"EF",0.2038,0.2136,0.0939,5000,0.00569676329155425
"contint","0.3",1000,10,0.01,"HL",0.0398,0.0486,0.0077,5000,0.00276463234445378
"contint","0.3",1000,10,0.05,"HL",0.1236,0.1296,0.0459,5000,0.00465452553973012
"contint","0.3",1000,10,0.1,"HL",0.2142,0.224,0.0945,5000,0.0058020403307802
"contint","0.3",1000,10,0.01,"HL-equalwidth",0.0655179322781006,0.0034,0.0102,5000,0.00349929515268726
"contint","0.3",1000,10,0.05,"HL-equalwidth",0.192947305149269,0.0138,0.047,5000,0.00558065663851314
"contint","0.3",1000,10,0.1,"HL-equalwidth",0.288719695451813,0.0298,0.0919,5000,0.00640875390243728
"contint","0.3",1000,10,0.01,"Pigeon-Heyse",0.0234,0.0474,0.0046,5000,0.00213786996798215
"contint","0.3",1000,10,0.05,"Pigeon-Heyse",0.0872,0.1284,0.0285,5000,0.00398989122658751
"contint","0.3",1000,10,0.1,"Pigeon-Heyse",0.1536,0.2228,0.0622,5000,0.00509915757748277
"contint","0.3",1000,10,0.01,"Stukel",0.0900783289817232,0.0639686684073107,0.0202,5000,0.00404880781538427
"contint","0.3",1000,10,0.05,"Stukel",0.24934725848564,0.18798955613577,0.0694,5000,0.00611838545976527
"contint","0.3",1000,10,0.1,"Stukel",0.365535248041775,0.325065274151436,0.1152,5000,0.00681056870578094
"contint","0.3",1000,10,0.01,"Tsiatis",0.0594,0.0588,0.0102,5000,0.00334280241713446
"contint","0.3",1000,10,0.05,"Tsiatis",0.1782,0.182,0.0488,5000,0.00541192682877365
"contint","0.3",1000,10,0.1,"Tsiatis",0.2778,0.2728,0.103,5000,0.00633446382892822
"contint","0.3",1000,10,0.01,"Xie",0.0504,0.0866,0.0045,5000,0.00309385972532693
"contint","0.3",1000,10,0.05,"Xie",0.1466,0.21,0.026,5000,0.00500216832983457
"contint","0.3",1000,10,0.1,"Xie",0.2344,0.3194,0.0585,5000,0.00599093715540399
"contint","0.5",1000,10,0.01,"DEF.poly2",0.2646,0.2672,0.0103,5000,0.00623837863551099
"contint","0.5",1000,10,0.05,"DEF.poly2",0.476,0.4792,0.0505,5000,0.00706291724431201
"contint","0.5",1000,10,0.1,"DEF.poly2",0.5932,0.6032,0.1001,5000,0.00694713984312969
"contint","0.5",1000,10,0.01,"DEF.poly3",0.2152,0.2226,0.0106,5000,0.00581186648160468
"contint","0.5",1000,10,0.05,"DEF.poly3",0.4126,0.4264,0.0501,5000,0.0069622013760017
"contint","0.5",1000,10,0.1,"DEF.poly3",0.5214,0.5358,0.0987,5000,0.00706458831072271
"contint","0.5",1000,10,0.01,"DEF.stukel",0.2968,0.043,0.0111,5000,0.00646080118870717
"contint","0.5",1000,10,0.05,"DEF.stukel",0.4972,0.1324,0.0483,5000,0.00707095693665292
"contint","0.5",1000,10,0.1,"DEF.stukel",0.606,0.2282,0.0989,5000,0.00691034007846213
"contint","0.5",1000,10,0.01,"EF",0.087,0.0998,0.0077,5000,0.00398574961581884
"contint","0.5",1000,10,0.05,"EF",0.2206,0.2322,0.0458,5000,0.00586405388788336
"contint","0.5",1000,10,0.1,"EF",0.3306,0.3398,0.0939,5000,0.00665287366481583
"contint","0.5",1000,10,0.01,"HL",0.095,0.1122,0.0077,5000,0.00414668542332307
"contint","0.5",1000,10,0.05,"HL",0.2416,0.2522,0.0459,5000,0.00605358472312067
"contint","0.5",1000,10,0.1,"HL",0.3526,0.3634,0.0945,5000,0.00675682233006019
"contint","0.5",1000,10,0.01,"HL-equalwidth",0.0932,0.018,0.0102,5000,0.00411129565952146
"contint","0.5",1000,10,0.05,"HL-equalwidth",0.2354,0.0628,0.047,5000,0.00599978066265759
"contint","0.5",1000,10,0.1,"HL-equalwidth",0.3512,0.116,0.0919,5000,0.0067506823358828
"contint","0.5",1000,10,0.01,"Pigeon-Heyse",0.0724,0.1118,0.0046,5000,0.00366492128155572
"contint","0.5",1000,10,0.05,"Pigeon-Heyse",0.1854,0.2516,0.0285,5000,0.00549594104771876
"contint","0.5",1000,10,0.1,"Pigeon-Heyse",0.2846,0.3622,0.0622,5000,0.00638126695884132
"contint","0.5",1000,10,0.01,"Stukel",0.290606200832948,0.201758445164276,0.0202,5000,0.00642112508631296
"contint","0.5",1000,10,0.05,"Stukel",0.493058769088385,0.429893567792689,0.0694,5000,0.00707038640122917
"contint","0.5",1000,10,0.1,"Stukel",0.608283202221194,0.570800555298473,0.1152,5000,0.00690325645064304
"contint","0.5",1000,10,0.01,"Tsiatis",0.2106,0.2084,0.0102,5000,0.00576624036959959
"contint","0.5",1000,10,0.05,"Tsiatis",0.423,0.426,0.0488,5000,0.00698671596674718
"contint","0.5",1000,10,0.1,"Tsiatis",0.5496,0.5416,0.103,5000,0.0070361898780519
"contint","0.5",1000,10,0.01,"Xie",0.2,0.2788,0.0045,5000,0.00565685424949238
"contint","0.5",1000,10,0.05,"Xie",0.4022,0.5024,0.026,5000,0.00693448137931021
"contint","0.5",1000,10,0.1,"Xie",0.5332,0.6162,0.0585,5000,0.00705546256456655
"contint","0.7",1000,10,0.01,"DEF.poly2",0.5222,0.522,0.0103,5000,0.00706409456335347
"contint","0.7",1000,10,0.05,"DEF.poly2",0.722,0.7224,0.0505,5000,0.00633586616020257
"contint","0.7",1000,10,0.1,"DEF.poly2",0.8064,0.8102,0.1001,5000,0.00558782676896842
"contint","0.7",1000,10,0.01,"DEF.poly3",0.4848,0.4882,0.0106,5000,0.00706779965760207
"contint","0.7",1000,10,0.05,"DEF.poly3",0.682,0.6886,0.0501,5000,0.0065859851199346
"contint","0.7",1000,10,0.1,"DEF.poly3",0.768,0.778,0.0987,5000,0.00596952259397684
"contint","0.7",1000,10,0.01,"DEF.stukel",0.58189827793352,0.436724068882659,0.0111,5000,0.00697556696006173
"contint","0.7",1000,10,0.05,"DEF.stukel",0.752102523027633,0.632559070885062,0.0483,5000,0.00610646080611514
"contint","0.7",1000,10,0.1,"DEF.stukel",0.823187825390469,0.719263115738887,0.0989,5000,0.00539536151744033
"contint","0.7",1000,10,0.01,"EF",0.2508,0.2768,0.0077,5000,0.00613024240956261
"contint","0.7",1000,10,0.05,"EF",0.4486,0.461,0.0458,5000,0.00703360561874207
"contint","0.7",1000,10,0.1,"EF",0.5624,0.5728,0.0939,5000,0.00701578562956423
"contint","0.7",1000,10,0.01,"HL",0.288,0.3174,0.0077,5000,0.00640399875078064
"contint","0.7",1000,10,0.05,"HL",0.4998,0.5106,0.0459,5000,0.00707106724618003
"contint","0.7",1000,10,0.1,"HL",0.6124,0.6232,0.0945,5000,0.00689008330864003
"contint","0.7",1000,10,0.01,"HL-equalwidth",0.131,0.0708,0.0102,5000,0.00477156158924937
"contint","0.7",1000,10,0.05,"HL-equalwidth",0.2994,0.2032,0.047,5000,0.00647703080122366
"contint","0.7",1000,10,0.1,"HL-equalwidth",0.4276,0.3138,0.0919,5000,0.00699654543328349
"contint","0.7",1000,10,0.01,"Pigeon-Heyse",0.2418,0.3178,0.0046,5000,0.0060552912398992
"contint","0.7",1000,10,0.05,"Pigeon-Heyse",0.4364,0.5114,0.0285,5000,0.00701363015848426
"contint","0.7",1000,10,0.1,"Pigeon-Heyse",0.5492,0.6236,0.0622,5000,0.00703675152325276
"contint","0.7",1000,10,0.01,"Stukel",0.5958,0.4948,0.0202,5000,0.00694006282392314
"contint","0.7",1000,10,0.05,"Stukel",0.7558,0.7172,0.0694,5000,0.00607562935011674
"contint","0.7",1000,10,0.1,"Stukel",0.8302,0.8128,0.1152,5000,0.0053097638365562
"contint","0.7",1000,10,0.01,"Tsiatis",0.634,0.6312,0.0102,5000,0.00681240045798836
"contint","0.7",1000,10,0.05,"Tsiatis",0.823,0.8268,0.0488,5000,0.00539761058247073
"contint","0.7",1000,10,0.1,"Tsiatis",0.8854,0.883,0.103,5000,0.0045048160894758
"contint","0.7",1000,10,0.01,"Xie",0.6258,0.7126,0.0045,5000,0.00684360080659297
"contint","0.7",1000,10,0.05,"Xie",0.8116,0.8624,0.026,5000,0.00553001699816556
"contint","0.7",1000,10,0.1,"Xie",0.879,0.917,0.0585,5000,0.00461213616451206
"contint","0.1",2000,10,0.01,"DEF.poly2",0.0386,0.0376,0.0107,5000,0.00272433624943765
"contint","0.1",2000,10,0.05,"DEF.poly2",0.1244,0.1282,0.049,5000,0.00466743269903274
"contint","0.1",2000,10,0.1,"DEF.poly2",0.203,0.2094,0.097,5000,0.00568842684755636
"contint","0.1",2000,10,0.01,"DEF.poly3",0.0314,0.0332,0.0099,5000,0.00246633493264804
"contint","0.1",2000,10,0.05,"DEF.poly3",0.0992,0.1062,0.0473,5000,0.00422751369010202
"contint","0.1",2000,10,0.1,"DEF.poly3",0.1696,0.1722,0.0987,5000,0.00530727500700689
"contint","0.1",2000,10,0.01,"DEF.stukel",0.0388,0,0.0108,5000,0.00273110087693589
"contint","0.1",2000,10,0.05,"DEF.stukel",0.11,2e-04,0.0482,5000,0.00442492937796752
"contint","0.1",2000,10,0.1,"DEF.stukel",0.1824,2e-04,0.0945,5000,0.00546132291665673
"contint","0.1",2000,10,0.01,"EF",0.015,0.0162,0.0088,5000,0.00171901134376711
"contint","0.1",2000,10,0.05,"EF",0.0654,0.0678,0.049,5000,0.00349636496950762
"contint","0.1",2000,10,0.1,"EF",0.1244,0.1228,0.1004,5000,0.00466743269903274
"contint","0.1",2000,10,0.01,"HL",0.015,0.016,0.0088,5000,0.00171901134376711
"contint","0.1",2000,10,0.05,"HL",0.0658,0.0686,0.0488,5000,0.00350629034736144
"contint","0.1",2000,10,0.1,"HL",0.126,0.1256,0.1003,5000,0.00469305870408628
"contint","0.1",2000,10,0.01,"HL-equalwidth",0.0493330510268897,6e-04,0.0101,5000,0.00306265574635048
"contint","0.1",2000,10,0.05,"HL-equalwidth",0.150751640906204,0.0026,0.0469,5000,0.00506014987268738
"contint","0.1",2000,10,0.1,"HL-equalwidth",0.246876984967182,0.0042,0.0936,5000,0.00609801179501476
"contint","0.1",2000,10,0.01,"Pigeon-Heyse",0.009,0.0158,0.0048,5000,0.00133558975737312
"contint","0.1",2000,10,0.05,"Pigeon-Heyse",0.0412,0.0674,0.0314,5000,0.00281078494374792
"contint","0.1",2000,10,0.1,"Pigeon-Heyse",0.0824,0.123,0.067,5000,0.00388870775451177
"contint","0.1",2000,10,0.01,"Stukel",NA,NA,0.022,5000,NA
"contint","0.1",2000,10,0.05,"Stukel",NA,NA,0.0675,5000,NA
"contint","0.1",2000,10,0.1,"Stukel",NA,NA,0.1149,5000,NA
"contint","0.1",2000,10,0.01,"Tsiatis",0.0208,0.0236,0.009,5000,0.00201828441999635
"contint","0.1",2000,10,0.05,"Tsiatis",0.0814,0.0792,0.0521,5000,0.0038671446830963
"contint","0.1",2000,10,0.1,"Tsiatis",0.1524,0.147,0.1043,5000,0.00508279922877149
"contint","0.1",2000,10,0.01,"Xie",0.0138,0.024,0.0052,5000,0.00164982180855994
"contint","0.1",2000,10,0.05,"Xie",0.0658,0.1002,0.0289,5000,0.00350629034736144
"contint","0.1",2000,10,0.1,"Xie",0.124,0.1778,0.0646,5000,0.00466098701993473
"contint","0.3",2000,10,0.01,"DEF.poly2",0.2866,0.283,0.0107,5000,0.00639469217398304
"contint","0.3",2000,10,0.05,"DEF.poly2",0.495,0.5062,0.049,5000,0.00707071424963561
"contint","0.3",2000,10,0.1,"DEF.poly2",0.6118,0.6264,0.097,5000,0.00689203540327529
"contint","0.3",2000,10,0.01,"DEF.poly3",0.2208,0.2342,0.0099,5000,0.0058659587451669
"contint","0.3",2000,10,0.05,"DEF.poly3",0.421,0.442,0.0473,5000,0.00698224892137197
"contint","0.3",2000,10,0.1,"DEF.poly3",0.5378,0.5464,0.0987,5000,0.00705083200764279
"contint","0.3",2000,10,0.01,"DEF.stukel",0.2892,0.0018,0.0108,5000,0.00641191640619246
"contint","0.3",2000,10,0.05,"DEF.stukel",0.494,0.0202,0.0482,5000,0.00707055867665349
"contint","0.3",2000,10,0.1,"DEF.stukel",0.6086,0.0576,0.0945,5000,0.00690226107880599
"contint","0.3",2000,10,0.01,"EF",0.0974,0.1048,0.0088,5000,0.00419316682234323
"contint","0.3",2000,10,0.05,"EF",0.2388,0.2456,0.049,5000,0.00602950346214346
"contint","0.3",2000,10,0.1,"EF",0.353,0.3506,0.1004,5000,0.00675856493643436
"contint","0.3",2000,10,0.01,"HL",0.1006,0.1076,0.0088,5000,0.00425393088801405
"contint","0.3",2000,10,0.05,"HL",0.2462,0.2528,0.0488,5000,0.00609238147196973
"contint","0.3",2000,10,0.1,"HL",0.3612,0.3602,0.1003,5000,0.00679315184579294
"contint","0.3",2000,10,0.01,"HL-equalwidth",0.1562,0.0162,0.0101,5000,0.00513422944559356
"contint","0.3",2000,10,0.05,"HL-equalwidth",0.3504,0.0536,0.0469,5000,0.00674714517407177
"contint","0.3",2000,10,0.1,"HL-equalwidth",0.4754,0.0934,0.0936,5000,0.00706250437168006
"contint","0.3",2000,10,0.01,"Pigeon-Heyse",0.0698,0.107,0.0048,5000,0.00360355269144216
"contint","0.3",2000,10,0.05,"Pigeon-Heyse",0.1944,0.2506,0.0314,5000,0.00559658181392893
"contint","0.3",2000,10,0.1,"Pigeon-Heyse",0.2868,0.3584,0.067,5000,0.00639602626636258
"contint","0.3",2000,10,0.01,"Stukel",0.266824085005903,0.171192443919717,0.022,5000,0.00625506183289447
"contint","0.3",2000,10,0.05,"Stukel",0.456906729634002,0.391971664698937,0.0675,5000,0.00704475649045676
"contint","0.3",2000,10,0.1,"Stukel",0.582054309327037,0.554899645808737,0.1149,5000,0.00697520021678035
"contint","0.3",2000,10,0.01,"Tsiatis",0.1656,0.1758,0.009,5000,0.0052569314243197
"contint","0.3",2000,10,0.05,"Tsiatis",0.362,0.3568,0.0521,5000,0.006796410817483
"contint","0.3",2000,10,0.1,"Tsiatis",0.4854,0.476,0.1043,5000,0.00706805263138299
"contint","0.3",2000,10,0.01,"Xie",0.1498,0.2096,0.0052,5000,0.00504697850203466
"contint","0.3",2000,10,0.05,"Xie",0.3414,0.4218,0.0289,5000,0.00670590843957774
"contint","0.3",2000,10,0.1,"Xie",0.4642,0.5446,0.0646,5000,0.00705291939554111
"contint","0.5",2000,10,0.01,"DEF.poly2",0.5582,0.5544,0.0107,5000,0.00702300163747667
"contint","0.5",2000,10,0.05,"DEF.poly2",0.7618,0.7686,0.049,5000,0.00602429680543713
"contint","0.5",2000,10,0.1,"DEF.poly2",0.8408,0.8506,0.097,5000,0.00517407692250512
"contint","0.5",2000,10,0.01,"DEF.poly3",0.4898,0.505,0.0099,5000,0.0070695963109643
"contint","0.5",2000,10,0.05,"DEF.poly3",0.696,0.7128,0.0473,5000,0.00650513643208196
"contint","0.5",2000,10,0.1,"DEF.poly3",0.7904,0.7988,0.0987,5000,0.00575617650875996
"contint","0.5",2000,10,0.01,"DEF.stukel",0.5884,0.1498,0.0108,5000,0.00695967585452081
"contint","0.5",2000,10,0.05,"DEF.stukel",0.7848,0.3694,0.0482,5000,0.00581186648160468
"contint","0.5",2000,10,0.1,"DEF.stukel",0.8554,0.5064,0.0945,5000,0.00497374788263338
"contint","0.5",2000,10,0.01,"EF",0.2556,0.2642,0.0088,5000,0.00616877037990554
"contint","0.5",2000,10,0.05,"EF",0.461,0.4706,0.049,5000,0.00704952480668023
"contint","0.5",2000,10,0.1,"EF",0.5844,0.5828,0.1004,5000,0.00696960027548209
"contint","0.5",2000,10,0.01,"HL",0.2666,0.2768,0.0088,5000,0.0062533901205666
"contint","0.5",2000,10,0.05,"HL",0.4842,0.49,0.0488,5000,0.00706753648734833
"contint","0.5",2000,10,0.1,"HL",0.601,0.6002,0.1003,5000,0.0069253014374827
"contint","0.5",2000,10,0.01,"HL-equalwidth",0.2446,0.078,0.0101,5000,0.00607899399572002
"contint","0.5",2000,10,0.05,"HL-equalwidth",0.4608,0.209,0.0469,5000,0.00704930294426335
"contint","0.5",2000,10,0.1,"HL-equalwidth",0.588,0.3054,0.0936,5000,0.00696068962100739
"contint","0.5",2000,10,0.01,"Pigeon-Heyse",0.2188,0.2776,0.0048,5000,0.00584682067452047
"contint","0.5",2000,10,0.05,"Pigeon-Heyse",0.4078,0.4898,0.0314,5000,0.00694980805490339
"contint","0.5",2000,10,0.1,"Pigeon-Heyse",0.534,0.5998,0.067,5000,0.00705470056061914
"contint","0.5",2000,10,0.01,"Stukel",0.609207266721718,0.468001651527663,0.022,5000,0.00690034452611131
"contint","0.5",2000,10,0.05,"Stukel",0.792733278282411,0.739265070189926,0.0675,5000,0.00573249034514725
"contint","0.5",2000,10,0.1,"Stukel",0.864781172584641,0.847646573080099,0.1149,5000,0.00483600446914133
"contint","0.5",2000,10,0.01,"Tsiatis",0.579,0.5936,0.009,5000,0.00698224892137197
"contint","0.5",2000,10,0.05,"Tsiatis",0.787,0.7814,0.0521,5000,0.00579018134431038
"contint","0.5",2000,10,0.1,"Tsiatis",0.8714,0.8678,0.1043,5000,0.0047341744792519
"contint","0.5",2000,10,0.01,"Xie",0.5718,0.6598,0.0052,5000,0.0069977819342989
"contint","0.5",2000,10,0.05,"Xie",0.7814,0.832,0.0289,5000,0.00584489589299929
"contint","0.5",2000,10,0.1,"Xie",0.8584,0.8984,0.0646,5000,0.00493050585640054
"contint","0.7",2000,10,0.01,"DEF.poly2",0.8584,0.8532,0.0107,5000,0.00493050585640054
"contint","0.7",2000,10,0.05,"DEF.poly2",0.947,0.9478,0.049,5000,0.00316831185333767
"contint","0.7",2000,10,0.1,"DEF.poly2",0.9704,0.9728,0.097,5000,0.00239682456596222
"contint","0.7",2000,10,0.01,"DEF.poly3",0.8318,0.8414,0.0099,5000,0.00528977806717824
"contint","0.7",2000,10,0.05,"DEF.poly3",0.9314,0.9354,0.0473,5000,0.00357474586509307
"contint","0.7",2000,10,0.1,"DEF.poly3",0.96,0.962,0.0987,5000,0.0027712812921102
"contint","0.7",2000,10,0.01,"DEF.stukel",0.881657989587505,0.792350820985182,0.0108,5000,0.00456808885605401
"contint","0.7",2000,10,0.05,"DEF.stukel",0.95374449339207,0.905686824189027,0.0482,5000,0.00297038498233388
"contint","0.7",2000,10,0.1,"DEF.stukel",0.977773327993592,0.94373247897477,0.0945,5000,0.00208483318555357
"contint","0.7",2000,10,0.01,"EF",0.5944,0.608,0.0088,5000,0.00694389861677142
"contint","0.7",2000,10,0.05,"EF",0.7754,0.7804,0.049,5000,0.00590177668164427
"contint","0.7",2000,10,0.1,"EF",0.8554,0.8544,0.1004,5000,0.00497374788263338
"contint","0.7",2000,10,0.01,"HL",0.6306,0.6406,0.0088,5000,0.00682559360055959
"contint","0.7",2000,10,0.05,"HL",0.8054,0.808,0.0488,5000,0.00559876486378916
"contint","0.7",2000,10,0.1,"HL",0.8762,0.8756,0.1003,5000,0.004657758259077
"contint","0.7",2000,10,0.01,"HL-equalwidth",0.389,0.2982,0.0101,5000,0.00689462109183674
"contint","0.7",2000,10,0.05,"HL-equalwidth",0.6232,0.536,0.0469,5000,0.0068530542096207
"contint","0.7",2000,10,0.1,"HL-equalwidth",0.7366,0.6624,0.0936,5000,0.00622929273673986
"contint","0.7",2000,10,0.01,"Pigeon-Heyse",0.5728,0.644,0.0048,5000,0.0069957152600717
"contint","0.7",2000,10,0.05,"Pigeon-Heyse",0.758,0.8098,0.0314,5000,0.00605699595509193
"contint","0.7",2000,10,0.1,"Pigeon-Heyse",0.8374,0.8772,0.067,5000,0.00521845264422319
"contint","0.7",2000,10,0.01,"Stukel",0.9016,0.841,0.022,5000,0.00421230198347649
"contint","0.7",2000,10,0.05,"Stukel",0.9656,0.9488,0.0675,5000,0.00257746542168852
"contint","0.7",2000,10,0.1,"Stukel",0.9816,0.9778,0.1149,5000,0.00190060200989055
"contint","0.7",2000,10,0.01,"Tsiatis",0.965,0.9676,0.009,5000,0.00259903828367341
"contint","0.7",2000,10,0.05,"Tsiatis",0.991,0.991,0.0521,5000,0.00133558975737312
"contint","0.7",2000,10,0.1,"Tsiatis",0.9966,0.9962,0.1043,5000,0.000823218075603295
"contint","0.7",2000,10,0.01,"Xie",0.9626,0.9784,0.0052,5000,0.00268332778467335
"contint","0.7",2000,10,0.05,"Xie",0.9904,0.9932,0.0289,5000,0.00137897353129058
"contint","0.7",2000,10,0.1,"Xie",0.9958,0.9974,0.0646,5000,0.000914588432028307
"contint","0.1",5000,10,0.01,"DEF.poly2",0.1118,0.1136,0.0099,5000,0.00445647304490894
"contint","0.1",5000,10,0.05,"DEF.poly2",0.2546,0.2554,0.0512,5000,0.0061608252693937
"contint","0.1",5000,10,0.1,"DEF.poly2",0.353,0.3536,0.1031,5000,0.00675856493643436
"contint","0.1",5000,10,0.01,"DEF.poly3",0.0836,0.089,0.0087,5000,0.00391435920681789
"contint","0.1",5000,10,0.05,"DEF.poly3",0.2064,0.2044,0.0516,5000,0.00572361843591971
"contint","0.1",5000,10,0.1,"DEF.poly3",0.3,0.2924,0.1051,5000,0.00648074069840786
"contint","0.1",5000,10,0.01,"DEF.stukel",0.09,0,0.0092,5000,0.00404722126896961
"contint","0.1",5000,10,0.05,"DEF.stukel",0.2288,0,0.052,5000,0.0059405481228587
"contint","0.1",5000,10,0.1,"DEF.stukel",0.3362,0,0.1009,5000,0.00668086162107853
"contint","0.1",5000,10,0.01,"EF",0.0348,0.0346,0.0101,5000,0.00259187036712873
"contint","0.1",5000,10,0.05,"EF",0.119,0.1246,0.047,5000,0.00457906103912145
"contint","0.1",5000,10,0.1,"EF",0.1992,0.2058,0.0969,5000,0.00564835126386453
"contint","0.1",5000,10,0.01,"HL",0.0354,0.0352,0.0101,5000,0.00261330595223751
"contint","0.1",5000,10,0.05,"HL",0.12,0.1252,0.0472,5000,0.00459565011723042
"contint","0.1",5000,10,0.1,"HL",0.1998,0.2056,0.0971,5000,0.00565473182387989
"contint","0.1",5000,10,0.01,"HL-equalwidth",0.103911735205617,0.0018,0.0088,5000,0.00431541623698513
"contint","0.1",5000,10,0.05,"HL-equalwidth",0.263991975927783,0.007,0.048,5000,0.00623378236022927
"contint","0.1",5000,10,0.1,"HL-equalwidth",0.388164493480441,0.0148,0.0992,5000,0.00689192018934511
"contint","0.1",5000,10,0.01,"Pigeon-Heyse",0.0228,0.0338,0.0056,5000,0.00211093154791907
"contint","0.1",5000,10,0.05,"Pigeon-Heyse",0.0838,0.1238,0.029,5000,0.00391861097839528
"contint","0.1",5000,10,0.1,"Pigeon-Heyse",0.147,0.2032,0.064,5000,0.00500781389430558
"contint","0.1",5000,10,0.01,"Stukel",NA,NA,0.0247,5000,NA
"contint","0.1",5000,10,0.05,"Stukel",NA,NA,0.069,5000,NA
"contint","0.1",5000,10,0.1,"Stukel",NA,NA,0.111,5000,NA
"contint","0.1",5000,10,0.01,"Tsiatis",0.0476,0.0368,0.0137,5000,0.00301112072159188
"contint","0.1",5000,10,0.05,"Tsiatis",0.1472,0.1424,0.0523,5000,0.00501063189627815
"contint","0.1",5000,10,0.1,"Tsiatis",0.2516,0.2392,0.1044,5000,0.0061367326811586
"contint","0.1",5000,10,0.01,"Xie",0.0368,0.0616,0.0056,5000,0.00266254614983478
"contint","0.1",5000,10,0.05,"Xie",0.13,0.186,0.0308,5000,0.00475604878023765
"contint","0.1",5000,10,0.1,"Xie",0.216,0.2748,0.0641,5000,0.00581969071343143
"contint","0.3",5000,10,0.01,"DEF.poly2",0.7128,0.7192,0.0099,5000,0.00639868986590224
"contint","0.3",5000,10,0.05,"DEF.poly2",0.8694,0.8718,0.0512,5000,0.00476536756189908
"contint","0.3",5000,10,0.1,"DEF.poly2",0.923,0.9242,0.1031,5000,0.00377017240985077
"contint","0.3",5000,10,0.01,"DEF.poly3",0.6262,0.6478,0.0087,5000,0.00684212773923434
"contint","0.3",5000,10,0.05,"DEF.poly3",0.8146,0.8174,0.0516,5000,0.00549594104771876
"contint","0.3",5000,10,0.1,"DEF.poly3",0.8796,0.8796,0.1051,5000,0.00460225683768301
"contint","0.3",5000,10,0.01,"DEF.stukel",0.7132,0.0294,0.0092,5000,0.00639602626636258
"contint","0.3",5000,10,0.05,"DEF.stukel",0.8714,0.1288,0.052,5000,0.0047341744792519
"contint","0.3",5000,10,0.1,"DEF.stukel",0.9234,0.2724,0.1009,5000,0.00376118172919097
"contint","0.3",5000,10,0.01,"EF",0.3592,0.359,0.0101,5000,0.00678491503262937
"contint","0.3",5000,10,0.05,"EF",0.584,0.5936,0.047,5000,0.00697056669145343
"contint","0.3",5000,10,0.1,"EF",0.7004,0.706,0.0969,5000,0.00647826890457628
"contint","0.3",5000,10,0.01,"HL",0.367,0.3658,0.0101,5000,0.00681631865452313
"contint","0.3",5000,10,0.05,"HL",0.5914,0.5976,0.0472,5000,0.00695192117331605
"contint","0.3",5000,10,0.1,"HL",0.7052,0.7108,0.0971,5000,0.00644814640032312
"contint","0.3",5000,10,0.01,"HL-equalwidth",0.4906,0.1316,0.0088,5000,0.00706981810232767
"contint","0.3",5000,10,0.05,"HL-equalwidth",0.7168,0.2924,0.048,5000,0.00637177777390266
"contint","0.3",5000,10,0.1,"HL-equalwidth",0.8092,0.3924,0.0992,5000,0.0055568940965255
"contint","0.3",5000,10,0.01,"Pigeon-Heyse",0.3016,0.3642,0.0056,5000,0.00649056915840206
"contint","0.3",5000,10,0.05,"Pigeon-Heyse",0.5176,0.5962,0.029,5000,0.00706668578613766
"contint","0.3",5000,10,0.1,"Pigeon-Heyse",0.6324,0.7096,0.064,5000,0.00681865441271223
"contint","0.3",5000,10,0.01,"Stukel",0.736988847583643,0.597583643122677,0.0247,5000,0.00622633577830455
"contint","0.3",5000,10,0.05,"Stukel",0.87546468401487,0.844795539033457,0.069,5000,0.0046696096423066
"contint","0.3",5000,10,0.1,"Stukel",0.922862453531598,0.912639405204461,0.111,5000,0.00377325709151223
"contint","0.3",5000,10,0.01,"Tsiatis",0.6,0.5492,0.0137,5000,0.00692820323027551
"contint","0.3",5000,10,0.05,"Tsiatis",0.8012,0.7938,0.0523,5000,0.00564408646283878
"contint","0.3",5000,10,0.1,"Tsiatis",0.8768,0.8694,0.1044,5000,0.00464804819252124
"contint","0.3",5000,10,0.01,"Xie",0.5968,0.6746,0.0056,5000,0.00693728707781363
"contint","0.3",5000,10,0.05,"Xie",0.8014,0.8588,0.0308,5000,0.0056419507264775
"contint","0.3",5000,10,0.1,"Xie",0.883,0.914,0.0641,5000,0.00454556927127945
"contint","0.5",5000,10,0.01,"DEF.poly2",0.9506,0.9516,0.0099,5000,0.0030646252625729
"contint","0.5",5000,10,0.05,"DEF.poly2",0.9862,0.9864,0.0512,5000,0.00164982180855994
"contint","0.5",5000,10,0.1,"DEF.poly2",0.9938,0.9938,0.1031,5000,0.00111009549138801
"contint","0.5",5000,10,0.01,"DEF.poly3",0.925,0.9348,0.0087,5000,0.00372491610643783
"contint","0.5",5000,10,0.05,"DEF.poly3",0.9778,0.978,0.0516,5000,0.00208361032825238
"contint","0.5",5000,10,0.1,"DEF.poly3",0.9892,0.9892,0.1051,5000,0.00146173595426808
"contint","0.5",5000,10,0.01,"DEF.stukel",0.9578,0.6776,0.0092,5000,0.00284320804725929
"contint","0.5",5000,10,0.05,"DEF.stukel",0.9892,0.8666,0.052,5000,0.00146173595426808
"contint","0.5",5000,10,0.1,"DEF.stukel",0.9958,0.928,0.1009,5000,0.000914588432028307
"contint","0.5",5000,10,0.01,"EF",0.762,0.761,0.0101,5000,0.00602255759623766
"contint","0.5",5000,10,0.05,"EF",0.8918,0.8948,0.047,5000,0.00439301172318035
"contint","0.5",5000,10,0.1,"EF",0.9356,0.9374,0.0969,5000,0.00347138704266753
"contint","0.5",5000,10,0.01,"HL",0.7716,0.7708,0.0101,5000,0.00593689211625072
"contint","0.5",5000,10,0.05,"HL",0.8962,0.8994,0.0472,5000,0.00431336434816258
"contint","0.5",5000,10,0.1,"HL",0.9396,0.9406,0.0971,5000,0.00336903072114221
"contint","0.5",5000,10,0.01,"HL-equalwidth",0.7346,0.5308,0.0088,5000,0.00624440293382802
"contint","0.5",5000,10,0.05,"HL-equalwidth",0.8894,0.7258,0.048,5000,0.00443548509184734
"contint","0.5",5000,10,0.1,"HL-equalwidth",0.9372,0.8116,0.0992,5000,0.00343092290790685
"contint","0.5",5000,10,0.01,"Pigeon-Heyse",0.7228,0.7714,0.0056,5000,0.00633024738853072
"contint","0.5",5000,10,0.05,"Pigeon-Heyse",0.8676,0.9,0.029,5000,0.00479312507660712
"contint","0.5",5000,10,0.1,"Pigeon-Heyse",0.918,0.9408,0.064,5000,0.00388010309141394
"contint","0.5",5000,10,0.01,"Stukel",0.970182109265559,0.937762657594557,0.0247,5000,0.0024053600198968
"contint","0.5",5000,10,0.05,"Stukel",0.991394836902141,0.987992795677406,0.069,5000,0.00130622465647514
"contint","0.5",5000,10,0.1,"Stukel",0.995997598559135,0.994996998198919,0.111,5000,0.000892903379271315
"contint","0.5",5000,10,0.01,"Tsiatis",0.9874,0.9794,0.0137,5000,0.00157741814367656
"contint","0.5",5000,10,0.05,"Tsiatis",0.9978,0.9974,0.0523,5000,0.000662594898863548
"contint","0.5",5000,10,0.1,"Tsiatis",0.9994,0.9992,0.1044,5000,0.000346306222872199
"contint","0.5",5000,10,0.01,"Xie",0.9888,0.9928,0.0056,5000,0.00148825804214189
"contint","0.5",5000,10,0.05,"Xie",0.9988,0.9994,0.0308,5000,0.000489603921552918
"contint","0.5",5000,10,0.1,"Xie",0.9996,0.9998,0.0641,5000,0.000282786138274123
"contint","0.7",5000,10,0.01,"DEF.poly2",0.9986,0.9986,0.0099,5000,0.000528779727296718
"contint","0.7",5000,10,0.05,"DEF.poly2",1,1,0.0512,5000,0
"contint","0.7",5000,10,0.1,"DEF.poly2",1,1,0.1031,5000,0
"contint","0.7",5000,10,0.01,"DEF.poly3",0.999,0.9992,0.0087,5000,0.00044698993277254
"contint","0.7",5000,10,0.05,"DEF.poly3",1,1,0.0516,5000,0
"contint","0.7",5000,10,0.1,"DEF.poly3",1,1,0.1051,5000,0
"contint","0.7",5000,10,0.01,"DEF.stukel",0.999799559029866,0.998396472238926,0.0092,5000,0.000200200296479184
"contint","0.7",5000,10,0.05,"DEF.stukel",1,0.999599118059731,0.052,5000,0
"contint","0.7",5000,10,0.1,"DEF.stukel",1,1,0.1009,5000,0
"contint","0.7",5000,10,0.01,"EF",0.9842,0.9838,0.0101,5000,0.00176353962246387
"contint","0.7",5000,10,0.05,"EF",0.9972,0.9974,0.047,5000,0.000747283078893136
"contint","0.7",5000,10,0.1,"EF",0.9986,0.9988,0.0969,5000,0.000528779727296718
"contint","0.7",5000,10,0.01,"HL",0.9872,0.987,0.0101,5000,0.0015897270205919
"contint","0.7",5000,10,0.05,"HL",0.9978,0.998,0.0472,5000,0.000662594898863548
"contint","0.7",5000,10,0.1,"HL",0.999,0.999,0.0971,5000,0.00044698993277254
"contint","0.7",5000,10,0.01,"HL-equalwidth",0.9422,0.9186,0.0088,5000,0.00330027756408457
"contint","0.7",5000,10,0.05,"HL-equalwidth",0.9822,0.9752,0.048,5000,0.00186992834087299
"contint","0.7",5000,10,0.1,"HL-equalwidth",0.9914,0.9884,0.0992,5000,0.00130583613060752
"contint","0.7",5000,10,0.01,"Pigeon-Heyse",0.9808,0.9874,0.0056,5000,0.00194068853760721
"contint","0.7",5000,10,0.05,"Pigeon-Heyse",0.996,0.998,0.029,5000,0.000892636544176856
"contint","0.7",5000,10,0.1,"Pigeon-Heyse",0.9982,0.999,0.064,5000,0.000599459756781058
"contint","0.7",5000,10,0.01,"Stukel",1,0.9994,0.0247,5000,0
"contint","0.7",5000,10,0.05,"Stukel",1,1,0.069,5000,0
"contint","0.7",5000,10,0.1,"Stukel",1,1,0.111,5000,0
"contint","0.7",5000,10,0.01,"Tsiatis",1,1,0.0137,5000,0
"contint","0.7",5000,10,0.05,"Tsiatis",1,1,0.0523,5000,0
"contint","0.7",5000,10,0.1,"Tsiatis",1,1,0.1044,5000,0
"contint","0.7",5000,10,0.01,"Xie",1,1,0.0056,5000,0
"contint","0.7",5000,10,0.05,"Xie",1,1,0.0308,5000,0
"contint","0.7",5000,10,0.1,"Xie",1,1,0.0641,5000,0
"link","probit",200,10,0.01,"DEF.poly2",0.0081,0.0068,0.0098,10000,0.000896347588829244
"link","probit",200,10,0.05,"DEF.poly2",0.0465,0.0388,0.0513,10000,0.00210565310533335
"link","probit",200,10,0.1,"DEF.poly2",0.0976,0.0853,0.1028,10000,0.00296773044598056
"link","probit",200,10,0.01,"DEF.poly3",0.0077,0.0079,0.0092,10000,0.000874111548945557
"link","probit",200,10,0.05,"DEF.poly3",0.0451,0.0433,0.0502,10000,0.00207523468552354
"link","probit",200,10,0.1,"DEF.poly3",0.0987,0.0892,0.1027,10000,0.00298258797020306
"link","probit",200,10,0.01,"DEF.stukel",0.0083,0.0105,0.0094,10000,0.000907254650029417
"link","probit",200,10,0.05,"DEF.stukel",0.0327,0.0436,0.0469,10000,0.00177850245993645
"link","probit",200,10,0.1,"DEF.stukel",0.0724,0.0887,0.1011,10000,0.00259149069070294
"link","probit",200,10,0.01,"EF",0.0081,0.0108,0.0076,10000,0.000896347588829244
"link","probit",200,10,0.05,"EF",0.0436,0.0515,0.0428,10000,0.0020420342798298
"link","probit",200,10,0.1,"EF",0.0964,0.1039,0.0922,10000,0.00295139018091475
"link","probit",200,10,0.01,"HL",0.0088,0.0109,0.0078,10000,0.000933946465275178
"link","probit",200,10,0.05,"HL",0.0404,0.0471,0.0439,10000,0.00196895505281355
"link","probit",200,10,0.1,"HL",0.0877,0.0957,0.0918,10000,0.00282858109305708
"link","probit",200,10,0.01,"HL-equalwidth",0.0085,0.0155,0.0109,10000,0.000918027777357526
"link","probit",200,10,0.05,"HL-equalwidth",0.0492,0.093,0.0494,10000,0.00216285367050108
"link","probit",200,10,0.1,"HL-equalwidth",0.1009,0.1698,0.0994,10000,0.0030119626491708
"link","probit",200,10,0.01,"Pigeon-Heyse",0.0045,0.0113,0.0039,10000,0.000669309345519693
"link","probit",200,10,0.05,"Pigeon-Heyse",0.0259,0.0484,0.027,10000,0.00158836991913093
"link","probit",200,10,0.1,"Pigeon-Heyse",0.0564,0.0972,0.0592,10000,0.0023069252263565
"link","probit",200,10,0.01,"Stukel",0.0178,0.0066,0.0239,10000,0.0013222390101642
"link","probit",200,10,0.05,"Stukel",0.0599,0.0397,0.0741,10000,0.0023730147492167
"link","probit",200,10,0.1,"Stukel",0.0982,0.0851,0.1177,10000,0.00297584878648093
"link","probit",200,10,0.01,"Tsiatis",0.0094,0.0099,0.0104,10000,0.000964968393264774
"link","probit",200,10,0.05,"Tsiatis",0.0499,0.0512,0.049,10000,0.00217738352156895
"link","probit",200,10,0.1,"Tsiatis",0.0966,0.0931,0.1043,10000,0.00295412322017887
"link","probit",200,10,0.01,"Xie",0.0045,0.0083,0.0046,10000,0.000669309345519693
"link","probit",200,10,0.05,"Xie",0.0248,0.0439,0.028,10000,0.00155515143957108
"link","probit",200,10,0.1,"Xie",0.0537,0.0852,0.0645,10000,0.00225424732449658
"link","cloglog",200,10,0.01,"DEF.poly2",0.0639,0.0551,0.0098,10000,0.00244574712511331
"link","cloglog",200,10,0.05,"DEF.poly2",0.205,0.1846,0.0513,10000,0.00403701622488689
"link","cloglog",200,10,0.1,"DEF.poly2",0.3185,0.2942,0.1028,10000,0.00465894569618492
"link","cloglog",200,10,0.01,"DEF.poly3",0.0337,0.0337,0.0092,10000,0.00180455839473263
"link","cloglog",200,10,0.05,"DEF.poly3",0.1327,0.1274,0.0502,10000,0.00339250217391235
"link","cloglog",200,10,0.1,"DEF.poly3",0.2415,0.2242,0.1027,10000,0.00427992698535851
"link","cloglog",200,10,0.01,"DEF.stukel",0.0096,0.0113,0.0094,10000,0.000975081535052326
"link","cloglog",200,10,0.05,"DEF.stukel",0.0603,0.0692,0.0469,10000,0.00238041824056194
"link","cloglog",200,10,0.1,"DEF.stukel",0.1381,0.1422,0.1011,10000,0.00345004913008496
"link","cloglog",200,10,0.01,"EF",0.0177,0.0227,0.0076,10000,0.00131858674344921
"link","cloglog",200,10,0.05,"EF",0.0829,0.0976,0.0428,10000,0.00275731010225546
"link","cloglog",200,10,0.1,"EF",0.1637,0.1768,0.0922,10000,0.00370003121608454
"link","cloglog",200,10,0.01,"HL",0.0096,0.0129,0.0078,10000,0.000975081535052326
"link","cloglog",200,10,0.05,"HL",0.0526,0.0598,0.0439,10000,0.00223233599621562
"link","cloglog",200,10,0.1,"HL",0.1047,0.1137,0.0918,10000,0.00306166474324019
"link","cloglog",200,10,0.01,"HL-equalwidth",0.0343,0.0421,0.0109,10000,0.00181998653841175
"link","cloglog",200,10,0.05,"HL-equalwidth",0.1211,0.1677,0.0494,10000,0.0032624345204157
"link","cloglog",200,10,0.1,"HL-equalwidth",0.2096,0.2703,0.0994,10000,0.00407023144305087
"link","cloglog",200,10,0.01,"Pigeon-Heyse",0.0061,0.0133,0.0039,10000,0.000778639197574846
"link","cloglog",200,10,0.05,"Pigeon-Heyse",0.0333,0.0611,0.027,10000,0.0017941881172274
"link","cloglog",200,10,0.1,"Pigeon-Heyse",0.0695,0.1144,0.0592,10000,0.00254302477376844
"link","cloglog",200,10,0.01,"Stukel",0.1147,0.0649,0.0239,10000,0.00318659551873155
"link","cloglog",200,10,0.05,"Stukel",0.2446,0.1916,0.0741,10000,0.00429849787716593
"link","cloglog",200,10,0.1,"Stukel",0.3409,0.308,0.1177,10000,0.004740118036505
"link","cloglog",200,10,0.01,"Tsiatis",0.0111,0.0108,0.0104,10000,0.00104770177054351
"link","cloglog",200,10,0.05,"Tsiatis",0.0511,0.0532,0.049,10000,0.0022020170299069
"link","cloglog",200,10,0.1,"Tsiatis",0.1028,0.0968,0.1043,10000,0.00303697481056396
"link","cloglog",200,10,0.01,"Xie",0.0052,0.0101,0.0046,10000,0.000719232924719107
"link","cloglog",200,10,0.05,"Xie",0.0314,0.0535,0.028,10000,0.00174396215555269
"link","cloglog",200,10,0.1,"Xie",0.0665,0.0983,0.0645,10000,0.00249154068800812
"link","stukel_heavy",200,10,0.01,"DEF.poly2",0.0381,0.0395,0.0098,10000,0.0019143769221342
"link","stukel_heavy",200,10,0.05,"DEF.poly2",0.1258,0.1244,0.0513,10000,0.00331623823028443
"link","stukel_heavy",200,10,0.1,"DEF.poly2",0.2035,0.1998,0.1028,10000,0.00402601229506319
"link","stukel_heavy",200,10,0.01,"DEF.poly3",0.0639,0.0674,0.0092,10000,0.00244574712511331
"link","stukel_heavy",200,10,0.05,"DEF.poly3",0.1771,0.1803,0.0502,10000,0.0038175331039822
"link","stukel_heavy",200,10,0.1,"DEF.poly3",0.2698,0.2655,0.1027,10000,0.00443855787390454
"link","stukel_heavy",200,10,0.01,"DEF.stukel",0.0797,0.0784,0.0094,10000,0.00270828192771727
"link","stukel_heavy",200,10,0.05,"DEF.stukel",0.1959,0.1939,0.0469,10000,0.0039689191223808
"link","stukel_heavy",200,10,0.1,"DEF.stukel",0.2861,0.2757,0.1011,10000,0.00451936710170794
"link","stukel_heavy",200,10,0.01,"EF",0.028,0.0324,0.0076,10000,0.0016497272501841
"link","stukel_heavy",200,10,0.05,"EF",0.1033,0.118,0.0428,10000,0.00304350308033358
"link","stukel_heavy",200,10,0.1,"EF",0.1861,0.1983,0.0922,10000,0.00389187345631895
"link","stukel_heavy",200,10,0.01,"HL",0.0291,0.0334,0.0078,10000,0.00168086852549508
"link","stukel_heavy",200,10,0.05,"HL",0.1057,0.1199,0.0439,10000,0.00307453264741164
"link","stukel_heavy",200,10,0.1,"HL",0.1905,0.2037,0.0918,10000,0.00392695492716685
"link","stukel_heavy",200,10,0.01,"HL-equalwidth",0.0382,0.0143,0.0109,10000,0.00191678793819243
"link","stukel_heavy",200,10,0.05,"HL-equalwidth",0.1272,0.0685,0.0494,10000,0.00333196878736881
"link","stukel_heavy",200,10,0.1,"HL-equalwidth",0.2091,0.1178,0.0994,10000,0.00406665943988429
"link","stukel_heavy",200,10,0.01,"Pigeon-Heyse",0.0181,0.0334,0.0039,10000,0.00133313127635653
"link","stukel_heavy",200,10,0.05,"Pigeon-Heyse",0.0717,0.1197,0.027,10000,0.0025799052308176
"link","stukel_heavy",200,10,0.1,"Pigeon-Heyse",0.137,0.203,0.0592,10000,0.00343847349851646
"link","stukel_heavy",200,10,0.01,"Stukel",0.0706070607060706,0.0391039103910391,0.0239,10000,0.00256167335319162
"link","stukel_heavy",200,10,0.05,"Stukel",0.164716471647165,0.126412641264126,0.0741,10000,0.00370924460793938
"link","stukel_heavy",200,10,0.1,"Stukel",0.238623862386239,0.212921292129213,0.1177,10000,0.00426242319210695
"link","stukel_heavy",200,10,0.01,"Tsiatis",0.0334,0.0341,0.0104,10000,0.00179678713263425
"link","stukel_heavy",200,10,0.05,"Tsiatis",0.1199,0.1221,0.049,10000,0.00324844562829671
"link","stukel_heavy",200,10,0.1,"Tsiatis",0.2023,0.1943,0.1043,10000,0.00401714712202578
"link","stukel_heavy",200,10,0.01,"Xie",0.0221,0.0385,0.0046,10000,0.00147008809259854
"link","stukel_heavy",200,10,0.05,"Xie",0.0892,0.1284,0.028,10000,0.00285032208706314
"link","stukel_heavy",200,10,0.1,"Xie",0.1526,0.2095,0.0645,10000,0.00359601501665385
"link","stukel_light",200,10,0.01,"DEF.poly2",0.0132,0.014,0.0098,10000,0.00114130451677017
"link","stukel_light",200,10,0.05,"DEF.poly2",0.0597,0.0588,0.0513,10000,0.0023693017958884
"link","stukel_light",200,10,0.1,"DEF.poly2",0.1128,0.1102,0.1028,10000,0.00316348162630985
"link","stukel_light",200,10,0.01,"DEF.poly3",0.0294,0.0313,0.0092,10000,0.00168924953751659
"link","stukel_light",200,10,0.05,"DEF.poly3",0.1005,0.1018,0.0502,10000,0.00300665511823355
"link","stukel_light",200,10,0.1,"DEF.poly3",0.1673,0.1635,0.1027,10000,0.003732434996085
"link","stukel_light",200,10,0.01,"DEF.stukel",0.0353,0.0348,0.0094,10000,0.00184537015257102
"link","stukel_light",200,10,0.05,"DEF.stukel",0.1085,0.1094,0.0469,10000,0.00311010851900701
"link","stukel_light",200,10,0.1,"DEF.stukel",0.1731,0.166,0.1011,10000,0.00378333701908778
"link","stukel_light",200,10,0.01,"EF",0.0152,0.0183,0.0076,10000,0.00122347701245262
"link","stukel_light",200,10,0.05,"EF",0.0718,0.0828,0.0428,10000,0.00258156464184029
"link","stukel_light",200,10,0.1,"EF",0.1371,0.1472,0.0922,10000,0.00343952889215951
"link","stukel_light",200,10,0.01,"HL",0.0154,0.0192,0.0078,10000,0.00123137484138665
"link","stukel_light",200,10,0.05,"HL",0.0731,0.0832,0.0439,10000,0.00260300576257526
"link","stukel_light",200,10,0.1,"HL",0.1388,0.1493,0.0918,10000,0.00345737704047447
"link","stukel_light",200,10,0.01,"HL-equalwidth",0.0222022202220222,0.0113,0.0109,10000,0.00147340699194876
"link","stukel_light",200,10,0.05,"HL-equalwidth",0.0862086208620862,0.0512,0.0494,10000,0.00280671862770644
"link","stukel_light",200,10,0.1,"HL-equalwidth",0.156015601560156,0.0943,0.0994,10000,0.00362870133284593
"link","stukel_light",200,10,0.01,"Pigeon-Heyse",0.0095,0.0192,0.0039,10000,0.000970038659023443
"link","stukel_light",200,10,0.05,"Pigeon-Heyse",0.0486,0.0832,0.027,10000,0.00215030323442997
"link","stukel_light",200,10,0.1,"Pigeon-Heyse",0.0964,0.1487,0.0592,10000,0.00295139018091475
"link","stukel_light",200,10,0.01,"Stukel",0.0316,0.0161,0.0239,10000,0.0017493267276298
"link","stukel_light",200,10,0.05,"Stukel",0.0905,0.0647,0.0741,10000,0.0028689675843411
"link","stukel_light",200,10,0.1,"Stukel",0.1435,0.1232,0.1177,10000,0.00350582016081829
"link","stukel_light",200,10,0.01,"Tsiatis",0.0204,0.0216,0.0104,10000,0.00141364210463611
"link","stukel_light",200,10,0.05,"Tsiatis",0.082,0.0842,0.049,10000,0.00274364720764168
"link","stukel_light",200,10,0.1,"Tsiatis",0.148,0.1436,0.1043,10000,0.00355099985919459
"link","stukel_light",200,10,0.01,"Xie",0.0121,0.0231,0.0046,10000,0.00109332474590123
"link","stukel_light",200,10,0.05,"Xie",0.0535,0.0874,0.028,10000,0.00225028331549607
"link","stukel_light",200,10,0.1,"Xie",0.1043,0.1504,0.0645,10000,0.00305649325207827
"link","stukel_asym",200,10,0.01,"DEF.poly2",0.043,0.0446,0.0098,10000,0.00202857092555326
"link","stukel_asym",200,10,0.05,"DEF.poly2",0.1304,0.1291,0.0513,10000,0.00336742988048749
"link","stukel_asym",200,10,0.1,"DEF.poly2",0.2078,0.2017,0.1028,10000,0.00405732867783718
"link","stukel_asym",200,10,0.01,"DEF.poly3",0.1193,0.1254,0.0092,10000,0.00324141188373215
"link","stukel_asym",200,10,0.05,"DEF.poly3",0.2727,0.2761,0.0502,10000,0.00445347852807219
"link","stukel_asym",200,10,0.1,"DEF.poly3",0.3836,0.3775,0.1027,10000,0.00486262316039399
"link","stukel_asym",200,10,0.01,"DEF.stukel",0.1424,0.1409,0.0094,10000,0.003494599261718
"link","stukel_asym",200,10,0.05,"DEF.stukel",0.3027,0.3025,0.0469,10000,0.00459426501194696
"link","stukel_asym",200,10,0.1,"DEF.stukel",0.4123,0.4017,0.1011,10000,0.00492248626204279
"link","stukel_asym",200,10,0.01,"EF",0.0473,0.0564,0.0076,10000,0.00212279791784334
"link","stukel_asym",200,10,0.05,"EF",0.152,0.1678,0.0428,10000,0.0035902089075707
"link","stukel_asym",200,10,0.1,"EF",0.2489,0.2634,0.0922,10000,0.00432375750938926
"link","stukel_asym",200,10,0.01,"HL",0.049,0.0592,0.0078,10000,0.0021586801523153
"link","stukel_asym",200,10,0.05,"HL",0.157,0.1711,0.0439,10000,0.00363800769652842
"link","stukel_asym",200,10,0.1,"HL",0.2553,0.2692,0.0918,10000,0.00436029712290344
"link","stukel_asym",200,10,0.01,"HL-equalwidth",0.0654,0.0334,0.0109,10000,0.00247230337944193
"link","stukel_asym",200,10,0.05,"HL-equalwidth",0.1871,0.1196,0.0494,10000,0.00389991781964697
"link","stukel_asym",200,10,0.1,"HL-equalwidth",0.2908,0.2024,0.0994,10000,0.00454131434719069
"link","stukel_asym",200,10,0.01,"Pigeon-Heyse",0.0308,0.0594,0.0039,10000,0.00172775461220626
"link","stukel_asym",200,10,0.05,"Pigeon-Heyse",0.1152,0.1712,0.027,10000,0.00319263151647665
"link","stukel_asym",200,10,0.1,"Pigeon-Heyse",0.191,0.2688,0.0592,10000,0.00393089048435593
"link","stukel_asym",200,10,0.01,"Stukel",0.0833,0.0497,0.0239,10000,0.00276335140725895
"link","stukel_asym",200,10,0.05,"Stukel",0.1872,0.144,0.0741,10000,0.00390071993355073
"link","stukel_asym",200,10,0.1,"Stukel",0.2699,0.2397,0.1177,10000,0.00443907636789456
"link","stukel_asym",200,10,0.01,"Tsiatis",0.0558,0.0551,0.0104,10000,0.00229535095355808
"link","stukel_asym",200,10,0.05,"Tsiatis",0.1696,0.1731,0.049,10000,0.00375281014707645
"link","stukel_asym",200,10,0.1,"Tsiatis",0.2721,0.2628,0.1043,10000,0.00445041110460596
"link","stukel_asym",200,10,0.01,"Xie",0.0384,0.0604,0.0046,10000,0.00192159933388831
"link","stukel_asym",200,10,0.05,"Xie",0.1295,0.1838,0.028,10000,0.00335752513021124
"link","stukel_asym",200,10,0.1,"Xie",0.2142,0.2831,0.0645,10000,0.00410266206261252
"link","probit",500,10,0.01,"DEF.poly2",0.0084,0.0076,0.0092,5000,0.00129069283720024
"link","probit",500,10,0.05,"DEF.poly2",0.0468,0.0406,0.0514,5000,0.00298696367570816
"link","probit",500,10,0.1,"DEF.poly2",0.0958,0.0888,0.1,5000,0.00416226765117286
"link","probit",500,10,0.01,"DEF.poly3",0.0094,0.01,0.0088,5000,0.00136467138901642
"link","probit",500,10,0.05,"DEF.poly3",0.0542,0.0502,0.0496,5000,0.00320194815698193
"link","probit",500,10,0.1,"DEF.poly3",0.1102,0.1072,0.0989,5000,0.00442845255139987
"link","probit",500,10,0.01,"DEF.stukel",0.0078,0.0108,0.0095,5000,0.00124411896537268
"link","probit",500,10,0.05,"DEF.stukel",0.0446,0.0572,0.0482,5000,0.00291927525252416
"link","probit",500,10,0.1,"DEF.stukel",0.0938,0.1242,0.0947,5000,0.00412314346100157
"link","probit",500,10,0.01,"EF",0.0112,0.0122,0.0092,5000,0.00148825804214189
"link","probit",500,10,0.05,"EF",0.0542,0.0624,0.0426,5000,0.00320194815698193
"link","probit",500,10,0.1,"EF",0.1108,0.12,0.0932,5000,0.00443899448073547
"link","probit",500,10,0.01,"HL",0.011,0.0118,0.0087,5000,0.00147505932084103
"link","probit",500,10,0.05,"HL",0.0496,0.0546,0.0428,5000,0.00307049963361014
"link","probit",500,10,0.1,"HL",0.1004,0.1084,0.0927,5000,0.0042501727023734
"link","probit",500,10,0.01,"HL-equalwidth",0.0102,0.021,0.0114,5000,0.00142098275851609
"link","probit",500,10,0.05,"HL-equalwidth",0.0514,0.0942,0.0518,5000,0.00312275647465504
"link","probit",500,10,0.1,"HL-equalwidth",0.1064,0.184,0.0987,5000,0.0043607118684912
"link","probit",500,10,0.01,"Pigeon-Heyse",0.005,0.012,0.0046,5000,0.000997496867163
"link","probit",500,10,0.05,"Pigeon-Heyse",0.0318,0.0566,0.0276,5000,0.00248148181536758
"link","probit",500,10,0.1,"Pigeon-Heyse",0.0658,0.1102,0.0589,5000,0.00350629034736144
"link","probit",500,10,0.01,"Stukel",0.0162,0.0078,0.0227,5000,0.00178536046780475
"link","probit",500,10,0.05,"Stukel",0.06,0.0416,0.0716,5000,0.00335857112474933
"link","probit",500,10,0.1,"Stukel",0.1058,0.0912,0.1147,5000,0.00434985884828462
"link","probit",500,10,0.01,"Tsiatis",0.0076,0.0084,0.0101,5000,0.00122818891055082
"link","probit",500,10,0.05,"Tsiatis",0.0518,0.0482,0.0512,5000,0.0031342227106573
"link","probit",500,10,0.1,"Tsiatis",0.0946,0.0914,0.1046,5000,0.00413886071280491
"link","probit",500,10,0.01,"Xie",0.0056,0.0098,0.005,5000,0.00105533312276267
"link","probit",500,10,0.05,"Xie",0.0268,0.0426,0.0291,5000,0.00228393344911799
"link","probit",500,10,0.1,"Xie",0.054,0.0928,0.0621,5000,0.00319637294444813
"link","cloglog",500,10,0.01,"DEF.poly2",0.2406,0.2268,0.0092,5000,0.00604502506198279
"link","cloglog",500,10,0.05,"DEF.poly2",0.4724,0.4466,0.0514,5000,0.00706028667973192
"link","cloglog",500,10,0.1,"DEF.poly2",0.6106,0.593,0.1,5000,0.00689590661189666
"link","cloglog",500,10,0.01,"DEF.poly3",0.149,0.1504,0.0088,5000,0.00503585146722975
"link","cloglog",500,10,0.05,"DEF.poly3",0.3942,0.3802,0.0496,5000,0.0069109530457094
"link","cloglog",500,10,0.1,"DEF.poly3",0.5444,0.535,0.0989,5000,0.00704313339359692
"link","cloglog",500,10,0.01,"DEF.stukel",0.0638,0.0696,0.0095,5000,0.00345628586780665
"link","cloglog",500,10,0.05,"DEF.stukel",0.292,0.3136,0.0482,5000,0.00643017884665738
"link","cloglog",500,10,0.1,"DEF.stukel",0.48,0.5148,0.0947,5000,0.00706540869306228
"link","cloglog",500,10,0.01,"EF",0.0552,0.058,0.0092,5000,0.0032296427046966
"link","cloglog",500,10,0.05,"EF",0.2014,0.2254,0.0426,5000,0.00567164949551716
"link","cloglog",500,10,0.1,"EF",0.3286,0.3456,0.0932,5000,0.00664262056721592
"link","cloglog",500,10,0.01,"HL",0.0338,0.0368,0.0087,5000,0.0025556822963741
"link","cloglog",500,10,0.05,"HL",0.139,0.1544,0.0428,5000,0.00489242271272628
"link","cloglog",500,10,0.1,"HL",0.2368,0.2508,0.0927,5000,0.00601208383175085
"link","cloglog",500,10,0.01,"HL-equalwidth",0.0872,0.1096,0.0114,5000,0.00398989122658751
"link","cloglog",500,10,0.05,"HL-equalwidth",0.2418,0.303,0.0518,5000,0.0060552912398992
"link","cloglog",500,10,0.1,"HL-equalwidth",0.3572,0.4442,0.0987,5000,0.00677655015476164
"link","cloglog",500,10,0.01,"Pigeon-Heyse",0.0218,0.0378,0.0046,5000,0.00206517602155361
"link","cloglog",500,10,0.05,"Pigeon-Heyse",0.0946,0.1564,0.0276,5000,0.00413886071280491
"link","cloglog",500,10,0.1,"Pigeon-Heyse",0.1754,0.2532,0.0589,5000,0.00537837968165134
"link","cloglog",500,10,0.01,"Stukel",0.3422,0.2326,0.0227,5000,0.00670968195967588
"link","cloglog",500,10,0.05,"Stukel",0.546,0.4678,0.0716,5000,0.00704107946269604
"link","cloglog",500,10,0.1,"Stukel",0.659,0.6284,0.1147,5000,0.00670401372313631
"link","cloglog",500,10,0.01,"Tsiatis",0.0318,0.0318,0.0101,5000,0.00248148181536758
"link","cloglog",500,10,0.05,"Tsiatis",0.1298,0.1222,0.0512,5000,0.0047529350931819
"link","cloglog",500,10,0.1,"Tsiatis",0.2228,0.2168,0.1046,5000,0.00588489863973884
"link","cloglog",500,10,0.01,"Xie",0.0214,0.0376,0.005,5000,0.00204656004065358
"link","cloglog",500,10,0.05,"Xie",0.0846,0.1294,0.0291,5000,0.00393555180375002
"link","cloglog",500,10,0.1,"Xie",0.1594,0.2364,0.0621,5000,0.00517671015221057
"link","stukel_heavy",500,10,0.01,"DEF.poly2",0.097,0.1034,0.0092,5000,0.0041854748834511
"link","stukel_heavy",500,10,0.05,"DEF.poly2",0.241,0.2402,0.0514,5000,0.00604845434801322
"link","stukel_heavy",500,10,0.1,"DEF.poly2",0.3458,0.3476,0.1,5000,0.00672640111798278
"link","stukel_heavy",500,10,0.01,"DEF.poly3",0.2108,0.2228,0.0088,5000,0.00576824687405107
"link","stukel_heavy",500,10,0.05,"DEF.poly3",0.4142,0.4154,0.0496,5000,0.00696618058910333
"link","stukel_heavy",500,10,0.1,"DEF.poly3",0.536,0.5394,0.0989,5000,0.00705271578897094
"link","stukel_heavy",500,10,0.01,"DEF.stukel",0.268,0.2626,0.0095,5000,0.006263800763115
"link","stukel_heavy",500,10,0.05,"DEF.stukel",0.466,0.4598,0.0482,5000,0.00705470056061914
"link","stukel_heavy",500,10,0.1,"DEF.stukel",0.5826,0.5818,0.0947,5000,0.00697391195814802
"link","stukel_heavy",500,10,0.01,"EF",0.0942,0.0978,0.0092,5000,0.00413101343498178
"link","stukel_heavy",500,10,0.05,"EF",0.2512,0.274,0.0426,5000,0.0061334910124659
"link","stukel_heavy",500,10,0.1,"EF",0.3746,0.3882,0.0932,5000,0.00684506888204933
"link","stukel_heavy",500,10,0.01,"HL",0.0958,0.1046,0.0087,5000,0.00416226765117286
"link","stukel_heavy",500,10,0.05,"HL",0.2548,0.2752,0.0428,5000,0.00616241770736129
"link","stukel_heavy",500,10,0.1,"HL",0.3784,0.392,0.0927,5000,0.00685876723617298
"link","stukel_heavy",500,10,0.01,"HL-equalwidth",0.1164,0.0522,0.0114,5000,0.00453543911876237
"link","stukel_heavy",500,10,0.05,"HL-equalwidth",0.281,0.1634,0.0518,5000,0.00635671298707123
"link","stukel_heavy",500,10,0.1,"HL-equalwidth",0.4028,0.2578,0.0987,5000,0.0069361683947263
"link","stukel_heavy",500,10,0.01,"Pigeon-Heyse",0.0692,0.104,0.0046,5000,0.00358918820905229
"link","stukel_heavy",500,10,0.05,"Pigeon-Heyse",0.1906,0.2742,0.0276,5000,0.00555466722675625
"link","stukel_heavy",500,10,0.1,"Pigeon-Heyse",0.2992,0.3914,0.0589,5000,0.00647579122578855
"link","stukel_heavy",500,10,0.01,"Stukel",0.168,0.1048,0.0227,5000,0.00528726772539466
"link","stukel_heavy",500,10,0.05,"Stukel",0.3092,0.2476,0.0716,5000,0.00653598286411462
"link","stukel_heavy",500,10,0.1,"Stukel",0.4116,0.3834,0.1147,5000,0.00695967585452081
"link","stukel_heavy",500,10,0.01,"Tsiatis",0.0938,0.0908,0.0101,5000,0.00412314346100157
"link","stukel_heavy",500,10,0.05,"Tsiatis",0.247,0.2408,0.0512,5000,0.00609903271019266
"link","stukel_heavy",500,10,0.1,"Tsiatis",0.3662,0.3602,0.1046,5000,0.00681318662594824
"link","stukel_heavy",500,10,0.01,"Xie",0.0716,0.1118,0.005,5000,0.00364618814654428
"link","stukel_heavy",500,10,0.05,"Xie",0.2038,0.2716,0.0291,5000,0.00569676329155425
"link","stukel_heavy",500,10,0.1,"Xie",0.3102,0.3988,0.0621,5000,0.00654180342107587
"link","stukel_light",500,10,0.01,"DEF.poly2",0.014,0.016,0.0092,5000,0.00166156552684509
"link","stukel_light",500,10,0.05,"DEF.poly2",0.0692,0.0688,0.0514,5000,0.00358918820905229
"link","stukel_light",500,10,0.1,"DEF.poly2",0.124,0.1252,0.1,5000,0.00466098701993473
"link","stukel_light",500,10,0.01,"DEF.poly3",0.072,0.0784,0.0088,5000,0.00365557109081468
"link","stukel_light",500,10,0.05,"DEF.poly3",0.1874,0.1884,0.0496,5000,0.00551871796706445
"link","stukel_light",500,10,0.1,"DEF.poly3",0.2864,0.2922,0.0989,5000,0.00639335655192169
"link","stukel_light",500,10,0.01,"DEF.stukel",0.0938,0.0896,0.0095,5000,0.00412314346100157
"link","stukel_light",500,10,0.05,"DEF.stukel",0.2218,0.2188,0.0482,5000,0.00587545334421098
"link","stukel_light",500,10,0.1,"DEF.stukel",0.3132,0.3156,0.0947,5000,0.00655905115089065
"link","stukel_light",500,10,0.01,"EF",0.0436,0.0462,0.0092,5000,0.00288787257336608
"link","stukel_light",500,10,0.05,"EF",0.147,0.162,0.0426,5000,0.00500781389430558
"link","stukel_light",500,10,0.1,"EF",0.2422,0.2548,0.0932,5000,0.00605869887021958
"link","stukel_light",500,10,0.01,"HL",0.044,0.0478,0.0087,5000,0.00290048271844533
"link","stukel_light",500,10,0.05,"HL",0.1486,0.1628,0.0428,5000,0.00503026917768821
"link","stukel_light",500,10,0.1,"HL",0.2442,0.2558,0.0927,5000,0.00607562935011674
"link","stukel_light",500,10,0.01,"HL-equalwidth",0.058,0.0296,0.0114,5000,0.00330563155841664
"link","stukel_light",500,10,0.05,"HL-equalwidth",0.1676,0.1074,0.0518,5000,0.00528223891924627
"link","stukel_light",500,10,0.1,"HL-equalwidth",0.2584,0.1856,0.0987,5000,0.00619079057956252
"link","stukel_light",500,10,0.01,"Pigeon-Heyse",0.0282,0.0476,0.0046,5000,0.00234114331043616
"link","stukel_light",500,10,0.05,"Pigeon-Heyse",0.1038,0.1624,0.0276,5000,0.00431336434816258
"link","stukel_light",500,10,0.1,"Pigeon-Heyse",0.18,0.2556,0.0589,5000,0.00543323108288245
"link","stukel_light",500,10,0.01,"Stukel",0.0388,0.0186,0.0227,5000,0.00273110087693589
"link","stukel_light",500,10,0.05,"Stukel",0.1114,0.0724,0.0716,5000,0.004449495252273
"link","stukel_light",500,10,0.1,"Stukel",0.1802,0.1586,0.1147,5000,0.00543558570901058
"link","stukel_light",500,10,0.01,"Tsiatis",0.0406,0.0378,0.0101,5000,0.00279111590586991
"link","stukel_light",500,10,0.05,"Tsiatis",0.1454,0.1366,0.0512,5000,0.00498515476189055
"link","stukel_light",500,10,0.1,"Tsiatis",0.2398,0.2326,0.1046,5000,0.00603814474818218
"link","stukel_light",500,10,0.01,"Xie",0.0272,0.0508,0.005,5000,0.00230044169671826
"link","stukel_light",500,10,0.05,"Xie",0.0982,0.1432,0.0291,5000,0.00420848571341284
"link","stukel_light",500,10,0.1,"Xie",0.173,0.2384,0.0621,5000,0.0053492242428225
"link","stukel_asym",500,10,0.01,"DEF.poly2",0.1068,0.1124,0.0092,5000,0.00436792307624573
"link","stukel_asym",500,10,0.05,"DEF.poly2",0.2622,0.2604,0.0514,5000,0.0062201472651377
"link","stukel_asym",500,10,0.1,"DEF.poly2",0.3664,0.3674,0.1,5000,0.0068139715291451
"link","stukel_asym",500,10,0.01,"DEF.poly3",0.416,0.4346,0.0088,5000,0.00697056669145343
"link","stukel_asym",500,10,0.05,"DEF.poly3",0.631,0.6352,0.0496,5000,0.00682406037487946
"link","stukel_asym",500,10,0.1,"DEF.poly3",0.7386,0.742,0.0989,5000,0.00621401705823214
"link","stukel_asym",500,10,0.01,"DEF.stukel",0.4902,0.4868,0.0095,5000,0.00706970947069255
"link","stukel_asym",500,10,0.05,"DEF.stukel",0.6848,0.6812,0.0482,5000,0.00657037228777792
"link","stukel_asym",500,10,0.1,"DEF.stukel",0.7828,0.7852,0.0947,5000,0.00583136622070677
"link","stukel_asym",500,10,0.01,"EF",0.2126,0.2196,0.0092,5000,0.00578621188689111
"link","stukel_asym",500,10,0.05,"EF",0.4304,0.4598,0.0426,5000,0.00700222593180197
"link","stukel_asym",500,10,0.1,"EF",0.5574,0.5694,0.0932,5000,0.00702431832991643
"link","stukel_asym",500,10,0.01,"HL",0.2162,0.2272,0.0087,5000,0.00582164169285606
"link","stukel_asym",500,10,0.05,"HL",0.4362,0.4644,0.0428,5000,0.00701326685646568
"link","stukel_asym",500,10,0.1,"HL",0.5614,0.5734,0.0927,5000,0.00701754999982188
"link","stukel_asym",500,10,0.01,"HL-equalwidth",0.256,0.1722,0.0114,5000,0.00617193648703549
"link","stukel_asym",500,10,0.05,"HL-equalwidth",0.4774,0.3648,0.0518,5000,0.00706384088156012
"link","stukel_asym",500,10,0.1,"HL-equalwidth",0.6096,0.5004,0.0987,5000,0.00689909907161797
"link","stukel_asym",500,10,0.01,"Pigeon-Heyse",0.1676,0.2264,0.0046,5000,0.00528223891924627
"link","stukel_asym",500,10,0.05,"Pigeon-Heyse",0.361,0.4638,0.0276,5000,0.0067923339140534
"link","stukel_asym",500,10,0.1,"Pigeon-Heyse",0.4848,0.5726,0.0589,5000,0.00706779965760207
"link","stukel_asym",500,10,0.01,"Stukel",0.221,0.1386,0.0227,5000,0.00586786162072692
"link","stukel_asym",500,10,0.05,"Stukel",0.3994,0.3254,0.0716,5000,0.00692646576545355
"link","stukel_asym",500,10,0.1,"Stukel",0.5156,0.479,0.1147,5000,0.00706762534377707
"link","stukel_asym",500,10,0.01,"Tsiatis",0.2048,0.1986,0.0101,5000,0.00570713518325964
"link","stukel_asym",500,10,0.05,"Tsiatis",0.4272,0.4164,0.0512,5000,0.0069957152600717
"link","stukel_asym",500,10,0.1,"Tsiatis",0.5518,0.5476,0.1046,5000,0.00703301869754375
"link","stukel_asym",500,10,0.01,"Xie",0.1666,0.2426,0.005,5000,0.00526961934109097
"link","stukel_asym",500,10,0.05,"Xie",0.3712,0.4494,0.0291,5000,0.00683243089976035
"link","stukel_asym",500,10,0.1,"Xie",0.494,0.5856,0.0621,5000,0.00707055867665349
"link","probit",1000,10,0.01,"DEF.poly2",0.01,0.0058,0.012,5000,0.00140712472794703
"link","probit",1000,10,0.05,"DEF.poly2",0.0528,0.0428,0.0548,5000,0.00316266216975509
"link","probit",1000,10,0.1,"DEF.poly2",0.1024,0.0876,0.1037,5000,0.00428752236145772
"link","probit",1000,10,0.01,"DEF.poly3",0.0134,0.011,0.0107,5000,0.00162606518934513
"link","probit",1000,10,0.05,"DEF.poly3",0.0706,0.0612,0.0544,5000,0.00362258581678889
"link","probit",1000,10,0.1,"DEF.poly3",0.1348,0.1184,0.1072,5000,0.0048296782501529
"link","probit",1000,10,0.01,"DEF.stukel",0.0116,0.013,0.011,5000,0.00151429455523026
"link","probit",1000,10,0.05,"DEF.stukel",0.0638,0.0744,0.053,5000,0.00345628586780665
"link","probit",1000,10,0.1,"DEF.stukel",0.127,0.1496,0.1013,5000,0.00470894892730851
"link","probit",1000,10,0.01,"EF",0.0158,0.0176,0.0088,5000,0.00176353962246387
"link","probit",1000,10,0.05,"EF",0.061,0.058,0.0525,5000,0.00338464178311383
"link","probit",1000,10,0.1,"EF",0.1172,0.1172,0.1003,5000,0.00454893745835222
"link","probit",1000,10,0.01,"HL",0.0148,0.0154,0.009,5000,0.00170768615383507
"link","probit",1000,10,0.05,"HL",0.056,0.0544,0.0523,5000,0.00325158422926425
"link","probit",1000,10,0.1,"HL",0.1076,0.1088,0.0991,5000,0.00438228798688539
"link","probit",1000,10,0.01,"HL-equalwidth",0.0138,0.0254,0.0103,5000,0.00164982180855994
"link","probit",1000,10,0.05,"HL-equalwidth",0.0602,0.1014,0.0512,5000,0.00336380617753164
"link","probit",1000,10,0.1,"HL-equalwidth",0.1118,0.1906,0.098,5000,0.00445647304490894
"link","probit",1000,10,0.01,"Pigeon-Heyse",0.0072,0.0156,0.0049,5000,0.00119567219587979
"link","probit",1000,10,0.05,"Pigeon-Heyse",0.0388,0.0552,0.034,5000,0.00273110087693589
"link","probit",1000,10,0.1,"Pigeon-Heyse",0.0732,0.1104,0.0694,5000,0.00368352439926764
"link","probit",1000,10,0.01,"Stukel",0.02,0.0064,0.0245,5000,0.00197989898732233
"link","probit",1000,10,0.05,"Stukel",0.064,0.0444,0.0715,5000,0.00346132922444543
"link","probit",1000,10,0.1,"Stukel",0.116,0.095,0.1197,5000,0.00452866426223009
"link","probit",1000,10,0.01,"Tsiatis",0.0112,0.0126,0.0092,5000,0.00148825804214189
"link","probit",1000,10,0.05,"Tsiatis",0.0504,0.051,0.0485,5000,0.00309385972532693
"link","probit",1000,10,0.1,"Tsiatis",0.1072,0.1032,0.1007,5000,0.00437511508420064
"link","probit",1000,10,0.01,"Xie",0.0058,0.01,0.0063,5000,0.00107390502373348
"link","probit",1000,10,0.05,"Xie",0.0326,0.055,0.0291,5000,0.00251146331846595
"link","probit",1000,10,0.1,"Xie",0.0678,0.1038,0.0628,5000,0.00355536664775941
"link","cloglog",1000,10,0.01,"DEF.poly2",0.5744,0.512,0.012,5000,0.00699234781743586
"link","cloglog",1000,10,0.05,"DEF.poly2",0.817,0.7854,0.0548,5000,0.00546829040925955
"link","cloglog",1000,10,0.1,"DEF.poly2",0.8944,0.8806,0.1037,5000,0.00434623147105628
"link","cloglog",1000,10,0.01,"DEF.poly3",0.4876,0.4598,0.0107,5000,0.00706889298263879
"link","cloglog",1000,10,0.05,"DEF.poly3",0.7712,0.7446,0.0544,5000,0.0059405481228587
"link","cloglog",1000,10,0.1,"DEF.poly3",0.875,0.8576,0.1072,5000,0.00467707173346743
"link","cloglog",1000,10,0.01,"DEF.stukel",0.3924,0.387,0.011,5000,0.00690539267529371
"link","cloglog",1000,10,0.05,"DEF.stukel",0.7566,0.7584,0.053,5000,0.00606887864436256
"link","cloglog",1000,10,0.1,"DEF.stukel",0.8776,0.8836,0.1013,5000,0.00463504563084335
"link","cloglog",1000,10,0.01,"EF",0.2284,0.2392,0.0088,5000,0.00593689211625072
"link","cloglog",1000,10,0.05,"EF",0.4972,0.4842,0.0525,5000,0.00707095693665292
"link","cloglog",1000,10,0.1,"EF",0.6574,0.657,0.1003,5000,0.00671156077227943
"link","cloglog",1000,10,0.01,"HL",0.1742,0.184,0.009,5000,0.00536384861829638
"link","cloglog",1000,10,0.05,"HL",0.4016,0.3926,0.0523,5000,0.00693278356794729
"link","cloglog",1000,10,0.1,"HL",0.559,0.5624,0.0991,5000,0.0070216664688662
"link","cloglog",1000,10,0.01,"HL-equalwidth",0.238,0.2876,0.0103,5000,0.00602255759623766
"link","cloglog",1000,10,0.05,"HL-equalwidth",0.4768,0.548,0.0512,5000,0.00706345184736188
"link","cloglog",1000,10,0.1,"HL-equalwidth",0.6092,0.691,0.098,5000,0.00690036752644379
"link","cloglog",1000,10,0.01,"Pigeon-Heyse",0.1258,0.1862,0.0049,5000,0.00468986908132839
"link","cloglog",1000,10,0.05,"Pigeon-Heyse",0.3202,0.3946,0.034,5000,0.00659805971479495
"link","cloglog",1000,10,0.1,"Pigeon-Heyse",0.4644,0.5642,0.0694,5000,0.00705312186198424
"link","cloglog",1000,10,0.01,"Stukel",0.722,0.572,0.0245,5000,0.00633586616020257
"link","cloglog",1000,10,0.05,"Stukel",0.8766,0.8328,0.0715,5000,0.00465128885364046
"link","cloglog",1000,10,0.1,"Stukel",0.9296,0.912,0.1197,5000,0.00361784023970103
"link","cloglog",1000,10,0.01,"Tsiatis",0.142,0.1474,0.0092,5000,0.0049363144146215
"link","cloglog",1000,10,0.05,"Tsiatis",0.3602,0.358,0.0485,5000,0.0067890494179966
"link","cloglog",1000,10,0.1,"Tsiatis",0.505,0.4982,0.1007,5000,0.00707071424963561
"link","cloglog",1000,10,0.01,"Xie",0.0996,0.1434,0.0063,5000,0.00423508772046105
"link","cloglog",1000,10,0.05,"Xie",0.2838,0.3888,0.0291,5000,0.0063758538251751
"link","cloglog",1000,10,0.1,"Xie",0.4346,0.5376,0.0628,5000,0.00701031868034542
"link","stukel_heavy",1000,10,0.01,"DEF.poly2",0.23,0.2142,0.012,5000,0.0059514704065466
"link","stukel_heavy",1000,10,0.05,"DEF.poly2",0.4374,0.4256,0.0548,5000,0.00701542928123433
"link","stukel_heavy",1000,10,0.1,"DEF.poly2",0.5562,0.5514,0.1037,5000,0.00702625874843789
"link","stukel_heavy",1000,10,0.01,"DEF.poly3",0.516,0.5134,0.0107,5000,0.00706744649785196
"link","stukel_heavy",1000,10,0.05,"DEF.poly3",0.7334,0.7226,0.0544,5000,0.0062533901205666
"link","stukel_heavy",1000,10,0.1,"DEF.poly3",0.8198,0.8132,0.1072,5000,0.00543558570901058
"link","stukel_heavy",1000,10,0.01,"DEF.stukel",0.5984,0.5714,0.011,5000,0.00693278356794729
"link","stukel_heavy",1000,10,0.05,"DEF.stukel",0.7872,0.7706,0.053,5000,0.00578819764693639
"link","stukel_heavy",1000,10,0.1,"DEF.stukel",0.8596,0.851,0.1013,5000,0.00491299989822919
"link","stukel_heavy",1000,10,0.01,"EF",0.3122,0.3186,0.0088,5000,0.00655333747032762
"link","stukel_heavy",1000,10,0.05,"EF",0.5404,0.5312,0.0525,5000,0.00704794778641272
"link","stukel_heavy",1000,10,0.1,"EF",0.6704,0.6704,0.1003,5000,0.00664776413540673
"link","stukel_heavy",1000,10,0.01,"HL",0.3144,0.3242,0.009,5000,0.00656586079657496
"link","stukel_heavy",1000,10,0.05,"HL",0.5456,0.5368,0.0523,5000,0.00704159981822313
"link","stukel_heavy",1000,10,0.1,"HL",0.6758,0.678,0.0991,5000,0.00661958246417401
"link","stukel_heavy",1000,10,0.01,"HL-equalwidth",0.355,0.211,0.0103,5000,0.00676720030736493
"link","stukel_heavy",1000,10,0.05,"HL-equalwidth",0.5918,0.431,0.0512,5000,0.00695086699628183
"link","stukel_heavy",1000,10,0.1,"HL-equalwidth",0.7086,0.566,0.098,5000,0.00642629037625908
"link","stukel_heavy",1000,10,0.01,"Pigeon-Heyse",0.2554,0.3236,0.0049,5000,0.00616718477102803
"link","stukel_heavy",1000,10,0.05,"Pigeon-Heyse",0.4696,0.5346,0.034,5000,0.0070579861150331
"link","stukel_heavy",1000,10,0.1,"Pigeon-Heyse",0.6,0.6772,0.0694,5000,0.00692820323027551
"link","stukel_heavy",1000,10,0.01,"Stukel",0.3644,0.246,0.0245,5000,0.00680606553009887
"link","stukel_heavy",1000,10,0.05,"Stukel",0.5622,0.4952,0.0715,5000,0.00701614081956741
"link","stukel_heavy",1000,10,0.1,"Stukel",0.6672,0.6278,0.1197,5000,0.0066639951980775
"link","stukel_heavy",1000,10,0.01,"Tsiatis",0.2768,0.2864,0.0092,5000,0.00632742854562578
"link","stukel_heavy",1000,10,0.05,"Tsiatis",0.5122,0.5106,0.0485,5000,0.00706896258301032
"link","stukel_heavy",1000,10,0.1,"Tsiatis",0.6416,0.6382,0.1007,5000,0.0067815844756222
"link","stukel_heavy",1000,10,0.01,"Xie",0.2402,0.305,0.0063,5000,0.0060415885328281
"link","stukel_heavy",1000,10,0.05,"Xie",0.4742,0.5666,0.0291,5000,0.00706164796630362
"link","stukel_heavy",1000,10,0.1,"Xie",0.599,0.6746,0.0628,5000,0.00693107495270395
"link","stukel_light",1000,10,0.01,"DEF.poly2",0.0144,0.0128,0.012,5000,0.00168479316237929
"link","stukel_light",1000,10,0.05,"DEF.poly2",0.0656,0.0604,0.0548,5000,0.00350133231784702
"link","stukel_light",1000,10,0.1,"DEF.poly2",0.129,0.1256,0.1037,5000,0.0047404430172717
"link","stukel_light",1000,10,0.01,"DEF.poly3",0.1532,0.1502,0.0107,5000,0.00509371691400298
"link","stukel_light",1000,10,0.05,"DEF.poly3",0.3356,0.3226,0.0544,5000,0.00667791344657895
"link","stukel_light",1000,10,0.1,"DEF.poly3",0.459,0.448,0.1072,5000,0.00704725478466615
"link","stukel_light",1000,10,0.01,"DEF.stukel",0.2032,0.1886,0.011,5000,0.00569051421226588
"link","stukel_light",1000,10,0.05,"DEF.stukel",0.391,0.3742,0.053,5000,0.00690099992754673
"link","stukel_light",1000,10,0.1,"DEF.stukel",0.4984,0.4874,0.1013,5000,0.0070710316079056
"link","stukel_light",1000,10,0.01,"EF",0.1152,0.1214,0.0088,5000,0.00451506279026106
"link","stukel_light",1000,10,0.05,"EF",0.2904,0.2826,0.0525,5000,0.0064197794354635
"link","stukel_light",1000,10,0.1,"EF",0.4124,0.4124,0.1003,5000,0.00696169864329102
"link","stukel_light",1000,10,0.01,"HL",0.1162,0.1236,0.009,5000,0.00453205383904472
"link","stukel_light",1000,10,0.05,"HL",0.294,0.287,0.0523,5000,0.00644304275944216
"link","stukel_light",1000,10,0.1,"HL",0.414,0.4154,0.0991,5000,0.00696568733148424
"link","stukel_light",1000,10,0.01,"HL-equalwidth",0.1456,0.0928,0.0103,5000,0.0049879983961505
"link","stukel_light",1000,10,0.05,"HL-equalwidth",0.3226,0.2346,0.0512,5000,0.00661103985769259
"link","stukel_light",1000,10,0.1,"HL-equalwidth",0.4428,0.3528,0.098,5000,0.00702464461734542
"link","stukel_light",1000,10,0.01,"Pigeon-Heyse",0.081,0.1236,0.0049,5000,0.00385847119984068
"link","stukel_light",1000,10,0.05,"Pigeon-Heyse",0.2278,0.2858,0.034,5000,0.00593139376538095
"link","stukel_light",1000,10,0.1,"Pigeon-Heyse",0.3368,0.415,0.0694,5000,0.00668379772285188
"link","stukel_light",1000,10,0.01,"Stukel",0.0416,0.0172,0.0245,5000,0.00282380735886852
"link","stukel_light",1000,10,0.05,"Stukel",0.1384,0.0946,0.0715,5000,0.00488355280507951
"link","stukel_light",1000,10,0.1,"Stukel",0.2318,0.1948,0.1197,5000,0.00596772586501759
"link","stukel_light",1000,10,0.01,"Tsiatis",0.0936,0.0982,0.0092,5000,0.00411919992231501
"link","stukel_light",1000,10,0.05,"Tsiatis",0.2468,0.247,0.0485,5000,0.0060973725488935
"link","stukel_light",1000,10,0.1,"Tsiatis",0.3772,0.3692,0.1007,5000,0.00685448991537664
"link","stukel_light",1000,10,0.01,"Xie",0.067,0.0928,0.0063,5000,0.00353584501922808
"link","stukel_light",1000,10,0.05,"Xie",0.1842,0.2536,0.0291,5000,0.00548215942854638
"link","stukel_light",1000,10,0.1,"Xie",0.2916,0.3746,0.0628,5000,0.00642758803907033
"link","stukel_asym",1000,10,0.01,"DEF.poly2",0.236,0.221,0.012,5000,0.00600506452921199
"link","stukel_asym",1000,10,0.05,"DEF.poly2",0.4346,0.4198,0.0548,5000,0.00701031868034542
"link","stukel_asym",1000,10,0.1,"DEF.poly2",0.5478,0.5416,0.1037,5000,0.00703868112646112
"link","stukel_asym",1000,10,0.01,"DEF.poly3",0.8142,0.8132,0.0107,5000,0.00550051561219491
"link","stukel_asym",1000,10,0.05,"DEF.poly3",0.9282,0.9246,0.0544,5000,0.00365088372863338
"link","stukel_asym",1000,10,0.1,"DEF.poly3",0.9632,0.9622,0.1072,5000,0.00266254614983478
"link","stukel_asym",1000,10,0.01,"DEF.stukel",0.8712,0.8594,0.011,5000,0.00473731062946056
"link","stukel_asym",1000,10,0.05,"DEF.stukel",0.9524,0.9472,0.053,5000,0.00301112072159188
"link","stukel_asym",1000,10,0.1,"DEF.stukel",0.9744,0.9732,0.1013,5000,0.00223359083092674
"link","stukel_asym",1000,10,0.01,"EF",0.6246,0.6344,0.0088,5000,0.00684799007008626
"link","stukel_asym",1000,10,0.05,"EF",0.8236,0.8146,0.0525,5000,0.00539041816559717
"link","stukel_asym",1000,10,0.1,"EF",0.895,0.895,0.1003,5000,0.00433532005738907
"link","stukel_asym",1000,10,0.01,"HL",0.628,0.6434,0.009,5000,0.0068354370745403
"link","stukel_asym",1000,10,0.05,"HL",0.826,0.821,0.0523,5000,0.00536141772295351
"link","stukel_asym",1000,10,0.1,"HL",0.8966,0.8978,0.0991,5000,0.00430600603808216
"link","stukel_asym",1000,10,0.01,"HL-equalwidth",0.6496,0.5316,0.0103,5000,0.00674714517407177
"link","stukel_asym",1000,10,0.05,"HL-equalwidth",0.8346,0.7536,0.0512,5000,0.00525438559681339
"link","stukel_asym",1000,10,0.1,"HL-equalwidth",0.903,0.8424,0.098,5000,0.0041854748834511
"link","stukel_asym",1000,10,0.01,"Pigeon-Heyse",0.5548,0.6422,0.0049,5000,0.00702847010379926
"link","stukel_asym",1000,10,0.05,"Pigeon-Heyse",0.7716,0.8198,0.034,5000,0.00593689211625072
"link","stukel_asym",1000,10,0.1,"Pigeon-Heyse",0.8542,0.8978,0.0694,5000,0.00499083880725475
"link","stukel_asym",1000,10,0.01,"Stukel",0.465,0.3208,0.0245,5000,0.00705372242153035
"link","stukel_asym",1000,10,0.05,"Stukel",0.707,0.6184,0.0715,5000,0.00643662955280168
"link","stukel_asym",1000,10,0.1,"Stukel",0.826,0.7846,0.1197,5000,0.00536141772295351
"link","stukel_asym",1000,10,0.01,"Tsiatis",0.574,0.5852,0.0092,5000,0.00699319669393047
"link","stukel_asym",1000,10,0.05,"Tsiatis",0.7818,0.7798,0.0485,5000,0.00584104031829947
"link","stukel_asym",1000,10,0.1,"Tsiatis",0.8634,0.859,0.1007,5000,0.00485675694265216
"link","stukel_asym",1000,10,0.01,"Xie",0.5272,0.5934,0.0063,5000,0.00706059714188538
"link","stukel_asym",1000,10,0.05,"Xie",0.7372,0.8074,0.0291,5000,0.00622472746391358
"link","stukel_asym",1000,10,0.1,"Xie",0.83,0.8764,0.0628,5000,0.00531224999411737
"link","probit",2000,10,0.01,"DEF.poly2",0.0122,0.0108,0.0094,5000,0.00155249218999646
"link","probit",2000,10,0.05,"DEF.poly2",0.0586,0.0548,0.0486,5000,0.00332162731202644
"link","probit",2000,10,0.1,"DEF.poly2",0.1134,0.1064,0.0984,5000,0.00448420427723805
"link","probit",2000,10,0.01,"DEF.poly3",0.0276,0.0248,0.0106,5000,0.00231681850821336
"link","probit",2000,10,0.05,"DEF.poly3",0.1084,0.1078,0.0487,5000,0.00439657685023246
"link","probit",2000,10,0.1,"DEF.poly3",0.1824,0.174,0.1023,5000,0.00546132291665673
"link","probit",2000,10,0.01,"DEF.stukel",0.0276,0.032,0.0116,5000,0.00231681850821336
"link","probit",2000,10,0.05,"DEF.stukel",0.1084,0.1256,0.0504,5000,0.00439657685023246
"link","probit",2000,10,0.1,"DEF.stukel",0.1952,0.224,0.0974,5000,0.00560530034877704
"link","probit",2000,10,0.01,"EF",0.0168,0.018,0.009,5000,0.00181756760534512
"link","probit",2000,10,0.05,"EF",0.0784,0.0796,0.0488,5000,0.00380140605565888
"link","probit",2000,10,0.1,"EF",0.1446,0.1458,0.099,5000,0.00497374788263338
"link","probit",2000,10,0.01,"HL",0.014,0.0168,0.009,5000,0.00166156552684509
"link","probit",2000,10,0.05,"HL",0.072,0.0728,0.0485,5000,0.00365557109081468
"link","probit",2000,10,0.1,"HL",0.1372,0.1382,0.0987,5000,0.00486572009059296
"link","probit",2000,10,0.01,"HL-equalwidth",0.0158,0.032,0.0095,5000,0.00176353962246387
"link","probit",2000,10,0.05,"HL-equalwidth",0.0718,0.123,0.0476,5000,0.00365088372863338
"link","probit",2000,10,0.1,"HL-equalwidth",0.1302,0.2074,0.0971,5000,0.00475915874919087
"link","probit",2000,10,0.01,"Pigeon-Heyse",0.0088,0.017,0.0056,5000,0.00132079975772257
"link","probit",2000,10,0.05,"Pigeon-Heyse",0.0504,0.0738,0.0308,5000,0.00309385972532693
"link","probit",2000,10,0.1,"Pigeon-Heyse",0.0974,0.1388,0.0657,5000,0.00419316682234323
"link","probit",2000,10,0.01,"Stukel",0.0264,0.01,0.0215,5000,0.00226729089443768
"link","probit",2000,10,0.05,"Stukel",0.0776,0.055,0.0711,5000,0.00378360251612137
"link","probit",2000,10,0.1,"Stukel",0.1396,0.1216,0.1155,5000,0.00490126187833297
"link","probit",2000,10,0.01,"Tsiatis",0.0172,0.0152,0.0109,5000,0.00183870389133215
"link","probit",2000,10,0.05,"Tsiatis",0.0682,0.0662,0.0529,5000,0.00356507391227728
"link","probit",2000,10,0.1,"Tsiatis",0.1326,0.131,0.104,5000,0.00479619098869092
"link","probit",2000,10,0.01,"Xie",0.0072,0.0132,0.0058,5000,0.00119567219587979
"link","probit",2000,10,0.05,"Xie",0.0436,0.071,0.0323,5000,0.00288787257336608
"link","probit",2000,10,0.1,"Xie",0.0898,0.1302,0.0654,5000,0.00404316608612607
"link","cloglog",2000,10,0.01,"DEF.poly2",0.9268,0.9148,0.0094,5000,0.00368352439926764
"link","cloglog",2000,10,0.05,"DEF.poly2",0.9832,0.9814,0.0486,5000,0.00181756760534512
"link","cloglog",2000,10,0.1,"DEF.poly2",0.9934,0.992,0.0984,5000,0.00114511484140239
"link","cloglog",2000,10,0.01,"DEF.poly3",0.9086,0.9004,0.0106,5000,0.00407543960818953
"link","cloglog",2000,10,0.05,"DEF.poly3",0.9826,0.9818,0.0487,5000,0.00184917495116065
"link","cloglog",2000,10,0.1,"DEF.poly3",0.9928,0.992,0.1023,5000,0.00119567219587979
"link","cloglog",2000,10,0.01,"DEF.stukel",0.9222,0.9214,0.0116,5000,0.00378806441339109
"link","cloglog",2000,10,0.05,"DEF.stukel",0.9894,0.9908,0.0504,5000,0.00144828450243728
"link","cloglog",2000,10,0.1,"DEF.stukel",0.9972,0.9978,0.0974,5000,0.000747283078893136
"link","cloglog",2000,10,0.01,"EF",0.6858,0.7028,0.009,5000,0.00656472939274727
"link","cloglog",2000,10,0.05,"EF",0.9,0.902,0.0488,5000,0.00424264068711928
"link","cloglog",2000,10,0.1,"EF",0.9514,0.953,0.099,5000,0.0030409879973456
"link","cloglog",2000,10,0.01,"HL",0.6138,0.6334,0.009,5000,0.00688548560379005
"link","cloglog",2000,10,0.05,"HL",0.8584,0.8606,0.0485,5000,0.00493050585640054
"link","cloglog",2000,10,0.1,"HL",0.9276,0.928,0.0987,5000,0.00366492128155572
"link","cloglog",2000,10,0.01,"HL-equalwidth",0.618,0.6922,0.0095,5000,0.0068713317486496
"link","cloglog",2000,10,0.05,"HL-equalwidth",0.823,0.871,0.0476,5000,0.00539761058247073
"link","cloglog",2000,10,0.1,"HL-equalwidth",0.8888,0.9256,0.0971,5000,0.00444599955015742
"link","cloglog",2000,10,0.01,"Pigeon-Heyse",0.5316,0.637,0.0056,5000,0.00705693191124868
"link","cloglog",2000,10,0.05,"Pigeon-Heyse",0.797,0.8626,0.0308,5000,0.00568842684755636
"link","cloglog",2000,10,0.1,"Pigeon-Heyse",0.8912,0.9282,0.0657,5000,0.00440369299565717
"link","cloglog",2000,10,0.01,"Stukel",0.9744,0.9438,0.0215,5000,0.00223359083092674
"link","cloglog",2000,10,0.05,"Stukel",0.9942,0.9886,0.0711,5000,0.00107390502373348
"link","cloglog",2000,10,0.1,"Stukel",0.9986,0.9978,0.1155,5000,0.000528779727296718
"link","cloglog",2000,10,0.01,"Tsiatis",0.5464,0.5278,0.0109,5000,0.00704055452361531
"link","cloglog",2000,10,0.05,"Tsiatis",0.7926,0.781,0.0529,5000,0.00573385106189549
"link","cloglog",2000,10,0.1,"Tsiatis",0.8834,0.877,0.104,5000,0.00453882011099801
"link","cloglog",2000,10,0.01,"Xie",0.4758,0.5584,0.0058,5000,0.00706278075548151
"link","cloglog",2000,10,0.05,"Xie",0.733,0.8054,0.0323,5000,0.00625637275104353
"link","cloglog",2000,10,0.1,"Xie",0.8406,0.893,0.0654,5000,0.00517671015221057
"link","stukel_heavy",2000,10,0.01,"DEF.poly2",0.4946,0.5014,0.0094,5000,0.00707065541516485
"link","stukel_heavy",2000,10,0.05,"DEF.poly2",0.7156,0.7216,0.0486,5000,0.00637991598690766
"link","stukel_heavy",2000,10,0.1,"DEF.poly2",0.8092,0.8124,0.0984,5000,0.0055568940965255
"link","stukel_heavy",2000,10,0.01,"DEF.poly3",0.881,0.8808,0.0106,5000,0.00457906103912145
"link","stukel_heavy",2000,10,0.05,"DEF.poly3",0.9634,0.9646,0.0487,5000,0.00265557677350891
"link","stukel_heavy",2000,10,0.1,"DEF.poly3",0.9814,0.9816,0.1023,5000,0.0019107087690174
"link","stukel_heavy",2000,10,0.01,"DEF.stukel",0.9238,0.9134,0.0116,5000,0.00375216097735692
"link","stukel_heavy",2000,10,0.05,"DEF.stukel",0.9766,0.9756,0.0504,5000,0.00213786996798215
"link","stukel_heavy",2000,10,0.1,"DEF.stukel",0.9884,0.9876,0.0974,5000,0.00151429455523026
"link","stukel_heavy",2000,10,0.01,"EF",0.7478,0.7588,0.009,5000,0.00614158220656534
"link","stukel_heavy",2000,10,0.05,"EF",0.897,0.8984,0.0488,5000,0.00429862768799532
"link","stukel_heavy",2000,10,0.1,"EF",0.9428,0.944,0.099,5000,0.00328414859590732
"link","stukel_heavy",2000,10,0.01,"HL",0.7494,0.763,0.009,5000,0.00612861550433701
"link","stukel_heavy",2000,10,0.05,"HL",0.898,0.8986,0.0485,5000,0.00428009345692357
"link","stukel_heavy",2000,10,0.1,"HL",0.9436,0.944,0.0987,5000,0.00326248494249399
"link","stukel_heavy",2000,10,0.01,"HL-equalwidth",0.7796,0.6524,0.0095,5000,0.00586214704694449
"link","stukel_heavy",2000,10,0.05,"HL-equalwidth",0.9082,0.8312,0.0476,5000,0.0040834485425924
"link","stukel_heavy",2000,10,0.1,"HL-equalwidth",0.952,0.8912,0.0971,5000,0.00302311098043059
"link","stukel_heavy",2000,10,0.01,"Pigeon-Heyse",0.6952,0.762,0.0056,5000,0.00650994562189271
"link","stukel_heavy",2000,10,0.05,"Pigeon-Heyse",0.8586,0.8982,0.0308,5000,0.00492759657439608
"link","stukel_heavy",2000,10,0.1,"Pigeon-Heyse",0.9158,0.9438,0.0657,5000,0.00392709460033751
"link","stukel_heavy",2000,10,0.01,"Stukel",0.7078,0.5898,0.0215,5000,0.00643147199325318
"link","stukel_heavy",2000,10,0.05,"Stukel",0.8686,0.8208,0.0711,5000,0.00477774088874648
"link","stukel_heavy",2000,10,0.1,"Stukel",0.927,0.9128,0.1155,5000,0.00367888570086106
"link","stukel_heavy",2000,10,0.01,"Tsiatis",0.6864,0.6752,0.0109,5000,0.00656132669511281
"link","stukel_heavy",2000,10,0.05,"Tsiatis",0.8574,0.8532,0.0529,5000,0.00494500232558085
"link","stukel_heavy",2000,10,0.1,"Tsiatis",0.917,0.9144,0.104,5000,0.00390156378904664
"link","stukel_heavy",2000,10,0.01,"Xie",0.6454,0.7066,0.0058,5000,0.00676548357473433
"link","stukel_heavy",2000,10,0.05,"Xie",0.8394,0.8808,0.0323,5000,0.00519244913311628
"link","stukel_heavy",2000,10,0.1,"Xie",0.9024,0.9328,0.0654,5000,0.00419700464617327
"link","stukel_light",2000,10,0.01,"DEF.poly2",0.0258,0.027,0.0094,5000,0.00224206868761865
"link","stukel_light",2000,10,0.05,"DEF.poly2",0.094,0.0958,0.0486,5000,0.00412708129311745
"link","stukel_light",2000,10,0.1,"DEF.poly2",0.1614,0.163,0.0984,5000,0.00520288458453577
"link","stukel_light",2000,10,0.01,"DEF.poly3",0.3692,0.3688,0.0106,5000,0.00682482761687063
"link","stukel_light",2000,10,0.05,"DEF.poly3",0.6188,0.6294,0.0487,5000,0.00686857423341992
"link","stukel_light",2000,10,0.1,"DEF.poly3",0.7418,0.7412,0.1023,5000,0.00618922870800555
"link","stukel_light",2000,10,0.01,"DEF.stukel",0.4564,0.4362,0.0116,5000,0.0070441328777927
"link","stukel_light",2000,10,0.05,"DEF.stukel",0.6866,0.6772,0.0504,5000,0.00656018963140548
"link","stukel_light",2000,10,0.1,"DEF.stukel",0.7852,0.781,0.0974,5000,0.00580794214847221
"link","stukel_light",2000,10,0.01,"EF",0.3516,0.3688,0.009,5000,0.00675244311342199
"link","stukel_light",2000,10,0.05,"EF",0.6048,0.6092,0.0488,5000,0.00691399971073184
"link","stukel_light",2000,10,0.1,"EF",0.7192,0.722,0.099,5000,0.00635533413755721
"link","stukel_light",2000,10,0.01,"HL",0.3536,0.3722,0.009,5000,0.00676116912966981
"link","stukel_light",2000,10,0.05,"HL",0.6064,0.6094,0.0485,5000,0.00690911050714924
"link","stukel_light",2000,10,0.1,"HL",0.7202,0.7214,0.0987,5000,0.0063484164954735
"link","stukel_light",2000,10,0.01,"HL-equalwidth",0.3996,0.3228,0.0095,5000,0.00692704612370959
"link","stukel_light",2000,10,0.05,"HL-equalwidth",0.6346,0.5494,0.0476,5000,0.00681003436114679
"link","stukel_light",2000,10,0.1,"HL-equalwidth",0.7504,0.6708,0.0971,5000,0.00612045488505552
"link","stukel_light",2000,10,0.01,"Pigeon-Heyse",0.2834,0.3714,0.0056,5000,0.00637313800258554
"link","stukel_light",2000,10,0.05,"Pigeon-Heyse",0.5312,0.6086,0.0308,5000,0.00705728786432862
"link","stukel_light",2000,10,0.1,"Pigeon-Heyse",0.6526,0.7212,0.0657,5000,0.00673369497378668
"link","stukel_light",2000,10,0.01,"Stukel",0.0842,0.0394,0.0215,5000,0.00392709460033751
"link","stukel_light",2000,10,0.05,"Stukel",0.2226,0.1606,0.0711,5000,0.00588301351349799
"link","stukel_light",2000,10,0.1,"Stukel",0.3578,0.3232,0.1155,5000,0.00677907309298255
"link","stukel_light",2000,10,0.01,"Tsiatis",0.2796,0.2666,0.0109,5000,0.00634702828101467
"link","stukel_light",2000,10,0.05,"Tsiatis",0.5016,0.4904,0.0529,5000,0.0070710316079056
"link","stukel_light",2000,10,0.1,"Tsiatis",0.6312,0.6238,0.104,5000,0.00682329187416162
"link","stukel_light",2000,10,0.01,"Xie",0.2236,0.281,0.0058,5000,0.00589241953699836
"link","stukel_light",2000,10,0.05,"Xie",0.4376,0.5168,0.0323,5000,0.00701578562956423
"link","stukel_light",2000,10,0.1,"Xie",0.5668,0.6464,0.0654,5000,0.00700767807479767
"link","stukel_asym",2000,10,0.01,"DEF.poly2",0.4938,0.5006,0.0094,5000,0.0070705241672736
"link","stukel_asym",2000,10,0.05,"DEF.poly2",0.711,0.7176,0.0486,5000,0.00641060059588803
"link","stukel_asym",2000,10,0.1,"DEF.poly2",0.8096,0.814,0.0984,5000,0.00555243802306698
"link","stukel_asym",2000,10,0.01,"DEF.poly3",0.9928,0.9928,0.0106,5000,0.00119567219587979
"link","stukel_asym",2000,10,0.05,"DEF.poly3",0.9984,0.9984,0.0487,5000,0.00056523269544499
"link","stukel_asym",2000,10,0.1,"DEF.poly3",0.9994,0.9994,0.1023,5000,0.000346306222872199
"link","stukel_asym",2000,10,0.01,"DEF.stukel",0.995,0.994,0.0116,5000,0.000997496867163001
"link","stukel_asym",2000,10,0.05,"DEF.stukel",0.9994,0.9992,0.0504,5000,0.000346306222872199
"link","stukel_asym",2000,10,0.1,"DEF.stukel",0.9998,0.9998,0.0974,5000,0.000199979998999889
"link","stukel_asym",2000,10,0.01,"EF",0.9714,0.9732,0.009,5000,0.0023572034277932
"link","stukel_asym",2000,10,0.05,"EF",0.9928,0.9932,0.0488,5000,0.00119567219587979
"link","stukel_asym",2000,10,0.1,"EF",0.997,0.997,0.099,5000,0.000773433901506781
"link","stukel_asym",2000,10,0.01,"HL",0.9714,0.9736,0.009,5000,0.0023572034277932
"link","stukel_asym",2000,10,0.05,"HL",0.9932,0.9932,0.0485,5000,0.00116221856808434
"link","stukel_asym",2000,10,0.1,"HL",0.997,0.997,0.0987,5000,0.000773433901506781
"link","stukel_asym",2000,10,0.01,"HL-equalwidth",0.9698,0.949,0.0095,5000,0.00242024626846113
"link","stukel_asym",2000,10,0.05,"HL-equalwidth",0.9932,0.9852,0.0476,5000,0.00116221856808434
"link","stukel_asym",2000,10,0.1,"HL-equalwidth",0.9968,0.994,0.0971,5000,0.000798718974358313
"link","stukel_asym",2000,10,0.01,"Pigeon-Heyse",0.9578,0.9736,0.0056,5000,0.00284320804725929
"link","stukel_asym",2000,10,0.05,"Pigeon-Heyse",0.9894,0.9932,0.0308,5000,0.00144828450243728
"link","stukel_asym",2000,10,0.1,"Pigeon-Heyse",0.9954,0.997,0.0657,5000,0.000956957679315031
"link","stukel_asym",2000,10,0.01,"Stukel",0.8804,0.7748,0.0215,5000,0.00458902691210239
"link","stukel_asym",2000,10,0.05,"Stukel",0.9728,0.9508,0.0711,5000,0.00230044169671826
"link","stukel_asym",2000,10,0.1,"Stukel",0.9898,0.9862,0.1155,5000,0.00142098275851609
"link","stukel_asym",2000,10,0.01,"Tsiatis",0.9458,0.9432,0.0109,5000,0.00320194815698193
"link","stukel_asym",2000,10,0.05,"Tsiatis",0.9846,0.9838,0.0529,5000,0.00174142700105402
"link","stukel_asym",2000,10,0.1,"Tsiatis",0.994,0.9936,0.104,5000,0.00109215383531808
"link","stukel_asym",2000,10,0.01,"Xie",0.9326,0.9524,0.0058,5000,0.00354562378150869
"link","stukel_asym",2000,10,0.05,"Xie",0.9806,0.988,0.0323,5000,0.00195057119839292
"link","stukel_asym",2000,10,0.1,"Xie",0.9906,0.995,0.0654,5000,0.00136467138901642
"link","probit",5000,10,0.01,"DEF.poly2",0.0242,0.0208,0.0105,5000,0.00217321697030002
"link","probit",5000,10,0.05,"DEF.poly2",0.0854,0.0796,0.0488,5000,0.00395238763281134
"link","probit",5000,10,0.1,"DEF.poly2",0.1458,0.135,0.1,5000,0.00499083880725475
"link","probit",5000,10,0.01,"DEF.poly3",0.0816,0.084,0.0086,5000,0.0038714710382489
"link","probit",5000,10,0.05,"DEF.poly3",0.2248,0.2258,0.0475,5000,0.00590364226558486
"link","probit",5000,10,0.1,"DEF.poly3",0.3396,0.3372,0.0963,5000,0.00669734036763849
"link","probit",5000,10,0.01,"DEF.stukel",0.0968,0.1288,0.0087,5000,0.00418162073842189
"link","probit",5000,10,0.05,"DEF.stukel",0.25,0.2952,0.0472,5000,0.00612372435695794
"link","probit",5000,10,0.1,"DEF.stukel",0.3652,0.4068,0.0959,5000,0.00680924312974651
"link","probit",5000,10,0.01,"EF",0.0318,0.0324,0.0098,5000,0.00248148181536758
"link","probit",5000,10,0.05,"EF",0.1194,0.122,0.0487,5000,0.00458570910547104
"link","probit",5000,10,0.1,"EF",0.2204,0.217,0.1013,5000,0.00586214704694449
"link","probit",5000,10,0.01,"HL",0.029,0.031,0.0097,5000,0.00237314137800511
"link","probit",5000,10,0.05,"HL",0.1128,0.1148,0.0485,5000,0.00447383862024548
"link","probit",5000,10,0.1,"HL",0.2068,0.2038,0.1016,5000,0.00572771787014689
"link","probit",5000,10,0.01,"HL-equalwidth",0.0304,0.0474,0.0108,5000,0.00242799670510485
"link","probit",5000,10,0.05,"HL-equalwidth",0.1152,0.1638,0.0516,5000,0.00451506279026106
"link","probit",5000,10,0.1,"HL-equalwidth",0.193,0.2784,0.1,5000,0.00558123642215594
"link","probit",5000,10,0.01,"Pigeon-Heyse",0.017,0.031,0.006,5000,0.00182816848238886
"link","probit",5000,10,0.05,"Pigeon-Heyse",0.077,0.1162,0.0302,5000,0.00377017240985078
"link","probit",5000,10,0.1,"Pigeon-Heyse",0.1442,0.2058,0.0674,5000,0.00496802495967965
"link","probit",5000,10,0.01,"Stukel",0.0454,0.0256,0.0231,5000,0.00294410733499986
"link","probit",5000,10,0.05,"Stukel",0.1226,0.0964,0.0672,5000,0.00463830227561766
"link","probit",5000,10,0.1,"Stukel",0.2072,0.1822,0.1134,5000,0.00573180878955326
"link","probit",5000,10,0.01,"Tsiatis",0.0256,0.0266,0.0098,5000,0.00223359083092674
"link","probit",5000,10,0.05,"Tsiatis",0.1064,0.1076,0.05,5000,0.0043607118684912
"link","probit",5000,10,0.1,"Tsiatis",0.1866,0.1832,0.1016,5000,0.0055096359226359
"link","probit",5000,10,0.01,"Xie",0.0142,0.031,0.0045,5000,0.00167322204145176
"link","probit",5000,10,0.05,"Xie",0.0718,0.1124,0.0289,5000,0.00365088372863338
"link","probit",5000,10,0.1,"Xie",0.1272,0.1934,0.0594,5000,0.00471211544850081
"link","cloglog",5000,10,0.01,"DEF.poly2",1,1,0.0105,5000,0
"link","cloglog",5000,10,0.05,"DEF.poly2",1,1,0.0488,5000,0
"link","cloglog",5000,10,0.1,"DEF.poly2",1,1,0.1,5000,0
"link","cloglog",5000,10,0.01,"DEF.poly3",1,1,0.0086,5000,0
"link","cloglog",5000,10,0.05,"DEF.poly3",1,1,0.0475,5000,0
"link","cloglog",5000,10,0.1,"DEF.poly3",1,1,0.0963,5000,0
"link","cloglog",5000,10,0.01,"DEF.stukel",1,1,0.0087,5000,0
"link","cloglog",5000,10,0.05,"DEF.stukel",1,1,0.0472,5000,0
"link","cloglog",5000,10,0.1,"DEF.stukel",1,1,0.0959,5000,0
"link","cloglog",5000,10,0.01,"EF",0.9998,0.9998,0.0098,5000,0.000199979998999889
"link","cloglog",5000,10,0.05,"EF",1,1,0.0487,5000,0
"link","cloglog",5000,10,0.1,"EF",1,1,0.1013,5000,0
"link","cloglog",5000,10,0.01,"HL",0.9998,0.9998,0.0097,5000,0.000199979998999889
"link","cloglog",5000,10,0.05,"HL",1,1,0.0485,5000,0
"link","cloglog",5000,10,0.1,"HL",1,1,0.1016,5000,0
"link","cloglog",5000,10,0.01,"HL-equalwidth",0.9942,0.9968,0.0108,5000,0.00107390502373348
"link","cloglog",5000,10,0.05,"HL-equalwidth",0.9994,0.9996,0.0516,5000,0.000346306222872199
"link","cloglog",5000,10,0.1,"HL-equalwidth",0.9996,0.9998,0.1,5000,0.000282786138274123
"link","cloglog",5000,10,0.01,"Pigeon-Heyse",0.9992,0.9998,0.006,5000,0.000399839967987199
"link","cloglog",5000,10,0.05,"Pigeon-Heyse",1,1,0.0302,5000,0
"link","cloglog",5000,10,0.1,"Pigeon-Heyse",1,1,0.0674,5000,0
"link","cloglog",5000,10,0.01,"Stukel",1,1,0.0231,5000,0
"link","cloglog",5000,10,0.05,"Stukel",1,1,0.0672,5000,0
"link","cloglog",5000,10,0.1,"Stukel",1,1,0.1134,5000,0
"link","cloglog",5000,10,0.01,"Tsiatis",0.9968,0.997,0.0098,5000,0.000798718974358313
"link","cloglog",5000,10,0.05,"Tsiatis",0.9996,0.9996,0.05,5000,0.000282786138274123
"link","cloglog",5000,10,0.1,"Tsiatis",1,1,0.1016,5000,0
"link","cloglog",5000,10,0.01,"Xie",0.994,0.998,0.0045,5000,0.00109215383531808
"link","cloglog",5000,10,0.05,"Xie",0.9996,1,0.0289,5000,0.000282786138274123
"link","cloglog",5000,10,0.1,"Xie",1,1,0.0594,5000,0
"link","stukel_heavy",5000,10,0.01,"DEF.poly2",0.9248,0.9252,0.0105,5000,0.00372947610261817
"link","stukel_heavy",5000,10,0.05,"DEF.poly2",0.9792,0.9798,0.0488,5000,0.00201828441999635
"link","stukel_heavy",5000,10,0.1,"DEF.poly2",0.9884,0.9884,0.1,5000,0.00151429455523026
"link","stukel_heavy",5000,10,0.01,"DEF.poly3",1,1,0.0086,5000,0
"link","stukel_heavy",5000,10,0.05,"DEF.poly3",1,1,0.0475,5000,0
"link","stukel_heavy",5000,10,0.1,"DEF.poly3",1,1,0.0963,5000,0
"link","stukel_heavy",5000,10,0.01,"DEF.stukel",1,1,0.0087,5000,0
"link","stukel_heavy",5000,10,0.05,"DEF.stukel",1,1,0.0472,5000,0
"link","stukel_heavy",5000,10,0.1,"DEF.stukel",1,1,0.0959,5000,0
"link","stukel_heavy",5000,10,0.01,"EF",0.9988,0.9988,0.0098,5000,0.000489603921552918
"link","stukel_heavy",5000,10,0.05,"EF",0.9998,0.9998,0.0487,5000,0.000199979998999889
"link","stukel_heavy",5000,10,0.1,"EF",1,1,0.1013,5000,0
"link","stukel_heavy",5000,10,0.01,"HL",0.9988,0.9988,0.0097,5000,0.000489603921552918
"link","stukel_heavy",5000,10,0.05,"HL",0.9998,0.9998,0.0485,5000,0.000199979998999889
"link","stukel_heavy",5000,10,0.1,"HL",1,1,0.1016,5000,0
"link","stukel_heavy",5000,10,0.01,"HL-equalwidth",0.9992,0.9968,0.0108,5000,0.000399839967987199
"link","stukel_heavy",5000,10,0.05,"HL-equalwidth",1,0.9996,0.0516,5000,0
"link","stukel_heavy",5000,10,0.1,"HL-equalwidth",1,1,0.1,5000,0
"link","stukel_heavy",5000,10,0.01,"Pigeon-Heyse",0.9982,0.9988,0.006,5000,0.000599459756781058
"link","stukel_heavy",5000,10,0.05,"Pigeon-Heyse",0.9996,0.9998,0.0302,5000,0.000282786138274123
"link","stukel_heavy",5000,10,0.1,"Pigeon-Heyse",0.9998,1,0.0674,5000,0.000199979998999889
"link","stukel_heavy",5000,10,0.01,"Stukel",0.9958,0.988,0.0231,5000,0.000914588432028307
"link","stukel_heavy",5000,10,0.05,"Stukel",0.9996,0.9986,0.0672,5000,0.000282786138274123
"link","stukel_heavy",5000,10,0.1,"Stukel",0.9998,0.9998,0.1134,5000,0.000199979998999889
"link","stukel_heavy",5000,10,0.01,"Tsiatis",0.9972,0.9972,0.0098,5000,0.000747283078893136
"link","stukel_heavy",5000,10,0.05,"Tsiatis",0.9994,0.9994,0.05,5000,0.000346306222872199
"link","stukel_heavy",5000,10,0.1,"Tsiatis",0.9998,0.9998,0.1016,5000,0.000199979998999889
"link","stukel_heavy",5000,10,0.01,"Xie",0.9952,0.9976,0.0045,5000,0.000977441558355284
"link","stukel_heavy",5000,10,0.05,"Xie",0.9996,0.9996,0.0289,5000,0.000282786138274123
"link","stukel_heavy",5000,10,0.1,"Xie",0.9998,1,0.0594,5000,0.000199979998999889
"link","stukel_light",5000,10,0.01,"DEF.poly2",0.0526,0.0528,0.0105,5000,0.00315699984162179
"link","stukel_light",5000,10,0.05,"DEF.poly2",0.1506,0.1548,0.0488,5000,0.00505805575295488
"link","stukel_light",5000,10,0.1,"DEF.poly2",0.236,0.2386,0.1,5000,0.00600506452921199
"link","stukel_light",5000,10,0.01,"DEF.poly3",0.8724,0.8872,0.0086,5000,0.00471843702935623
"link","stukel_light",5000,10,0.05,"DEF.poly3",0.9544,0.9572,0.0475,5000,0.00295027591929975
"link","stukel_light",5000,10,0.1,"DEF.poly3",0.9764,0.9776,0.0963,5000,0.00214676687136726
"link","stukel_light",5000,10,0.01,"DEF.stukel",0.918,0.9228,0.0087,5000,0.00388010309141394
"link","stukel_light",5000,10,0.05,"DEF.stukel",0.9688,0.9692,0.0472,5000,0.00245872161905328
"link","stukel_light",5000,10,0.1,"DEF.stukel",0.9844,0.984,0.0959,5000,0.0017525204706365
"link","stukel_light",5000,10,0.01,"EF",0.9174,0.9194,0.0098,5000,0.00389299987156434
"link","stukel_light",5000,10,0.05,"EF",0.9784,0.979,0.0487,5000,0.00205589104769684
"link","stukel_light",5000,10,0.1,"EF",0.9916,0.9916,0.1013,5000,0.00129069283720024
"link","stukel_light",5000,10,0.01,"HL",0.9172,0.9208,0.0097,5000,0.00389728520896277
"link","stukel_light",5000,10,0.05,"HL",0.9786,0.9792,0.0485,5000,0.00204656004065358
"link","stukel_light",5000,10,0.1,"HL",0.9916,0.9916,0.1016,5000,0.00129069283720024
"link","stukel_light",5000,10,0.01,"HL-equalwidth",0.9276,0.8838,0.0108,5000,0.00366492128155572
"link","stukel_light",5000,10,0.05,"HL-equalwidth",0.979,0.9642,0.0516,5000,0.002027757381937
"link","stukel_light",5000,10,0.1,"HL-equalwidth",0.9898,0.983,0.1,5000,0.00142098275851609
"link","stukel_light",5000,10,0.01,"Pigeon-Heyse",0.8854,0.9206,0.006,5000,0.0045048160894758
"link","stukel_light",5000,10,0.05,"Pigeon-Heyse",0.9646,0.9792,0.0302,5000,0.00261330595223751
"link","stukel_light",5000,10,0.1,"Pigeon-Heyse",0.9846,0.9916,0.0674,5000,0.00174142700105402
"link","stukel_light",5000,10,0.01,"Stukel",0.2842,0.1596,0.0231,5000,0.0063785634746391
"link","stukel_light",5000,10,0.05,"Stukel",0.6168,0.525,0.0672,5000,0.00687543104103299
"link","stukel_light",5000,10,0.1,"Stukel",0.7822,0.743,0.1134,5000,0.00583717671481685
"link","stukel_light",5000,10,0.01,"Tsiatis",0.8108,0.8154,0.0098,5000,0.00553901363060247
"link","stukel_light",5000,10,0.05,"Tsiatis",0.9298,0.9314,0.05,5000,0.00361308621541197
"link","stukel_light",5000,10,0.1,"Tsiatis",0.9632,0.9624,0.1016,5000,0.00266254614983478
"link","stukel_light",5000,10,0.01,"Xie",0.768,0.8322,0.0045,5000,0.00596952259397684
"link","stukel_light",5000,10,0.05,"Xie",0.9086,0.9378,0.0289,5000,0.00407543960818953
"link","stukel_light",5000,10,0.1,"Xie",0.9466,0.9694,0.0594,5000,0.00317957355631223
"link","stukel_asym",5000,10,0.01,"DEF.poly2",0.916,0.9162,0.0105,5000,0.00392285610238255
"link","stukel_asym",5000,10,0.05,"DEF.poly2",0.9762,0.9766,0.0488,5000,0.00215562334372218
"link","stukel_asym",5000,10,0.1,"DEF.poly2",0.99,0.9902,0.1,5000,0.00140712472794703
"link","stukel_asym",5000,10,0.01,"DEF.poly3",1,1,0.0086,5000,0
"link","stukel_asym",5000,10,0.05,"DEF.poly3",1,1,0.0475,5000,0
"link","stukel_asym",5000,10,0.1,"DEF.poly3",1,1,0.0963,5000,0
"link","stukel_asym",5000,10,0.01,"DEF.stukel",1,1,0.0087,5000,0
"link","stukel_asym",5000,10,0.05,"DEF.stukel",1,1,0.0472,5000,0
"link","stukel_asym",5000,10,0.1,"DEF.stukel",1,1,0.0959,5000,0
"link","stukel_asym",5000,10,0.01,"EF",1,1,0.0098,5000,0
"link","stukel_asym",5000,10,0.05,"EF",1,1,0.0487,5000,0
"link","stukel_asym",5000,10,0.1,"EF",1,1,0.1013,5000,0
"link","stukel_asym",5000,10,0.01,"HL",1,1,0.0097,5000,0
"link","stukel_asym",5000,10,0.05,"HL",1,1,0.0485,5000,0
"link","stukel_asym",5000,10,0.1,"HL",1,1,0.1016,5000,0
"link","stukel_asym",5000,10,0.01,"HL-equalwidth",1,1,0.0108,5000,0
"link","stukel_asym",5000,10,0.05,"HL-equalwidth",1,1,0.0516,5000,0
"link","stukel_asym",5000,10,0.1,"HL-equalwidth",1,1,0.1,5000,0
"link","stukel_asym",5000,10,0.01,"Pigeon-Heyse",1,1,0.006,5000,0
"link","stukel_asym",5000,10,0.05,"Pigeon-Heyse",1,1,0.0302,5000,0
"link","stukel_asym",5000,10,0.1,"Pigeon-Heyse",1,1,0.0674,5000,0
"link","stukel_asym",5000,10,0.01,"Stukel",1,1,0.0231,5000,0
"link","stukel_asym",5000,10,0.05,"Stukel",1,1,0.0672,5000,0
"link","stukel_asym",5000,10,0.1,"Stukel",1,1,0.1134,5000,0
"link","stukel_asym",5000,10,0.01,"Tsiatis",1,1,0.0098,5000,0
"link","stukel_asym",5000,10,0.05,"Tsiatis",1,1,0.05,5000,0
"link","stukel_asym",5000,10,0.1,"Tsiatis",1,1,0.1016,5000,0
"link","stukel_asym",5000,10,0.01,"Xie",1,1,0.0045,5000,0
"link","stukel_asym",5000,10,0.05,"Xie",1,1,0.0289,5000,0
"link","stukel_asym",5000,10,0.1,"Xie",1,1,0.0594,5000,0
"rough","osc2",500,10,0.01,"DEF.poly2",0.0178,0.0178,0.0107,5000,0.00186992834087299
"rough","osc2",500,10,0.05,"DEF.poly2",0.072,0.0784,0.0482,5000,0.00365557109081468
"rough","osc2",500,10,0.1,"DEF.poly2",0.128,0.1336,0.0983,5000,0.00472474337927469
"rough","osc2",500,10,0.01,"DEF.poly3",0.9978,0.9978,0.0092,5000,0.000662594898863548
"rough","osc2",500,10,0.05,"DEF.poly3",0.9996,0.9996,0.0507,5000,0.000282786138274123
"rough","osc2",500,10,0.1,"DEF.poly3",0.9996,0.9996,0.0991,5000,0.000282786138274123
"rough","osc2",500,10,0.01,"DEF.stukel",0.9992,0.999,0.0107,5000,0.000399839967987199
"rough","osc2",500,10,0.05,"DEF.stukel",0.9996,0.9996,0.0501,5000,0.000282786138274123
"rough","osc2",500,10,0.1,"DEF.stukel",0.9998,0.9998,0.0961,5000,0.000199979998999889
"rough","osc2",500,10,0.01,"EF",1,1,0.0102,5000,0
"rough","osc2",500,10,0.05,"EF",1,1,0.0496,5000,0
"rough","osc2",500,10,0.1,"EF",1,1,0.0998,5000,0
"rough","osc2",500,10,0.01,"HL",1,1,0.01,5000,0
"rough","osc2",500,10,0.05,"HL",1,1,0.0493,5000,0
"rough","osc2",500,10,0.1,"HL",1,1,0.0998,5000,0
"rough","osc2",500,10,0.01,"HL-equalwidth",1,1,0.0106,5000,0
"rough","osc2",500,10,0.05,"HL-equalwidth",1,1,0.0498,5000,0
"rough","osc2",500,10,0.1,"HL-equalwidth",1,1,0.0994,5000,0
"rough","osc2",500,10,0.01,"Pigeon-Heyse",1,1,0.0059,5000,0
"rough","osc2",500,10,0.05,"Pigeon-Heyse",1,1,0.031,5000,0
"rough","osc2",500,10,0.1,"Pigeon-Heyse",1,1,0.066,5000,0
"rough","osc2",500,10,0.01,"Stukel",0.7064,0.384,0.0241,5000,0.00644048196954234
"rough","osc2",500,10,0.05,"Stukel",0.9512,0.908,0.0694,5000,0.00304691844328003
"rough","osc2",500,10,0.1,"Stukel",0.9866,0.9792,0.1156,5000,0.00162606518934512
"rough","osc2",500,10,0.01,"Tsiatis",1,1,0.0094,5000,0
"rough","osc2",500,10,0.05,"Tsiatis",1,1,0.049,5000,0
"rough","osc2",500,10,0.1,"Tsiatis",1,1,0.1024,5000,0
"rough","osc2",500,10,0.01,"Xie",0.9998,0.9998,0.0053,5000,0.000199979998999889
"rough","osc2",500,10,0.05,"Xie",1,1,0.0386,5000,0
"rough","osc2",500,10,0.1,"Xie",1,1,0.084,5000,0
"rough","osc4",500,10,0.01,"DEF.poly2",0.0164,0.017,0.0107,5000,0.00179616480312916
"rough","osc4",500,10,0.05,"DEF.poly2",0.0774,0.0816,0.0482,5000,0.00377913323395723
"rough","osc4",500,10,0.1,"DEF.poly2",0.1282,0.1316,0.0983,5000,0.00472789086168452
"rough","osc4",500,10,0.01,"DEF.poly3",0.1434,0.1532,0.0092,5000,0.00495653992216344
"rough","osc4",500,10,0.05,"DEF.poly3",0.3046,0.3058,0.0507,5000,0.00650874550124676
"rough","osc4",500,10,0.1,"DEF.poly3",0.4172,0.4216,0.0991,5000,0.0069734376027896
"rough","osc4",500,10,0.01,"DEF.stukel",0.2196,0.208,0.0107,5000,0.00585449980784012
"rough","osc4",500,10,0.05,"DEF.stukel",0.4088,0.3928,0.0501,5000,0.00695244647588171
"rough","osc4",500,10,0.1,"DEF.stukel",0.5142,0.5058,0.0961,5000,0.0070682156164056
"rough","osc4",500,10,0.01,"EF",0.9994,0.9994,0.0102,5000,0.000346306222872199
"rough","osc4",500,10,0.05,"EF",1,1,0.0496,5000,0
"rough","osc4",500,10,0.1,"EF",1,1,0.0998,5000,0
"rough","osc4",500,10,0.01,"HL",0.9994,0.9994,0.01,5000,0.000346306222872199
"rough","osc4",500,10,0.05,"HL",1,1,0.0493,5000,0
"rough","osc4",500,10,0.1,"HL",1,1,0.0998,5000,0
"rough","osc4",500,10,0.01,"HL-equalwidth",0.952,0.9246,0.0106,5000,0.00302311098043059
"rough","osc4",500,10,0.05,"HL-equalwidth",0.9758,0.9608,0.0498,5000,0.00217321697030002
"rough","osc4",500,10,0.1,"HL-equalwidth",0.981,0.9708,0.0994,5000,0.00193075114916449
"rough","osc4",500,10,0.01,"Pigeon-Heyse",0.9984,0.9994,0.0059,5000,0.00056523269544499
"rough","osc4",500,10,0.05,"Pigeon-Heyse",1,1,0.031,5000,0
"rough","osc4",500,10,0.1,"Pigeon-Heyse",1,1,0.066,5000,0
"rough","osc4",500,10,0.01,"Stukel",0.0542,0.0234,0.0241,5000,0.00320194815698193
"rough","osc4",500,10,0.05,"Stukel",0.137,0.098,0.0694,5000,0.00486273585546244
"rough","osc4",500,10,0.1,"Stukel",0.217,0.189,0.1156,5000,0.00582942535761459
"rough","osc4",500,10,0.01,"Tsiatis",0.9962,0.9968,0.0094,5000,0.000870121830550185
"rough","osc4",500,10,0.05,"Tsiatis",0.999,0.999,0.049,5000,0.00044698993277254
"rough","osc4",500,10,0.1,"Tsiatis",0.9996,0.9996,0.1024,5000,0.000282786138274123
"rough","osc4",500,10,0.01,"Xie",1,1,0.0053,5000,0
"rough","osc4",500,10,0.05,"Xie",1,1,0.0386,5000,0
"rough","osc4",500,10,0.1,"Xie",1,1,0.084,5000,0
"rough","sawtooth",500,10,0.01,"DEF.poly2",0.0124,0.0122,0.0107,5000,0.00156500734822556
"rough","sawtooth",500,10,0.05,"DEF.poly2",0.0584,0.061,0.0482,5000,0.00331630637909105
"rough","sawtooth",500,10,0.1,"DEF.poly2",0.1128,0.1166,0.0983,5000,0.00447383862024548
"rough","sawtooth",500,10,0.01,"DEF.poly3",0.0274,0.03,0.0092,5000,0.00230864635663412
"rough","sawtooth",500,10,0.05,"DEF.poly3",0.094,0.0944,0.0507,5000,0.00412708129311745
"rough","sawtooth",500,10,0.1,"DEF.poly3",0.1568,0.1584,0.0991,5000,0.00514225164689555
"rough","sawtooth",500,10,0.01,"DEF.stukel",0.0434,0.0404,0.0107,5000,0.00288154264240528
"rough","sawtooth",500,10,0.05,"DEF.stukel",0.118,0.1132,0.0501,5000,0.00456236780630409
"rough","sawtooth",500,10,0.1,"DEF.stukel",0.1894,0.1896,0.0961,5000,0.00554125689713083
"rough","sawtooth",500,10,0.01,"EF",0.4514,0.4494,0.0102,5000,0.00703758538136483
"rough","sawtooth",500,10,0.05,"EF",0.6834,0.6866,0.0496,5000,0.0065782131312386
"rough","sawtooth",500,10,0.1,"EF",0.7832,0.7832,0.0998,5000,0.00582748247530613
"rough","sawtooth",500,10,0.01,"HL",0.4546,0.4546,0.01,5000,0.00704185827747193
"rough","sawtooth",500,10,0.05,"HL",0.6874,0.6894,0.0493,5000,0.00655562720111509
"rough","sawtooth",500,10,0.1,"HL",0.7874,0.7878,0.0998,5000,0.00578621188689111
"rough","sawtooth",500,10,0.01,"HL-equalwidth",0.4136,0.3238,0.0106,5000,0.00696469726549547
"rough","sawtooth",500,10,0.05,"HL-equalwidth",0.615,0.5446,0.0498,5000,0.00688149693017442
"rough","sawtooth",500,10,0.1,"HL-equalwidth",0.7188,0.6534,0.0994,5000,0.0063580902793213
"rough","sawtooth",500,10,0.01,"Pigeon-Heyse",0.3876,0.4548,0.0059,5000,0.00689008330864003
"rough","sawtooth",500,10,0.05,"Pigeon-Heyse",0.618,0.6894,0.031,5000,0.0068713317486496
"rough","sawtooth",500,10,0.1,"Pigeon-Heyse",0.7272,0.7872,0.066,5000,0.00629889133102009
"rough","sawtooth",500,10,0.01,"Stukel",0.03,0.0112,0.0241,5000,0.00241246761636296
"rough","sawtooth",500,10,0.05,"Stukel",0.0818,0.0584,0.0694,5000,0.00387579050001416
"rough","sawtooth",500,10,0.1,"Stukel",0.1328,0.1124,0.1156,5000,0.00479925327525022
"rough","sawtooth",500,10,0.01,"Tsiatis",0.5222,0.5342,0.0094,5000,0.00706409456335347
"rough","sawtooth",500,10,0.05,"Tsiatis",0.7306,0.7342,0.049,5000,0.00627413165306563
"rough","sawtooth",500,10,0.1,"Tsiatis",0.8146,0.811,0.1024,5000,0.00549594104771876
"rough","sawtooth",500,10,0.01,"Xie",0.464,0.5324,0.0053,5000,0.00705271578897094
"rough","sawtooth",500,10,0.05,"Xie",0.6834,0.72,0.0386,5000,0.0065782131312386
"rough","sawtooth",500,10,0.1,"Xie",0.7884,0.816,0.084,5000,0.00577625207206195
"rough","bump",500,10,0.01,"DEF.poly2",0.542,0.5358,0.0107,5000,0.00704607692265703
"rough","bump",500,10,0.05,"DEF.poly2",0.7594,0.7646,0.0482,5000,0.00604502506198279
"rough","bump",500,10,0.1,"DEF.poly2",0.8474,0.8504,0.0983,5000,0.00508553320704919
"rough","bump",500,10,0.01,"DEF.poly3",0.504,0.5132,0.0092,5000,0.00707084153407499
"rough","bump",500,10,0.05,"DEF.poly3",0.7216,0.7208,0.0507,5000,0.0063386661057355
"rough","bump",500,10,0.1,"DEF.poly3",0.8102,0.8112,0.0991,5000,0.00554573638031957
"rough","bump",500,10,0.01,"DEF.stukel",0.4832,0.4594,0.0107,5000,0.00706707520831638
"rough","bump",500,10,0.05,"DEF.stukel",0.6824,0.6614,0.0501,5000,0.00658377156347333
"rough","bump",500,10,0.1,"DEF.stukel",0.7702,0.7604,0.0961,5000,0.0059496547799011
"rough","bump",500,10,0.01,"EF",0.2832,0.2816,0.0102,5000,0.00637177777390266
"rough","bump",500,10,0.05,"EF",0.5086,0.5122,0.0496,5000,0.00707002178214466
"rough","bump",500,10,0.1,"EF",0.6342,0.6348,0.0998,5000,0.00681161302482753
"rough","bump",500,10,0.01,"HL",0.319,0.3194,0.01,5000,0.0065914945194546
"rough","bump",500,10,0.05,"HL",0.542,0.5442,0.0493,5000,0.00704607692265703
"rough","bump",500,10,0.1,"HL",0.6746,0.6748,0.0998,5000,0.00662593148168618
"rough","bump",500,10,0.01,"HL-equalwidth",0.3024,0.2138,0.0106,5000,0.00649544825243031
"rough","bump",500,10,0.05,"HL-equalwidth",0.5356,0.4396,0.0498,5000,0.00705312186198424
"rough","bump",500,10,0.1,"HL-equalwidth",0.6552,0.5664,0.0994,5000,0.00672179975899312
"rough","bump",500,10,0.01,"Pigeon-Heyse",0.2578,0.3192,0.0059,5000,0.00618609990220009
"rough","bump",500,10,0.05,"Pigeon-Heyse",0.4732,0.5444,0.031,5000,0.00706090305839133
"rough","bump",500,10,0.1,"Pigeon-Heyse",0.5942,0.6744,0.066,5000,0.00694444180622172
"rough","bump",500,10,0.01,"Stukel",0.6298,0.495,0.0241,5000,0.00682864496075173
"rough","bump",500,10,0.05,"Stukel",0.7814,0.7362,0.0694,5000,0.00584489589299929
"rough","bump",500,10,0.1,"Stukel",0.8482,0.832,0.1156,5000,0.00507457899731594
"rough","bump",500,10,0.01,"Tsiatis",0.3014,0.3122,0.0094,5000,0.0064893457297327
"rough","bump",500,10,0.05,"Tsiatis",0.5302,0.5334,0.049,5000,0.007058157833316
"rough","bump",500,10,0.1,"Tsiatis",0.6578,0.6538,0.1024,5000,0.00670968195967588
"rough","bump",500,10,0.01,"Xie",0.284,0.3512,0.0053,5000,0.00637720942105558
"rough","bump",500,10,0.05,"Xie",0.5114,0.5562,0.0386,5000,0.00706922966100268
"rough","bump",500,10,0.1,"Xie",0.6384,0.6712,0.084,5000,0.00679478388177284
"rough","osc2",1000,10,0.01,"DEF.poly2",0.0136,0.0136,0.0108,5000,0.00163798901095215
"rough","osc2",1000,10,0.05,"DEF.poly2",0.0674,0.068,0.0516,5000,0.00354562378150869
"rough","osc2",1000,10,0.1,"DEF.poly2",0.1248,0.1274,0.1003,5000,0.00467386264239761
"rough","osc2",1000,10,0.01,"DEF.poly3",1,1,0.011,5000,0
"rough","osc2",1000,10,0.05,"DEF.poly3",1,1,0.0516,5000,0
"rough","osc2",1000,10,0.1,"DEF.poly3",1,1,0.1024,5000,0
"rough","osc2",1000,10,0.01,"DEF.stukel",1,1,0.0099,5000,0
"rough","osc2",1000,10,0.05,"DEF.stukel",1,1,0.0498,5000,0
"rough","osc2",1000,10,0.1,"DEF.stukel",1,1,0.098,5000,0
"rough","osc2",1000,10,0.01,"EF",1,1,0.0091,5000,0
"rough","osc2",1000,10,0.05,"EF",1,1,0.0502,5000,0
"rough","osc2",1000,10,0.1,"EF",1,1,0.1018,5000,0
"rough","osc2",1000,10,0.01,"HL",1,1,0.0087,5000,0
"rough","osc2",1000,10,0.05,"HL",1,1,0.0502,5000,0
"rough","osc2",1000,10,0.1,"HL",1,1,0.1029,5000,0
"rough","osc2",1000,10,0.01,"HL-equalwidth",1,1,0.0114,5000,0
"rough","osc2",1000,10,0.05,"HL-equalwidth",1,1,0.0532,5000,0
"rough","osc2",1000,10,0.1,"HL-equalwidth",1,1,0.1019,5000,0
"rough","osc2",1000,10,0.01,"Pigeon-Heyse",1,1,0.0052,5000,0
"rough","osc2",1000,10,0.05,"Pigeon-Heyse",1,1,0.0299,5000,0
"rough","osc2",1000,10,0.1,"Pigeon-Heyse",1,1,0.0682,5000,0
"rough","osc2",1000,10,0.01,"Stukel",0.9992,0.9802,0.0238,5000,0.000399839967987199
"rough","osc2",1000,10,0.05,"Stukel",1,1,0.0707,5000,0
"rough","osc2",1000,10,0.1,"Stukel",1,1,0.1174,5000,0
"rough","osc2",1000,10,0.01,"Tsiatis",1,1,0.0107,5000,0
"rough","osc2",1000,10,0.05,"Tsiatis",1,1,0.0522,5000,0
"rough","osc2",1000,10,0.1,"Tsiatis",1,1,0.1024,5000,0
"rough","osc2",1000,10,0.01,"Xie",1,1,0.0079,5000,0
"rough","osc2",1000,10,0.05,"Xie",1,1,0.0401,5000,0
"rough","osc2",1000,10,0.1,"Xie",1,1,0.0825,5000,0
"rough","osc4",1000,10,0.01,"DEF.poly2",0.018,0.018,0.0108,5000,0.00188021275391909
"rough","osc4",1000,10,0.05,"DEF.poly2",0.0732,0.0746,0.0516,5000,0.00368352439926764
"rough","osc4",1000,10,0.1,"DEF.poly2",0.1322,0.1376,0.1003,5000,0.00479005553203718
"rough","osc4",1000,10,0.01,"DEF.poly3",0.3264,0.322,0.011,5000,0.00663118450957293
"rough","osc4",1000,10,0.05,"DEF.poly3",0.5246,0.5246,0.0516,5000,0.00706250437168006
"rough","osc4",1000,10,0.1,"DEF.poly3",0.6302,0.6282,0.1024,5000,0.00682712179472433
"rough","osc4",1000,10,0.01,"DEF.stukel",0.4804,0.469,0.0099,5000,0.00706563288035828
"rough","osc4",1000,10,0.05,"DEF.stukel",0.6696,0.6574,0.0498,5000,0.00665185447826394
"rough","osc4",1000,10,0.1,"DEF.stukel",0.7654,0.756,0.098,5000,0.00599270957080351
"rough","osc4",1000,10,0.01,"EF",1,1,0.0091,5000,0
"rough","osc4",1000,10,0.05,"EF",1,1,0.0502,5000,0
"rough","osc4",1000,10,0.1,"EF",1,1,0.1018,5000,0
"rough","osc4",1000,10,0.01,"HL",1,1,0.0087,5000,0
"rough","osc4",1000,10,0.05,"HL",1,1,0.0502,5000,0
"rough","osc4",1000,10,0.1,"HL",1,1,0.1029,5000,0
"rough","osc4",1000,10,0.01,"HL-equalwidth",0.9962,0.9938,0.0114,5000,0.000870121830550185
"rough","osc4",1000,10,0.05,"HL-equalwidth",0.9978,0.9968,0.0532,5000,0.000662594898863548
"rough","osc4",1000,10,0.1,"HL-equalwidth",0.9982,0.9974,0.1019,5000,0.000599459756781058
"rough","osc4",1000,10,0.01,"Pigeon-Heyse",1,1,0.0052,5000,0
"rough","osc4",1000,10,0.05,"Pigeon-Heyse",1,1,0.0299,5000,0
"rough","osc4",1000,10,0.1,"Pigeon-Heyse",1,1,0.0682,5000,0
"rough","osc4",1000,10,0.01,"Stukel",0.0698,0.0286,0.0238,5000,0.00360355269144216
"rough","osc4",1000,10,0.05,"Stukel",0.18,0.133,0.0707,5000,0.00543323108288245
"rough","osc4",1000,10,0.1,"Stukel",0.2912,0.2522,0.1174,5000,0.00642499120621966
"rough","osc4",1000,10,0.01,"Tsiatis",1,1,0.0107,5000,0
"rough","osc4",1000,10,0.05,"Tsiatis",1,1,0.0522,5000,0
"rough","osc4",1000,10,0.1,"Tsiatis",1,1,0.1024,5000,0
"rough","osc4",1000,10,0.01,"Xie",1,1,0.0079,5000,0
"rough","osc4",1000,10,0.05,"Xie",1,1,0.0401,5000,0
"rough","osc4",1000,10,0.1,"Xie",1,1,0.0825,5000,0
"rough","sawtooth",1000,10,0.01,"DEF.poly2",0.011,0.0102,0.0108,5000,0.00147505932084103
"rough","sawtooth",1000,10,0.05,"DEF.poly2",0.053,0.053,0.0516,5000,0.00316831185333767
"rough","sawtooth",1000,10,0.1,"DEF.poly2",0.1062,0.108,0.1003,5000,0.00435709903490843
"rough","sawtooth",1000,10,0.01,"DEF.poly3",0.0358,0.0342,0.011,5000,0.00262748396760094
"rough","sawtooth",1000,10,0.05,"DEF.poly3",0.1082,0.1076,0.0516,5000,0.00439301172318035
"rough","sawtooth",1000,10,0.1,"DEF.poly3",0.1836,0.1816,0.1024,5000,0.00547523588532951
"rough","sawtooth",1000,10,0.01,"DEF.stukel",0.062,0.0608,0.0099,5000,0.00341045451516363
"rough","sawtooth",1000,10,0.05,"DEF.stukel",0.1654,0.1606,0.0498,5000,0.00525438559681339
"rough","sawtooth",1000,10,0.1,"DEF.stukel",0.2412,0.238,0.098,5000,0.00605016627870673
"rough","sawtooth",1000,10,0.01,"EF",0.8566,0.8702,0.0091,5000,0.00495653992216344
"rough","sawtooth",1000,10,0.05,"EF",0.9474,0.947,0.0502,5000,0.00315699984162179
"rough","sawtooth",1000,10,0.1,"EF",0.9708,0.9698,0.1018,5000,0.00238106530779817
"rough","sawtooth",1000,10,0.01,"HL",0.858,0.8708,0.0087,5000,0.0049363144146215
"rough","sawtooth",1000,10,0.05,"HL",0.9486,0.9486,0.0502,5000,0.00312275647465504
"rough","sawtooth",1000,10,0.1,"HL",0.9708,0.9698,0.1029,5000,0.00238106530779817
"rough","sawtooth",1000,10,0.01,"HL-equalwidth",0.7552,0.6884,0.0114,5000,0.00608067364689144
"rough","sawtooth",1000,10,0.05,"HL-equalwidth",0.875,0.834,0.0532,5000,0.00467707173346743
"rough","sawtooth",1000,10,0.1,"HL-equalwidth",0.92,0.8944,0.1019,5000,0.00383666521865017
"rough","sawtooth",1000,10,0.01,"Pigeon-Heyse",0.813,0.8702,0.0052,5000,0.0055141817162658
"rough","sawtooth",1000,10,0.05,"Pigeon-Heyse",0.9282,0.9486,0.0299,5000,0.00365088372863338
"rough","sawtooth",1000,10,0.1,"Pigeon-Heyse",0.9582,0.9698,0.0682,5000,0.00283029185774188
"rough","sawtooth",1000,10,0.01,"Stukel",0.0276,0.01,0.0238,5000,0.00231681850821336
"rough","sawtooth",1000,10,0.05,"Stukel",0.0816,0.0578,0.0707,5000,0.0038714710382489
"rough","sawtooth",1000,10,0.1,"Stukel",0.1288,0.1124,0.1174,5000,0.00473731062946056
"rough","sawtooth",1000,10,0.01,"Tsiatis",0.8644,0.86,0.0107,5000,0.00484174844451878
"rough","sawtooth",1000,10,0.05,"Tsiatis",0.9486,0.9474,0.0522,5000,0.00312275647465504
"rough","sawtooth",1000,10,0.1,"Tsiatis",0.9726,0.9714,0.1024,5000,0.00230864635663412
"rough","sawtooth",1000,10,0.01,"Xie",0.8608,0.882,0.0079,5000,0.0048953725088087
"rough","sawtooth",1000,10,0.05,"Xie",0.9504,0.9558,0.0401,5000,0.00307049963361014
"rough","sawtooth",1000,10,0.1,"Xie",0.973,0.9778,0.0825,5000,0.00229220417938717
"rough","bump",1000,10,0.01,"DEF.poly2",0.8906,0.886,0.0108,5000,0.00441433211256244
"rough","bump",1000,10,0.05,"DEF.poly2",0.9648,0.9646,0.0516,5000,0.00260618341641566
"rough","bump",1000,10,0.1,"DEF.poly2",0.9814,0.9816,0.1003,5000,0.0019107087690174
"rough","bump",1000,10,0.01,"DEF.poly3",0.88,0.8746,0.011,5000,0.00459565011723042
"rough","bump",1000,10,0.05,"DEF.poly3",0.9586,0.958,0.0516,5000,0.00281730509529941
"rough","bump",1000,10,0.1,"DEF.poly3",0.9766,0.9758,0.1024,5000,0.00213786996798215
"rough","bump",1000,10,0.01,"DEF.stukel",0.8422,0.8288,0.0099,5000,0.00515556320880658
"rough","bump",1000,10,0.05,"DEF.stukel",0.937,0.9304,0.0498,5000,0.00343601513384327
"rough","bump",1000,10,0.1,"DEF.stukel",0.9646,0.9592,0.098,5000,0.00261330595223751
"rough","bump",1000,10,0.01,"EF",0.7066,0.726,0.0091,5000,0.00643919932910917
"rough","bump",1000,10,0.05,"EF",0.8696,0.8694,0.0502,5000,0.00476226500732582
"rough","bump",1000,10,0.1,"EF",0.923,0.9224,0.1018,5000,0.00377017240985077
"rough","bump",1000,10,0.01,"HL",0.7298,0.7438,0.0087,5000,0.00627999936305729
"rough","bump",1000,10,0.05,"HL",0.8848,0.8846,0.0502,5000,0.00451506279026106
"rough","bump",1000,10,0.1,"HL",0.9326,0.9308,0.1029,5000,0.00354562378150869
"rough","bump",1000,10,0.01,"HL-equalwidth",0.7222,0.637,0.0114,5000,0.00633446382892822
"rough","bump",1000,10,0.05,"HL-equalwidth",0.8844,0.8234,0.0532,5000,0.00452187217864459
"rough","bump",1000,10,0.1,"HL-equalwidth",0.934,0.8988,0.1019,5000,0.00351123909752668
"rough","bump",1000,10,0.01,"Pigeon-Heyse",0.6702,0.7432,0.0052,5000,0.00664878876187235
"rough","bump",1000,10,0.05,"Pigeon-Heyse",0.8464,0.8844,0.0299,5000,0.00509915757748277
"rough","bump",1000,10,0.1,"Pigeon-Heyse",0.9078,0.9308,0.0682,5000,0.00409143397844814
"rough","bump",1000,10,0.01,"Stukel",0.9272,0.864,0.0238,5000,0.00367423896882062
"rough","bump",1000,10,0.05,"Stukel",0.9714,0.9598,0.0707,5000,0.0023572034277932
"rough","bump",1000,10,0.1,"Stukel",0.9822,0.9788,0.1174,5000,0.00186992834087299
"rough","bump",1000,10,0.01,"Tsiatis",0.7072,0.6976,0.0107,5000,0.00643534241513224
"rough","bump",1000,10,0.05,"Tsiatis",0.873,0.8692,0.0522,5000,0.00470894892730851
"rough","bump",1000,10,0.1,"Tsiatis",0.9246,0.9222,0.1024,5000,0.00373402838767999
"rough","bump",1000,10,0.01,"Xie",0.6984,0.7306,0.0079,5000,0.00649056915840206
"rough","bump",1000,10,0.05,"Xie",0.8682,0.884,0.0401,5000,0.00478390551746165
"rough","bump",1000,10,0.1,"Xie",0.9214,0.9358,0.0825,5000,0.00380583867235594
"rough","osc2",2000,10,0.01,"DEF.poly2",0.017,0.021,0.0099,5000,0.00182816848238886
"rough","osc2",2000,10,0.05,"DEF.poly2",0.0676,0.0722,0.0489,5000,0.0035504996831432
"rough","osc2",2000,10,0.1,"DEF.poly2",0.1262,0.14,0.0925,5000,0.0046962444570103
"rough","osc2",2000,10,0.01,"DEF.poly3",1,1,0.012,5000,0
"rough","osc2",2000,10,0.05,"DEF.poly3",1,1,0.0501,5000,0
"rough","osc2",2000,10,0.1,"DEF.poly3",1,1,0.099,5000,0
"rough","osc2",2000,10,0.01,"DEF.stukel",1,1,0.0124,5000,0
"rough","osc2",2000,10,0.05,"DEF.stukel",1,1,0.0512,5000,0
"rough","osc2",2000,10,0.1,"DEF.stukel",1,1,0.1004,5000,0
"rough","osc2",2000,10,0.01,"EF",1,1,0.01,5000,0
"rough","osc2",2000,10,0.05,"EF",1,1,0.0493,5000,0
"rough","osc2",2000,10,0.1,"EF",1,1,0.0962,5000,0
"rough","osc2",2000,10,0.01,"HL",1,1,0.01,5000,0
"rough","osc2",2000,10,0.05,"HL",1,1,0.0491,5000,0
"rough","osc2",2000,10,0.1,"HL",1,1,0.0964,5000,0
"rough","osc2",2000,10,0.01,"HL-equalwidth",1,1,0.012,5000,0
"rough","osc2",2000,10,0.05,"HL-equalwidth",1,1,0.0541,5000,0
"rough","osc2",2000,10,0.1,"HL-equalwidth",1,1,0.103,5000,0
"rough","osc2",2000,10,0.01,"Pigeon-Heyse",1,1,0.0058,5000,0
"rough","osc2",2000,10,0.05,"Pigeon-Heyse",1,1,0.0321,5000,0
"rough","osc2",2000,10,0.1,"Pigeon-Heyse",1,1,0.0649,5000,0
"rough","osc2",2000,10,0.01,"Stukel",1,1,0.0227,5000,0
"rough","osc2",2000,10,0.05,"Stukel",1,1,0.0676,5000,0
"rough","osc2",2000,10,0.1,"Stukel",1,1,0.1105,5000,0
"rough","osc2",2000,10,0.01,"Tsiatis",1,1,0.0117,5000,0
"rough","osc2",2000,10,0.05,"Tsiatis",1,1,0.0492,5000,0
"rough","osc2",2000,10,0.1,"Tsiatis",1,1,0.0966,5000,0
"rough","osc2",2000,10,0.01,"Xie",1,1,0.0079,5000,0
"rough","osc2",2000,10,0.05,"Xie",1,1,0.0411,5000,0
"rough","osc2",2000,10,0.1,"Xie",1,1,0.0813,5000,0
"rough","osc4",2000,10,0.01,"DEF.poly2",0.0186,0.0216,0.0099,5000,0.0019107087690174
"rough","osc4",2000,10,0.05,"DEF.poly2",0.0728,0.078,0.0489,5000,0.00367423896882062
"rough","osc4",2000,10,0.1,"DEF.poly2",0.1318,0.1478,0.0925,5000,0.00478390551746165
"rough","osc4",2000,10,0.01,"DEF.poly3",0.649,0.6312,0.012,5000,0.00674979999703695
"rough","osc4",2000,10,0.05,"DEF.poly3",0.8188,0.821,0.0501,5000,0.00544732154365795
"rough","osc4",2000,10,0.1,"DEF.poly3",0.8804,0.8824,0.099,5000,0.00458902691210239
"rough","osc4",2000,10,0.01,"DEF.stukel",0.83,0.81,0.0124,5000,0.00531224999411737
"rough","osc4",2000,10,0.05,"DEF.stukel",0.9226,0.9176,0.0512,5000,0.00377913323395723
"rough","osc4",2000,10,0.1,"DEF.stukel",0.957,0.9544,0.1004,5000,0.00286883251515316
"rough","osc4",2000,10,0.01,"EF",1,1,0.01,5000,0
"rough","osc4",2000,10,0.05,"EF",1,1,0.0493,5000,0
"rough","osc4",2000,10,0.1,"EF",1,1,0.0962,5000,0
"rough","osc4",2000,10,0.01,"HL",1,1,0.01,5000,0
"rough","osc4",2000,10,0.05,"HL",1,1,0.0491,5000,0
"rough","osc4",2000,10,0.1,"HL",1,1,0.0964,5000,0
"rough","osc4",2000,10,0.01,"HL-equalwidth",1,1,0.012,5000,0
"rough","osc4",2000,10,0.05,"HL-equalwidth",1,1,0.0541,5000,0
"rough","osc4",2000,10,0.1,"HL-equalwidth",1,1,0.103,5000,0
"rough","osc4",2000,10,0.01,"Pigeon-Heyse",1,1,0.0058,5000,0
"rough","osc4",2000,10,0.05,"Pigeon-Heyse",1,1,0.0321,5000,0
"rough","osc4",2000,10,0.1,"Pigeon-Heyse",1,1,0.0649,5000,0
"rough","osc4",2000,10,0.01,"Stukel",0.1232,0.0512,0.0227,5000,0.00464804819252124
"rough","osc4",2000,10,0.05,"Stukel",0.331,0.2524,0.0676,5000,0.00665490796330047
"rough","osc4",2000,10,0.1,"Stukel",0.4948,0.466,0.1105,5000,0.00707068539817746
"rough","osc4",2000,10,0.01,"Tsiatis",1,1,0.0117,5000,0
"rough","osc4",2000,10,0.05,"Tsiatis",1,1,0.0492,5000,0
"rough","osc4",2000,10,0.1,"Tsiatis",1,1,0.0966,5000,0
"rough","osc4",2000,10,0.01,"Xie",1,1,0.0079,5000,0
"rough","osc4",2000,10,0.05,"Xie",1,1,0.0411,5000,0
"rough","osc4",2000,10,0.1,"Xie",1,1,0.0813,5000,0
"rough","sawtooth",2000,10,0.01,"DEF.poly2",0.0144,0.0156,0.0099,5000,0.00168479316237929
"rough","sawtooth",2000,10,0.05,"DEF.poly2",0.054,0.0564,0.0489,5000,0.00319637294444813
"rough","sawtooth",2000,10,0.1,"DEF.poly2",0.1076,0.1156,0.0925,5000,0.00438228798688539
"rough","sawtooth",2000,10,0.01,"DEF.poly3",0.0532,0.048,0.012,5000,0.00317394895989208
"rough","sawtooth",2000,10,0.05,"DEF.poly3",0.1586,0.1598,0.0501,5000,0.00516615988912461
"rough","sawtooth",2000,10,0.1,"DEF.poly3",0.2424,0.2458,0.099,5000,0.00606039998679955
"rough","sawtooth",2000,10,0.01,"DEF.stukel",0.1188,0.1054,0.0124,5000,0.00457573076131015
"rough","sawtooth",2000,10,0.05,"DEF.stukel",0.2566,0.248,0.0512,5000,0.00617667289080456
"rough","sawtooth",2000,10,0.1,"DEF.stukel",0.3606,0.3516,0.1004,5000,0.00679069422077007
"rough","sawtooth",2000,10,0.01,"EF",0.9968,0.9968,0.01,5000,0.000798718974358313
"rough","sawtooth",2000,10,0.05,"EF",0.9996,0.9996,0.0493,5000,0.000282786138274123
"rough","sawtooth",2000,10,0.1,"EF",1,1,0.0962,5000,0
"rough","sawtooth",2000,10,0.01,"HL",0.9968,0.9968,0.01,5000,0.000798718974358313
"rough","sawtooth",2000,10,0.05,"HL",0.9996,0.9996,0.0491,5000,0.000282786138274123
"rough","sawtooth",2000,10,0.1,"HL",1,1,0.0964,5000,0
"rough","sawtooth",2000,10,0.01,"HL-equalwidth",0.9708,0.9514,0.012,5000,0.00238106530779817
"rough","sawtooth",2000,10,0.05,"HL-equalwidth",0.9928,0.9884,0.0541,5000,0.00119567219587979
"rough","sawtooth",2000,10,0.1,"HL-equalwidth",0.9972,0.995,0.103,5000,0.000747283078893136
"rough","sawtooth",2000,10,0.01,"Pigeon-Heyse",0.994,0.9968,0.0058,5000,0.00109215383531808
"rough","sawtooth",2000,10,0.05,"Pigeon-Heyse",0.9988,0.9996,0.0321,5000,0.000489603921552918
"rough","sawtooth",2000,10,0.1,"Pigeon-Heyse",0.9998,1,0.0649,5000,0.000199979998999889
"rough","sawtooth",2000,10,0.01,"Stukel",0.0322,0.0142,0.0227,5000,0.00249652398346181
"rough","sawtooth",2000,10,0.05,"Stukel",0.0912,0.0666,0.0676,5000,0.00407142628571364
"rough","sawtooth",2000,10,0.1,"Stukel",0.1496,0.1366,0.1105,5000,0.00504420142341679
"rough","sawtooth",2000,10,0.01,"Tsiatis",0.994,0.993,0.0117,5000,0.00109215383531808
"rough","sawtooth",2000,10,0.05,"Tsiatis",0.9992,0.9992,0.0492,5000,0.000399839967987199
"rough","sawtooth",2000,10,0.1,"Tsiatis",0.9998,0.9998,0.0966,5000,0.000199979998999889
"rough","sawtooth",2000,10,0.01,"Xie",0.9968,0.997,0.0079,5000,0.000798718974358313
"rough","sawtooth",2000,10,0.05,"Xie",0.9994,0.9998,0.0411,5000,0.000346306222872199
"rough","sawtooth",2000,10,0.1,"Xie",0.9998,0.9998,0.0813,5000,0.000199979998999889
"rough","bump",2000,10,0.01,"DEF.poly2",0.9978,0.998,0.0099,5000,0.000662594898863548
"rough","bump",2000,10,0.05,"DEF.poly2",0.9998,0.9998,0.0489,5000,0.000199979998999889
"rough","bump",2000,10,0.1,"DEF.poly2",1,1,0.0925,5000,0
"rough","bump",2000,10,0.01,"DEF.poly3",0.9978,0.9976,0.012,5000,0.000662594898863548
"rough","bump",2000,10,0.05,"DEF.poly3",0.9996,0.9996,0.0501,5000,0.000282786138274123
"rough","bump",2000,10,0.1,"DEF.poly3",1,1,0.099,5000,0
"rough","bump",2000,10,0.01,"DEF.stukel",0.995,0.9924,0.0124,5000,0.000997496867163001
"rough","bump",2000,10,0.05,"DEF.stukel",0.999,0.9986,0.0512,5000,0.00044698993277254
"rough","bump",2000,10,0.1,"DEF.stukel",0.9996,0.9994,0.1004,5000,0.000282786138274123
"rough","bump",2000,10,0.01,"EF",0.9854,0.9854,0.01,5000,0.00169628063715884
"rough","bump",2000,10,0.05,"EF",0.997,0.997,0.0493,5000,0.000773433901506781
"rough","bump",2000,10,0.1,"EF",0.9988,0.999,0.0962,5000,0.000489603921552918
"rough","bump",2000,10,0.01,"HL",0.9872,0.9878,0.01,5000,0.0015897270205919
"rough","bump",2000,10,0.05,"HL",0.9974,0.9974,0.0491,5000,0.000720172201629589
"rough","bump",2000,10,0.1,"HL",0.9992,0.9994,0.0964,5000,0.000399839967987199
"rough","bump",2000,10,0.01,"HL-equalwidth",0.9858,0.9668,0.012,5000,0.00167322204145176
"rough","bump",2000,10,0.05,"HL-equalwidth",0.9972,0.9944,0.0541,5000,0.000747283078893136
"rough","bump",2000,10,0.1,"HL-equalwidth",0.999,0.998,0.103,5000,0.00044698993277254
"rough","bump",2000,10,0.01,"Pigeon-Heyse",0.98,0.9874,0.0058,5000,0.00197989898732233
"rough","bump",2000,10,0.05,"Pigeon-Heyse",0.9956,0.9974,0.0321,5000,0.000936017093861
"rough","bump",2000,10,0.1,"Pigeon-Heyse",0.998,0.9994,0.0649,5000,0.000631822759957253
"rough","bump",2000,10,0.01,"Stukel",0.999,0.9966,0.0227,5000,0.00044698993277254
"rough","bump",2000,10,0.05,"Stukel",0.9998,0.9998,0.0676,5000,0.000199979998999889
"rough","bump",2000,10,0.1,"Stukel",0.9998,0.9998,0.1105,5000,0.000199979998999889
"rough","bump",2000,10,0.01,"Tsiatis",0.982,0.9798,0.0117,5000,0.00188021275391909
"rough","bump",2000,10,0.05,"Tsiatis",0.997,0.9976,0.0492,5000,0.000773433901506781
"rough","bump",2000,10,0.1,"Tsiatis",0.9992,0.9992,0.0966,5000,0.000399839967987199
"rough","bump",2000,10,0.01,"Xie",0.981,0.9842,0.0079,5000,0.00193075114916449
"rough","bump",2000,10,0.05,"Xie",0.997,0.9972,0.0411,5000,0.000773433901506781
"rough","bump",2000,10,0.1,"Xie",0.9988,0.9992,0.0813,5000,0.000489603921552918
